region_id,region_name,region_type,state_name,year,zhvi,as_of_month
394297,"Aberdeen, SD",msa,SD,2009,130297.0,12
394297,"Aberdeen, SD",msa,SD,2010,132591.0,12
394297,"Aberdeen, SD",msa,SD,2011,133585.0,12
394297,"Aberdeen, SD",msa,SD,2012,145650.0,12
394297,"Aberdeen, SD",msa,SD,2013,148696.0,12
394297,"Aberdeen, SD",msa,SD,2014,147426.0,12
394297,"Aberdeen, SD",msa,SD,2015,147122.0,12
394297,"Aberdeen, SD",msa,SD,2016,151984.0,12
394297,"Aberdeen, SD",msa,SD,2017,157298.0,12
394297,"Aberdeen, SD",msa,SD,2018,160898.0,12
394297,"Aberdeen, SD",msa,SD,2019,171208.0,12
394297,"Aberdeen, SD",msa,SD,2020,184458.0,12
394297,"Aberdeen, SD",msa,SD,2021,201359.0,12
394297,"Aberdeen, SD",msa,SD,2022,216409.0,12
394297,"Aberdeen, SD",msa,SD,2023,218838.0,12
394297,"Aberdeen, SD",msa,SD,2024,227212.0,12
394297,"Aberdeen, SD",msa,SD,2025,238138.0,12
394297,"Aberdeen, SD",msa,SD,2026,244926.0,7
394298,"Aberdeen, WA",msa,WA,2009,154631.0,12
394298,"Aberdeen, WA",msa,WA,2010,144409.0,12
394298,"Aberdeen, WA",msa,WA,2011,136887.0,12
394298,"Aberdeen, WA",msa,WA,2012,136817.0,12
394298,"Aberdeen, WA",msa,WA,2013,134133.0,12
394298,"Aberdeen, WA",msa,WA,2014,134526.0,12
394298,"Aberdeen, WA",msa,WA,2015,144672.0,12
394298,"Aberdeen, WA",msa,WA,2016,156069.0,12
394298,"Aberdeen, WA",msa,WA,2017,177142.0,12
394298,"Aberdeen, WA",msa,WA,2018,200692.0,12
394298,"Aberdeen, WA",msa,WA,2019,227207.0,12
394298,"Aberdeen, WA",msa,WA,2020,265271.0,12
394298,"Aberdeen, WA",msa,WA,2021,321053.0,12
394298,"Aberdeen, WA",msa,WA,2022,331557.0,12
394298,"Aberdeen, WA",msa,WA,2023,332465.0,12
394298,"Aberdeen, WA",msa,WA,2024,336023.0,12
394298,"Aberdeen, WA",msa,WA,2025,328389.0,12
394298,"Aberdeen, WA",msa,WA,2026,325918.0,7
394299,"Abilene, TX",msa,TX,2009,112139.0,12
394299,"Abilene, TX",msa,TX,2010,111344.0,12
394299,"Abilene, TX",msa,TX,2011,108140.0,12
394299,"Abilene, TX",msa,TX,2012,111533.0,12
394299,"Abilene, TX",msa,TX,2013,116597.0,12
394299,"Abilene, TX",msa,TX,2014,123261.0,12
394299,"Abilene, TX",msa,TX,2015,130080.0,12
394299,"Abilene, TX",msa,TX,2016,135723.0,12
394299,"Abilene, TX",msa,TX,2017,139835.0,12
394299,"Abilene, TX",msa,TX,2018,148766.0,12
394299,"Abilene, TX",msa,TX,2019,151316.0,12
394299,"Abilene, TX",msa,TX,2020,164371.0,12
394299,"Abilene, TX",msa,TX,2021,185079.0,12
394299,"Abilene, TX",msa,TX,2022,199064.0,12
394299,"Abilene, TX",msa,TX,2023,201797.0,12
394299,"Abilene, TX",msa,TX,2024,204538.0,12
394299,"Abilene, TX",msa,TX,2025,208515.0,12
394299,"Abilene, TX",msa,TX,2026,220955.0,7
394300,"Ada, OK",msa,OK,2000,73072.0,12
394300,"Ada, OK",msa,OK,2001,75967.0,12
394300,"Ada, OK",msa,OK,2002,78513.0,12
394300,"Ada, OK",msa,OK,2003,80948.0,12
394300,"Ada, OK",msa,OK,2004,84035.0,12
394300,"Ada, OK",msa,OK,2005,88438.0,12
394300,"Ada, OK",msa,OK,2006,92585.0,12
394300,"Ada, OK",msa,OK,2007,100005.0,12
394300,"Ada, OK",msa,OK,2008,105207.0,12
394300,"Ada, OK",msa,OK,2009,110515.0,12
394300,"Ada, OK",msa,OK,2010,111366.0,12
394300,"Ada, OK",msa,OK,2011,106601.0,12
394300,"Ada, OK",msa,OK,2012,105553.0,12
394300,"Ada, OK",msa,OK,2013,104308.0,12
394300,"Ada, OK",msa,OK,2014,108189.0,12
394300,"Ada, OK",msa,OK,2015,111710.0,12
394300,"Ada, OK",msa,OK,2016,111488.0,12
394300,"Ada, OK",msa,OK,2017,114990.0,12
394300,"Ada, OK",msa,OK,2018,121017.0,12
394300,"Ada, OK",msa,OK,2019,124512.0,12
394300,"Ada, OK",msa,OK,2020,137125.0,12
394300,"Ada, OK",msa,OK,2021,158540.0,12
394300,"Ada, OK",msa,OK,2022,178297.0,12
394300,"Ada, OK",msa,OK,2023,178166.0,12
394300,"Ada, OK",msa,OK,2024,181776.0,12
394300,"Ada, OK",msa,OK,2025,184150.0,12
394300,"Ada, OK",msa,OK,2026,191262.0,7
394302,"Adrian, MI",msa,MI,2000,103245.0,12
394302,"Adrian, MI",msa,MI,2001,107097.0,12
394302,"Adrian, MI",msa,MI,2002,109218.0,12
394302,"Adrian, MI",msa,MI,2003,113719.0,12
394302,"Adrian, MI",msa,MI,2004,120433.0,12
394302,"Adrian, MI",msa,MI,2005,126574.0,12
394302,"Adrian, MI",msa,MI,2006,127542.0,12
394302,"Adrian, MI",msa,MI,2007,120780.0,12
394302,"Adrian, MI",msa,MI,2008,113628.0,12
394302,"Adrian, MI",msa,MI,2009,102126.0,12
394302,"Adrian, MI",msa,MI,2010,97369.0,12
394302,"Adrian, MI",msa,MI,2011,93945.0,12
394302,"Adrian, MI",msa,MI,2012,99508.0,12
394302,"Adrian, MI",msa,MI,2013,112339.0,12
394302,"Adrian, MI",msa,MI,2014,117378.0,12
394302,"Adrian, MI",msa,MI,2015,125898.0,12
394302,"Adrian, MI",msa,MI,2016,135423.0,12
394302,"Adrian, MI",msa,MI,2017,148006.0,12
394302,"Adrian, MI",msa,MI,2018,154870.0,12
394302,"Adrian, MI",msa,MI,2019,164421.0,12
394302,"Adrian, MI",msa,MI,2020,181089.0,12
394302,"Adrian, MI",msa,MI,2021,199989.0,12
394302,"Adrian, MI",msa,MI,2022,218858.0,12
394302,"Adrian, MI",msa,MI,2023,227234.0,12
394302,"Adrian, MI",msa,MI,2024,231883.0,12
394302,"Adrian, MI",msa,MI,2025,241707.0,12
394302,"Adrian, MI",msa,MI,2026,247941.0,7
394304,"Akron, OH",msa,OH,2000,115092.0,12
394304,"Akron, OH",msa,OH,2001,119306.0,12
394304,"Akron, OH",msa,OH,2002,122956.0,12
394304,"Akron, OH",msa,OH,2003,128228.0,12
394304,"Akron, OH",msa,OH,2004,131527.0,12
394304,"Akron, OH",msa,OH,2005,134816.0,12
394304,"Akron, OH",msa,OH,2006,136445.0,12
394304,"Akron, OH",msa,OH,2007,134509.0,12
394304,"Akron, OH",msa,OH,2008,130774.0,12
394304,"Akron, OH",msa,OH,2009,125600.0,12
394304,"Akron, OH",msa,OH,2010,122157.0,12
394304,"Akron, OH",msa,OH,2011,115156.0,12
394304,"Akron, OH",msa,OH,2012,114079.0,12
394304,"Akron, OH",msa,OH,2013,119033.0,12
394304,"Akron, OH",msa,OH,2014,121085.0,12
394304,"Akron, OH",msa,OH,2015,126652.0,12
394304,"Akron, OH",msa,OH,2016,132145.0,12
394304,"Akron, OH",msa,OH,2017,139779.0,12
394304,"Akron, OH",msa,OH,2018,147984.0,12
394304,"Akron, OH",msa,OH,2019,155354.0,12
394304,"Akron, OH",msa,OH,2020,171567.0,12
394304,"Akron, OH",msa,OH,2021,187578.0,12
394304,"Akron, OH",msa,OH,2022,204356.0,12
394304,"Akron, OH",msa,OH,2023,215822.0,12
394304,"Akron, OH",msa,OH,2024,228604.0,12
394304,"Akron, OH",msa,OH,2025,237701.0,12
394304,"Akron, OH",msa,OH,2026,243507.0,7
394305,"Alamogordo, NM",msa,NM,2016,124617.0,12
394305,"Alamogordo, NM",msa,NM,2017,128719.0,12
394305,"Alamogordo, NM",msa,NM,2018,132233.0,12
394305,"Alamogordo, NM",msa,NM,2019,140016.0,12
394305,"Alamogordo, NM",msa,NM,2020,154372.0,12
394305,"Alamogordo, NM",msa,NM,2021,178836.0,12
394305,"Alamogordo, NM",msa,NM,2022,204901.0,12
394305,"Alamogordo, NM",msa,NM,2023,217123.0,12
394305,"Alamogordo, NM",msa,NM,2024,232367.0,12
394305,"Alamogordo, NM",msa,NM,2025,231856.0,12
394305,"Alamogordo, NM",msa,NM,2026,231297.0,7
394306,"Albany, GA",msa,GA,2000,93342.0,12
394306,"Albany, GA",msa,GA,2001,98201.0,12
394306,"Albany, GA",msa,GA,2002,101361.0,12
394306,"Albany, GA",msa,GA,2003,104250.0,12
394306,"Albany, GA",msa,GA,2004,109698.0,12
394306,"Albany, GA",msa,GA,2005,111925.0,12
394306,"Albany, GA",msa,GA,2006,117728.0,12
394306,"Albany, GA",msa,GA,2007,120522.0,12
394306,"Albany, GA",msa,GA,2008,117108.0,12
394306,"Albany, GA",msa,GA,2009,108724.0,12
394306,"Albany, GA",msa,GA,2010,104080.0,12
394306,"Albany, GA",msa,GA,2011,98028.0,12
394306,"Albany, GA",msa,GA,2012,97153.0,12
394306,"Albany, GA",msa,GA,2013,96821.0,12
394306,"Albany, GA",msa,GA,2014,94973.0,12
394306,"Albany, GA",msa,GA,2015,97073.0,12
394306,"Albany, GA",msa,GA,2016,93618.0,12
394306,"Albany, GA",msa,GA,2017,94836.0,12
394306,"Albany, GA",msa,GA,2018,100914.0,12
394306,"Albany, GA",msa,GA,2019,106418.0,12
394306,"Albany, GA",msa,GA,2020,117734.0,12
394306,"Albany, GA",msa,GA,2021,134226.0,12
394306,"Albany, GA",msa,GA,2022,152359.0,12
394306,"Albany, GA",msa,GA,2023,159398.0,12
394306,"Albany, GA",msa,GA,2024,166807.0,12
394306,"Albany, GA",msa,GA,2025,163936.0,12
394306,"Albany, GA",msa,GA,2026,167805.0,7
394308,"Albany, NY",msa,NY,2000,125061.0,12
394308,"Albany, NY",msa,NY,2001,131168.0,12
394308,"Albany, NY",msa,NY,2002,141006.0,12
394308,"Albany, NY",msa,NY,2003,158618.0,12
394308,"Albany, NY",msa,NY,2004,179468.0,12
394308,"Albany, NY",msa,NY,2005,202538.0,12
394308,"Albany, NY",msa,NY,2006,220146.0,12
394308,"Albany, NY",msa,NY,2007,223654.0,12
394308,"Albany, NY",msa,NY,2008,219148.0,12
394308,"Albany, NY",msa,NY,2009,214825.0,12
394308,"Albany, NY",msa,NY,2010,212899.0,12
394308,"Albany, NY",msa,NY,2011,203843.0,12
394308,"Albany, NY",msa,NY,2012,203719.0,12
394308,"Albany, NY",msa,NY,2013,206220.0,12
394308,"Albany, NY",msa,NY,2014,206612.0,12
394308,"Albany, NY",msa,NY,2015,211297.0,12
394308,"Albany, NY",msa,NY,2016,216823.0,12
394308,"Albany, NY",msa,NY,2017,225918.0,12
394308,"Albany, NY",msa,NY,2018,235370.0,12
394308,"Albany, NY",msa,NY,2019,244771.0,12
394308,"Albany, NY",msa,NY,2020,263096.0,12
394308,"Albany, NY",msa,NY,2021,291189.0,12
394308,"Albany, NY",msa,NY,2022,315298.0,12
394308,"Albany, NY",msa,NY,2023,331261.0,12
394308,"Albany, NY",msa,NY,2024,351239.0,12
394308,"Albany, NY",msa,NY,2025,364452.0,12
394308,"Albany, NY",msa,NY,2026,377793.0,7
394307,"Albany, OR",msa,OR,2008,188814.0,12
394307,"Albany, OR",msa,OR,2009,165838.0,12
394307,"Albany, OR",msa,OR,2010,156787.0,12
394307,"Albany, OR",msa,OR,2011,149647.0,12
394307,"Albany, OR",msa,OR,2012,154000.0,12
394307,"Albany, OR",msa,OR,2013,160339.0,12
394307,"Albany, OR",msa,OR,2014,168737.0,12
394307,"Albany, OR",msa,OR,2015,186200.0,12
394307,"Albany, OR",msa,OR,2016,207019.0,12
394307,"Albany, OR",msa,OR,2017,233701.0,12
394307,"Albany, OR",msa,OR,2018,258184.0,12
394307,"Albany, OR",msa,OR,2019,275170.0,12
394307,"Albany, OR",msa,OR,2020,309282.0,12
394307,"Albany, OR",msa,OR,2021,366695.0,12
394307,"Albany, OR",msa,OR,2022,391360.0,12
394307,"Albany, OR",msa,OR,2023,398046.0,12
394307,"Albany, OR",msa,OR,2024,412319.0,12
394307,"Albany, OR",msa,OR,2025,414738.0,12
394307,"Albany, OR",msa,OR,2026,413795.0,7
394309,"Albemarle, NC",msa,NC,2016,143697.0,12
394309,"Albemarle, NC",msa,NC,2017,153013.0,12
394309,"Albemarle, NC",msa,NC,2018,165654.0,12
394309,"Albemarle, NC",msa,NC,2019,173786.0,12
394309,"Albemarle, NC",msa,NC,2020,201723.0,12
394309,"Albemarle, NC",msa,NC,2021,234402.0,12
394309,"Albemarle, NC",msa,NC,2022,276396.0,12
394309,"Albemarle, NC",msa,NC,2023,285782.0,12
394309,"Albemarle, NC",msa,NC,2024,301422.0,12
394309,"Albemarle, NC",msa,NC,2025,303097.0,12
394309,"Albemarle, NC",msa,NC,2026,307203.0,7
394310,"Albert Lea, MN",msa,MN,2012,87279.0,12
394310,"Albert Lea, MN",msa,MN,2013,89857.0,12
394310,"Albert Lea, MN",msa,MN,2014,90963.0,12
394310,"Albert Lea, MN",msa,MN,2015,97705.0,12
394310,"Albert Lea, MN",msa,MN,2016,104990.0,12
394310,"Albert Lea, MN",msa,MN,2017,112233.0,12
394310,"Albert Lea, MN",msa,MN,2018,119534.0,12
394310,"Albert Lea, MN",msa,MN,2019,128785.0,12
394310,"Albert Lea, MN",msa,MN,2020,140583.0,12
394310,"Albert Lea, MN",msa,MN,2021,160311.0,12
394310,"Albert Lea, MN",msa,MN,2022,173161.0,12
394310,"Albert Lea, MN",msa,MN,2023,183113.0,12
394310,"Albert Lea, MN",msa,MN,2024,188704.0,12
394310,"Albert Lea, MN",msa,MN,2025,195323.0,12
394310,"Albert Lea, MN",msa,MN,2026,200335.0,7
394311,"Albertville, AL",msa,AL,2009,111233.0,12
394311,"Albertville, AL",msa,AL,2010,111051.0,12
394311,"Albertville, AL",msa,AL,2011,105730.0,12
394311,"Albertville, AL",msa,AL,2012,119402.0,12
394311,"Albertville, AL",msa,AL,2013,123801.0,12
394311,"Albertville, AL",msa,AL,2014,128511.0,12
394311,"Albertville, AL",msa,AL,2015,132125.0,12
394311,"Albertville, AL",msa,AL,2016,136034.0,12
394311,"Albertville, AL",msa,AL,2017,138319.0,12
394311,"Albertville, AL",msa,AL,2018,145726.0,12
394311,"Albertville, AL",msa,AL,2019,159544.0,12
394311,"Albertville, AL",msa,AL,2020,177674.0,12
394311,"Albertville, AL",msa,AL,2021,207861.0,12
394311,"Albertville, AL",msa,AL,2022,224139.0,12
394311,"Albertville, AL",msa,AL,2023,229251.0,12
394311,"Albertville, AL",msa,AL,2024,241521.0,12
394311,"Albertville, AL",msa,AL,2025,239599.0,12
394311,"Albertville, AL",msa,AL,2026,244557.0,7
394312,"Albuquerque, NM",msa,NM,2002,142897.0,12
394312,"Albuquerque, NM",msa,NM,2003,147519.0,12
394312,"Albuquerque, NM",msa,NM,2004,155593.0,12
394312,"Albuquerque, NM",msa,NM,2005,171666.0,12
394312,"Albuquerque, NM",msa,NM,2006,196241.0,12
394312,"Albuquerque, NM",msa,NM,2007,204384.0,12
394312,"Albuquerque, NM",msa,NM,2008,192603.0,12
394312,"Albuquerque, NM",msa,NM,2009,184693.0,12
394312,"Albuquerque, NM",msa,NM,2010,175631.0,12
394312,"Albuquerque, NM",msa,NM,2011,168426.0,12
394312,"Albuquerque, NM",msa,NM,2012,166647.0,12
394312,"Albuquerque, NM",msa,NM,2013,169742.0,12
394312,"Albuquerque, NM",msa,NM,2014,172393.0,12
394312,"Albuquerque, NM",msa,NM,2015,178706.0,12
394312,"Albuquerque, NM",msa,NM,2016,186696.0,12
394312,"Albuquerque, NM",msa,NM,2017,192732.0,12
394312,"Albuquerque, NM",msa,NM,2018,200971.0,12
394312,"Albuquerque, NM",msa,NM,2019,215649.0,12
394312,"Albuquerque, NM",msa,NM,2020,242668.0,12
394312,"Albuquerque, NM",msa,NM,2021,282087.0,12
394312,"Albuquerque, NM",msa,NM,2022,314869.0,12
394312,"Albuquerque, NM",msa,NM,2023,333445.0,12
394312,"Albuquerque, NM",msa,NM,2024,345479.0,12
394312,"Albuquerque, NM",msa,NM,2025,349888.0,12
394312,"Albuquerque, NM",msa,NM,2026,352693.0,7
394314,"Alexandria, LA",msa,LA,2000,86599.0,12
394314,"Alexandria, LA",msa,LA,2001,90560.0,12
394314,"Alexandria, LA",msa,LA,2002,93790.0,12
394314,"Alexandria, LA",msa,LA,2003,97064.0,12
394314,"Alexandria, LA",msa,LA,2004,101633.0,12
394314,"Alexandria, LA",msa,LA,2005,98315.0,12
394314,"Alexandria, LA",msa,LA,2006,110004.0,12
394314,"Alexandria, LA",msa,LA,2007,118115.0,12
394314,"Alexandria, LA",msa,LA,2008,119124.0,12
394314,"Alexandria, LA",msa,LA,2009,119070.0,12
394314,"Alexandria, LA",msa,LA,2010,119354.0,12
394314,"Alexandria, LA",msa,LA,2011,120088.0,12
394314,"Alexandria, LA",msa,LA,2012,130419.0,12
394314,"Alexandria, LA",msa,LA,2013,138923.0,12
394314,"Alexandria, LA",msa,LA,2014,140439.0,12
394314,"Alexandria, LA",msa,LA,2015,143340.0,12
394314,"Alexandria, LA",msa,LA,2016,150032.0,12
394314,"Alexandria, LA",msa,LA,2017,151047.0,12
394314,"Alexandria, LA",msa,LA,2018,152978.0,12
394314,"Alexandria, LA",msa,LA,2019,155564.0,12
394314,"Alexandria, LA",msa,LA,2020,166893.0,12
394314,"Alexandria, LA",msa,LA,2021,162102.0,12
394314,"Alexandria, LA",msa,LA,2022,172007.0,12
394314,"Alexandria, LA",msa,LA,2023,169820.0,12
394314,"Alexandria, LA",msa,LA,2024,171993.0,12
394314,"Alexandria, LA",msa,LA,2025,167659.0,12
394314,"Alexandria, LA",msa,LA,2026,171887.0,7
394315,"Alexandria, MN",msa,MN,2003,187067.0,12
394315,"Alexandria, MN",msa,MN,2004,203735.0,12
394315,"Alexandria, MN",msa,MN,2005,205045.0,12
394315,"Alexandria, MN",msa,MN,2006,208761.0,12
394315,"Alexandria, MN",msa,MN,2007,202942.0,12
394315,"Alexandria, MN",msa,MN,2008,194683.0,12
394315,"Alexandria, MN",msa,MN,2009,181091.0,12
394315,"Alexandria, MN",msa,MN,2010,175986.0,12
394315,"Alexandria, MN",msa,MN,2011,165201.0,12
394315,"Alexandria, MN",msa,MN,2012,170857.0,12
394315,"Alexandria, MN",msa,MN,2013,177731.0,12
394315,"Alexandria, MN",msa,MN,2014,183871.0,12
394315,"Alexandria, MN",msa,MN,2015,198222.0,12
394315,"Alexandria, MN",msa,MN,2016,207378.0,12
394315,"Alexandria, MN",msa,MN,2017,217491.0,12
394315,"Alexandria, MN",msa,MN,2018,226906.0,12
394315,"Alexandria, MN",msa,MN,2019,239264.0,12
394315,"Alexandria, MN",msa,MN,2020,260603.0,12
394315,"Alexandria, MN",msa,MN,2021,291795.0,12
394315,"Alexandria, MN",msa,MN,2022,310125.0,12
394315,"Alexandria, MN",msa,MN,2023,325702.0,12
394315,"Alexandria, MN",msa,MN,2024,341133.0,12
394315,"Alexandria, MN",msa,MN,2025,348412.0,12
394315,"Alexandria, MN",msa,MN,2026,355654.0,7
394316,"Alice, TX",msa,TX,2009,172086.0,12
394316,"Alice, TX",msa,TX,2010,165899.0,12
394316,"Alice, TX",msa,TX,2011,163890.0,12
394316,"Alice, TX",msa,TX,2012,161587.0,12
394316,"Alice, TX",msa,TX,2013,163530.0,12
394316,"Alice, TX",msa,TX,2014,158971.0,12
394316,"Alice, TX",msa,TX,2015,167723.0,12
394316,"Alice, TX",msa,TX,2016,158244.0,12
394316,"Alice, TX",msa,TX,2017,147909.0,12
394316,"Alice, TX",msa,TX,2018,153491.0,12
394316,"Alice, TX",msa,TX,2019,159439.0,12
394316,"Alice, TX",msa,TX,2020,167239.0,12
394316,"Alice, TX",msa,TX,2021,157458.0,12
394316,"Alice, TX",msa,TX,2022,150530.0,12
394316,"Alice, TX",msa,TX,2023,140836.0,12
394316,"Alice, TX",msa,TX,2024,138446.0,12
394316,"Alice, TX",msa,TX,2025,131692.0,12
394316,"Alice, TX",msa,TX,2026,124190.0,7
394318,"Allentown, PA",msa,PA,2000,128702.0,12
394318,"Allentown, PA",msa,PA,2001,136543.0,12
394318,"Allentown, PA",msa,PA,2002,147654.0,12
394318,"Allentown, PA",msa,PA,2003,164995.0,12
394318,"Allentown, PA",msa,PA,2004,185386.0,12
394318,"Allentown, PA",msa,PA,2005,214358.0,12
394318,"Allentown, PA",msa,PA,2006,232940.0,12
394318,"Allentown, PA",msa,PA,2007,233063.0,12
394318,"Allentown, PA",msa,PA,2008,221404.0,12
394318,"Allentown, PA",msa,PA,2009,207524.0,12
394318,"Allentown, PA",msa,PA,2010,202756.0,12
394318,"Allentown, PA",msa,PA,2011,188647.0,12
394318,"Allentown, PA",msa,PA,2012,183881.0,12
394318,"Allentown, PA",msa,PA,2013,186368.0,12
394318,"Allentown, PA",msa,PA,2014,191208.0,12
394318,"Allentown, PA",msa,PA,2015,195332.0,12
394318,"Allentown, PA",msa,PA,2016,199909.0,12
394318,"Allentown, PA",msa,PA,2017,208419.0,12
394318,"Allentown, PA",msa,PA,2018,218135.0,12
394318,"Allentown, PA",msa,PA,2019,226174.0,12
394318,"Allentown, PA",msa,PA,2020,250889.0,12
394318,"Allentown, PA",msa,PA,2021,283354.0,12
394318,"Allentown, PA",msa,PA,2022,313856.0,12
394318,"Allentown, PA",msa,PA,2023,333500.0,12
394318,"Allentown, PA",msa,PA,2024,351924.0,12
394318,"Allentown, PA",msa,PA,2025,361784.0,12
394318,"Allentown, PA",msa,PA,2026,368621.0,7
394319,"Alma, MI",msa,MI,2010,93789.0,12
394319,"Alma, MI",msa,MI,2011,90061.0,12
394319,"Alma, MI",msa,MI,2012,98557.0,12
394319,"Alma, MI",msa,MI,2013,103761.0,12
394319,"Alma, MI",msa,MI,2014,103904.0,12
394319,"Alma, MI",msa,MI,2015,107300.0,12
394319,"Alma, MI",msa,MI,2016,114991.0,12
394319,"Alma, MI",msa,MI,2017,120560.0,12
394319,"Alma, MI",msa,MI,2018,121341.0,12
394319,"Alma, MI",msa,MI,2019,129520.0,12
394319,"Alma, MI",msa,MI,2020,144573.0,12
394319,"Alma, MI",msa,MI,2021,167145.0,12
394319,"Alma, MI",msa,MI,2022,166814.0,12
394319,"Alma, MI",msa,MI,2023,165379.0,12
394319,"Alma, MI",msa,MI,2024,168210.0,12
394319,"Alma, MI",msa,MI,2025,180200.0,12
394319,"Alma, MI",msa,MI,2026,186082.0,7
394320,"Alpena, MI",msa,MI,2000,76565.0,12
394320,"Alpena, MI",msa,MI,2001,80528.0,12
394320,"Alpena, MI",msa,MI,2002,83521.0,12
394320,"Alpena, MI",msa,MI,2003,86988.0,12
394320,"Alpena, MI",msa,MI,2004,90507.0,12
394320,"Alpena, MI",msa,MI,2005,92054.0,12
394320,"Alpena, MI",msa,MI,2006,89447.0,12
394320,"Alpena, MI",msa,MI,2007,84258.0,12
394320,"Alpena, MI",msa,MI,2008,95156.0,12
394320,"Alpena, MI",msa,MI,2009,97214.0,12
394320,"Alpena, MI",msa,MI,2010,98948.0,12
394320,"Alpena, MI",msa,MI,2011,91197.0,12
394320,"Alpena, MI",msa,MI,2012,109588.0,12
394320,"Alpena, MI",msa,MI,2013,119101.0,12
394320,"Alpena, MI",msa,MI,2014,110447.0,12
394320,"Alpena, MI",msa,MI,2015,118612.0,12
394320,"Alpena, MI",msa,MI,2016,119270.0,12
394320,"Alpena, MI",msa,MI,2017,121752.0,12
394320,"Alpena, MI",msa,MI,2018,125640.0,12
394320,"Alpena, MI",msa,MI,2019,123044.0,12
394320,"Alpena, MI",msa,MI,2020,135794.0,12
394320,"Alpena, MI",msa,MI,2021,155076.0,12
394320,"Alpena, MI",msa,MI,2022,171758.0,12
394320,"Alpena, MI",msa,MI,2023,178678.0,12
394320,"Alpena, MI",msa,MI,2024,188433.0,12
394320,"Alpena, MI",msa,MI,2025,195013.0,12
394320,"Alpena, MI",msa,MI,2026,199594.0,7
394321,"Altoona, PA",msa,PA,2000,85319.0,12
394321,"Altoona, PA",msa,PA,2001,91851.0,12
394321,"Altoona, PA",msa,PA,2002,97053.0,12
394321,"Altoona, PA",msa,PA,2003,104395.0,12
394321,"Altoona, PA",msa,PA,2004,109417.0,12
394321,"Altoona, PA",msa,PA,2005,114881.0,12
394321,"Altoona, PA",msa,PA,2006,119907.0,12
394321,"Altoona, PA",msa,PA,2007,124723.0,12
394321,"Altoona, PA",msa,PA,2008,123860.0,12
394321,"Altoona, PA",msa,PA,2009,113239.0,12
394321,"Altoona, PA",msa,PA,2010,107502.0,12
394321,"Altoona, PA",msa,PA,2011,105956.0,12
394321,"Altoona, PA",msa,PA,2012,118753.0,12
394321,"Altoona, PA",msa,PA,2013,120986.0,12
394321,"Altoona, PA",msa,PA,2014,122118.0,12
394321,"Altoona, PA",msa,PA,2015,126825.0,12
394321,"Altoona, PA",msa,PA,2016,130436.0,12
394321,"Altoona, PA",msa,PA,2017,135826.0,12
394321,"Altoona, PA",msa,PA,2018,133628.0,12
394321,"Altoona, PA",msa,PA,2019,141001.0,12
394321,"Altoona, PA",msa,PA,2020,151546.0,12
394321,"Altoona, PA",msa,PA,2021,154788.0,12
394321,"Altoona, PA",msa,PA,2022,153485.0,12
394321,"Altoona, PA",msa,PA,2023,157000.0,12
394321,"Altoona, PA",msa,PA,2024,162023.0,12
394321,"Altoona, PA",msa,PA,2025,173254.0,12
394321,"Altoona, PA",msa,PA,2026,180150.0,7
394322,"Altus, OK",msa,OK,2000,61238.0,12
394322,"Altus, OK",msa,OK,2001,63326.0,12
394322,"Altus, OK",msa,OK,2002,64670.0,12
394322,"Altus, OK",msa,OK,2003,65961.0,12
394322,"Altus, OK",msa,OK,2004,68146.0,12
394322,"Altus, OK",msa,OK,2005,70611.0,12
394322,"Altus, OK",msa,OK,2006,73207.0,12
394322,"Altus, OK",msa,OK,2007,76244.0,12
394322,"Altus, OK",msa,OK,2008,79632.0,12
394322,"Altus, OK",msa,OK,2009,77496.0,12
394322,"Altus, OK",msa,OK,2010,76554.0,12
394322,"Altus, OK",msa,OK,2011,77079.0,12
394322,"Altus, OK",msa,OK,2012,81357.0,12
394322,"Altus, OK",msa,OK,2013,82097.0,12
394322,"Altus, OK",msa,OK,2014,79146.0,12
394322,"Altus, OK",msa,OK,2015,80335.0,12
394322,"Altus, OK",msa,OK,2016,82616.0,12
394322,"Altus, OK",msa,OK,2017,81556.0,12
394322,"Altus, OK",msa,OK,2018,83768.0,12
394322,"Altus, OK",msa,OK,2019,87682.0,12
394322,"Altus, OK",msa,OK,2020,90449.0,12
394322,"Altus, OK",msa,OK,2021,105879.0,12
394322,"Altus, OK",msa,OK,2022,111428.0,12
394322,"Altus, OK",msa,OK,2023,115803.0,12
394322,"Altus, OK",msa,OK,2024,121791.0,12
394322,"Altus, OK",msa,OK,2025,115119.0,12
394322,"Altus, OK",msa,OK,2026,116259.0,7
394323,"Amarillo, TX",msa,TX,2009,124380.0,12
394323,"Amarillo, TX",msa,TX,2010,124349.0,12
394323,"Amarillo, TX",msa,TX,2011,121505.0,12
394323,"Amarillo, TX",msa,TX,2012,121025.0,12
394323,"Amarillo, TX",msa,TX,2013,123200.0,12
394323,"Amarillo, TX",msa,TX,2014,127263.0,12
394323,"Amarillo, TX",msa,TX,2015,132058.0,12
394323,"Amarillo, TX",msa,TX,2016,137954.0,12
394323,"Amarillo, TX",msa,TX,2017,141935.0,12
394323,"Amarillo, TX",msa,TX,2018,146312.0,12
394323,"Amarillo, TX",msa,TX,2019,151024.0,12
394323,"Amarillo, TX",msa,TX,2020,162432.0,12
394323,"Amarillo, TX",msa,TX,2021,185898.0,12
394323,"Amarillo, TX",msa,TX,2022,205937.0,12
394323,"Amarillo, TX",msa,TX,2023,210069.0,12
394323,"Amarillo, TX",msa,TX,2024,214388.0,12
394323,"Amarillo, TX",msa,TX,2025,217336.0,12
394323,"Amarillo, TX",msa,TX,2026,221823.0,7
394324,"Americus, GA",msa,GA,2000,99619.0,12
394324,"Americus, GA",msa,GA,2001,105328.0,12
394324,"Americus, GA",msa,GA,2002,109650.0,12
394324,"Americus, GA",msa,GA,2003,113322.0,12
394324,"Americus, GA",msa,GA,2004,118168.0,12
394324,"Americus, GA",msa,GA,2005,108818.0,12
394324,"Americus, GA",msa,GA,2006,113519.0,12
394324,"Americus, GA",msa,GA,2007,114987.0,12
394324,"Americus, GA",msa,GA,2008,110917.0,12
394324,"Americus, GA",msa,GA,2009,103580.0,12
394324,"Americus, GA",msa,GA,2010,94251.0,12
394324,"Americus, GA",msa,GA,2011,88460.0,12
394324,"Americus, GA",msa,GA,2012,90437.0,12
394324,"Americus, GA",msa,GA,2013,87998.0,12
394324,"Americus, GA",msa,GA,2014,87240.0,12
394324,"Americus, GA",msa,GA,2015,89194.0,12
394324,"Americus, GA",msa,GA,2016,84213.0,12
394324,"Americus, GA",msa,GA,2017,83588.0,12
394324,"Americus, GA",msa,GA,2018,89785.0,12
394324,"Americus, GA",msa,GA,2019,91834.0,12
394324,"Americus, GA",msa,GA,2020,105646.0,12
394324,"Americus, GA",msa,GA,2021,120076.0,12
394324,"Americus, GA",msa,GA,2022,133500.0,12
394324,"Americus, GA",msa,GA,2023,139505.0,12
394324,"Americus, GA",msa,GA,2024,140519.0,12
394324,"Americus, GA",msa,GA,2025,138386.0,12
394324,"Americus, GA",msa,GA,2026,145870.0,7
394325,"Ames, IA",msa,IA,2009,151068.0,12
394325,"Ames, IA",msa,IA,2010,151621.0,12
394325,"Ames, IA",msa,IA,2011,151510.0,12
394325,"Ames, IA",msa,IA,2012,149253.0,12
394325,"Ames, IA",msa,IA,2013,160882.0,12
394325,"Ames, IA",msa,IA,2014,169592.0,12
394325,"Ames, IA",msa,IA,2015,181201.0,12
394325,"Ames, IA",msa,IA,2016,187774.0,12
394325,"Ames, IA",msa,IA,2017,195943.0,12
394325,"Ames, IA",msa,IA,2018,200637.0,12
394325,"Ames, IA",msa,IA,2019,204882.0,12
394325,"Ames, IA",msa,IA,2020,216403.0,12
394325,"Ames, IA",msa,IA,2021,236499.0,12
394325,"Ames, IA",msa,IA,2022,257151.0,12
394325,"Ames, IA",msa,IA,2023,262208.0,12
394325,"Ames, IA",msa,IA,2024,268068.0,12
394325,"Ames, IA",msa,IA,2025,277224.0,12
394325,"Ames, IA",msa,IA,2026,281626.0,7
394326,"Amsterdam, NY",msa,NY,2000,70139.0,12
394326,"Amsterdam, NY",msa,NY,2001,75954.0,12
394326,"Amsterdam, NY",msa,NY,2002,83343.0,12
394326,"Amsterdam, NY",msa,NY,2003,91750.0,12
394326,"Amsterdam, NY",msa,NY,2004,103480.0,12
394326,"Amsterdam, NY",msa,NY,2005,115556.0,12
394326,"Amsterdam, NY",msa,NY,2006,119143.0,12
394326,"Amsterdam, NY",msa,NY,2007,120894.0,12
394326,"Amsterdam, NY",msa,NY,2008,118317.0,12
394326,"Amsterdam, NY",msa,NY,2009,112411.0,12
394326,"Amsterdam, NY",msa,NY,2010,112478.0,12
394326,"Amsterdam, NY",msa,NY,2011,111579.0,12
394326,"Amsterdam, NY",msa,NY,2012,110853.0,12
394326,"Amsterdam, NY",msa,NY,2013,108051.0,12
394326,"Amsterdam, NY",msa,NY,2014,106670.0,12
394326,"Amsterdam, NY",msa,NY,2015,110705.0,12
394326,"Amsterdam, NY",msa,NY,2016,114624.0,12
394326,"Amsterdam, NY",msa,NY,2017,119529.0,12
394326,"Amsterdam, NY",msa,NY,2018,126006.0,12
394326,"Amsterdam, NY",msa,NY,2019,134194.0,12
394326,"Amsterdam, NY",msa,NY,2020,151083.0,12
394326,"Amsterdam, NY",msa,NY,2021,169148.0,12
394326,"Amsterdam, NY",msa,NY,2022,187803.0,12
394326,"Amsterdam, NY",msa,NY,2023,197250.0,12
394326,"Amsterdam, NY",msa,NY,2024,210964.0,12
394326,"Amsterdam, NY",msa,NY,2025,207290.0,12
394326,"Amsterdam, NY",msa,NY,2026,216441.0,7
394327,"Anchorage, AK",msa,AK,2000,143255.0,12
394327,"Anchorage, AK",msa,AK,2001,175216.0,12
394327,"Anchorage, AK",msa,AK,2002,183342.0,12
394327,"Anchorage, AK",msa,AK,2003,196382.0,12
394327,"Anchorage, AK",msa,AK,2004,212508.0,12
394327,"Anchorage, AK",msa,AK,2005,232559.0,12
394327,"Anchorage, AK",msa,AK,2006,251047.0,12
394327,"Anchorage, AK",msa,AK,2007,261335.0,12
394327,"Anchorage, AK",msa,AK,2008,262105.0,12
394327,"Anchorage, AK",msa,AK,2009,260976.0,12
394327,"Anchorage, AK",msa,AK,2010,261705.0,12
394327,"Anchorage, AK",msa,AK,2011,257262.0,12
394327,"Anchorage, AK",msa,AK,2012,273698.0,12
394327,"Anchorage, AK",msa,AK,2013,281670.0,12
394327,"Anchorage, AK",msa,AK,2014,290314.0,12
394327,"Anchorage, AK",msa,AK,2015,302420.0,12
394327,"Anchorage, AK",msa,AK,2016,304021.0,12
394327,"Anchorage, AK",msa,AK,2017,304989.0,12
394327,"Anchorage, AK",msa,AK,2018,305127.0,12
394327,"Anchorage, AK",msa,AK,2019,333870.0,12
394327,"Anchorage, AK",msa,AK,2020,338676.0,12
394327,"Anchorage, AK",msa,AK,2021,359897.0,12
394327,"Anchorage, AK",msa,AK,2022,376022.0,12
394327,"Anchorage, AK",msa,AK,2023,386680.0,12
394327,"Anchorage, AK",msa,AK,2024,398224.0,12
394327,"Anchorage, AK",msa,AK,2025,416369.0,12
394327,"Anchorage, AK",msa,AK,2026,428282.0,7
394330,"Andrews, TX",msa,TX,2009,121187.0,12
394330,"Andrews, TX",msa,TX,2010,122922.0,12
394330,"Andrews, TX",msa,TX,2011,126173.0,12
394330,"Andrews, TX",msa,TX,2012,134389.0,12
394330,"Andrews, TX",msa,TX,2013,143368.0,12
394330,"Andrews, TX",msa,TX,2014,153619.0,12
394330,"Andrews, TX",msa,TX,2015,168302.0,12
394330,"Andrews, TX",msa,TX,2016,176396.0,12
394330,"Andrews, TX",msa,TX,2017,177339.0,12
394330,"Andrews, TX",msa,TX,2018,188219.0,12
394330,"Andrews, TX",msa,TX,2019,211874.0,12
394330,"Andrews, TX",msa,TX,2020,226559.0,12
394330,"Andrews, TX",msa,TX,2021,242714.0,12
394330,"Andrews, TX",msa,TX,2022,235974.0,12
394330,"Andrews, TX",msa,TX,2023,227502.0,12
394330,"Andrews, TX",msa,TX,2024,240103.0,12
394330,"Andrews, TX",msa,TX,2025,252990.0,12
394330,"Andrews, TX",msa,TX,2026,265306.0,7
394331,"Angola, IN",msa,IN,2008,148668.0,12
394331,"Angola, IN",msa,IN,2009,143343.0,12
394331,"Angola, IN",msa,IN,2010,141739.0,12
394331,"Angola, IN",msa,IN,2011,138560.0,12
394331,"Angola, IN",msa,IN,2012,145489.0,12
394331,"Angola, IN",msa,IN,2013,147457.0,12
394331,"Angola, IN",msa,IN,2014,152917.0,12
394331,"Angola, IN",msa,IN,2015,159779.0,12
394331,"Angola, IN",msa,IN,2016,166530.0,12
394331,"Angola, IN",msa,IN,2017,177671.0,12
394331,"Angola, IN",msa,IN,2018,186615.0,12
394331,"Angola, IN",msa,IN,2019,195919.0,12
394331,"Angola, IN",msa,IN,2020,217699.0,12
394331,"Angola, IN",msa,IN,2021,259871.0,12
394331,"Angola, IN",msa,IN,2022,273422.0,12
394331,"Angola, IN",msa,IN,2023,286699.0,12
394331,"Angola, IN",msa,IN,2024,299950.0,12
394331,"Angola, IN",msa,IN,2025,312021.0,12
394331,"Angola, IN",msa,IN,2026,322188.0,7
394332,"Ann Arbor, MI",msa,MI,2000,200788.0,12
394332,"Ann Arbor, MI",msa,MI,2001,217711.0,12
394332,"Ann Arbor, MI",msa,MI,2002,230492.0,12
394332,"Ann Arbor, MI",msa,MI,2003,241447.0,12
394332,"Ann Arbor, MI",msa,MI,2004,248815.0,12
394332,"Ann Arbor, MI",msa,MI,2005,254575.0,12
394332,"Ann Arbor, MI",msa,MI,2006,245776.0,12
394332,"Ann Arbor, MI",msa,MI,2007,224363.0,12
394332,"Ann Arbor, MI",msa,MI,2008,200830.0,12
394332,"Ann Arbor, MI",msa,MI,2009,187103.0,12
394332,"Ann Arbor, MI",msa,MI,2010,186603.0,12
394332,"Ann Arbor, MI",msa,MI,2011,180275.0,12
394332,"Ann Arbor, MI",msa,MI,2012,195784.0,12
394332,"Ann Arbor, MI",msa,MI,2013,222114.0,12
394332,"Ann Arbor, MI",msa,MI,2014,237821.0,12
394332,"Ann Arbor, MI",msa,MI,2015,254057.0,12
394332,"Ann Arbor, MI",msa,MI,2016,266640.0,12
394332,"Ann Arbor, MI",msa,MI,2017,284586.0,12
394332,"Ann Arbor, MI",msa,MI,2018,303817.0,12
394332,"Ann Arbor, MI",msa,MI,2019,317614.0,12
394332,"Ann Arbor, MI",msa,MI,2020,331383.0,12
394332,"Ann Arbor, MI",msa,MI,2021,356716.0,12
394332,"Ann Arbor, MI",msa,MI,2022,381469.0,12
394332,"Ann Arbor, MI",msa,MI,2023,394258.0,12
394332,"Ann Arbor, MI",msa,MI,2024,411200.0,12
394332,"Ann Arbor, MI",msa,MI,2025,419058.0,12
394332,"Ann Arbor, MI",msa,MI,2026,423247.0,7
394333,"Anniston, AL",msa,AL,2010,109030.0,12
394333,"Anniston, AL",msa,AL,2011,104115.0,12
394333,"Anniston, AL",msa,AL,2012,115874.0,12
394333,"Anniston, AL",msa,AL,2013,123993.0,12
394333,"Anniston, AL",msa,AL,2014,126246.0,12
394333,"Anniston, AL",msa,AL,2015,109637.0,12
394333,"Anniston, AL",msa,AL,2016,112356.0,12
394333,"Anniston, AL",msa,AL,2017,113705.0,12
394333,"Anniston, AL",msa,AL,2018,119754.0,12
394333,"Anniston, AL",msa,AL,2019,127868.0,12
394333,"Anniston, AL",msa,AL,2020,139318.0,12
394333,"Anniston, AL",msa,AL,2021,154429.0,12
394333,"Anniston, AL",msa,AL,2022,159311.0,12
394333,"Anniston, AL",msa,AL,2023,157936.0,12
394333,"Anniston, AL",msa,AL,2024,162704.0,12
394333,"Anniston, AL",msa,AL,2025,168493.0,12
394333,"Anniston, AL",msa,AL,2026,171384.0,7
394334,"Appleton, WI",msa,WI,2005,172149.0,12
394334,"Appleton, WI",msa,WI,2006,173751.0,12
394334,"Appleton, WI",msa,WI,2007,173547.0,12
394334,"Appleton, WI",msa,WI,2008,171964.0,12
394334,"Appleton, WI",msa,WI,2009,168005.0,12
394334,"Appleton, WI",msa,WI,2010,164975.0,12
394334,"Appleton, WI",msa,WI,2011,155217.0,12
394334,"Appleton, WI",msa,WI,2012,152531.0,12
394334,"Appleton, WI",msa,WI,2013,157003.0,12
394334,"Appleton, WI",msa,WI,2014,159931.0,12
394334,"Appleton, WI",msa,WI,2015,167153.0,12
394334,"Appleton, WI",msa,WI,2016,175740.0,12
394334,"Appleton, WI",msa,WI,2017,188457.0,12
394334,"Appleton, WI",msa,WI,2018,198178.0,12
394334,"Appleton, WI",msa,WI,2019,212813.0,12
394334,"Appleton, WI",msa,WI,2020,231280.0,12
394334,"Appleton, WI",msa,WI,2021,257683.0,12
394334,"Appleton, WI",msa,WI,2022,280296.0,12
394334,"Appleton, WI",msa,WI,2023,305799.0,12
394334,"Appleton, WI",msa,WI,2024,325132.0,12
394334,"Appleton, WI",msa,WI,2025,346532.0,12
394334,"Appleton, WI",msa,WI,2026,354433.0,7
394335,"Arcadia, FL",msa,FL,2000,68968.0,12
394335,"Arcadia, FL",msa,FL,2001,75272.0,12
394335,"Arcadia, FL",msa,FL,2002,82544.0,12
394335,"Arcadia, FL",msa,FL,2003,91750.0,12
394335,"Arcadia, FL",msa,FL,2004,110776.0,12
394335,"Arcadia, FL",msa,FL,2005,140783.0,12
394335,"Arcadia, FL",msa,FL,2006,152685.0,12
394335,"Arcadia, FL",msa,FL,2007,139440.0,12
394335,"Arcadia, FL",msa,FL,2008,112830.0,12
394335,"Arcadia, FL",msa,FL,2009,97343.0,12
394335,"Arcadia, FL",msa,FL,2010,89782.0,12
394335,"Arcadia, FL",msa,FL,2011,84337.0,12
394335,"Arcadia, FL",msa,FL,2012,83333.0,12
394335,"Arcadia, FL",msa,FL,2013,89064.0,12
394335,"Arcadia, FL",msa,FL,2014,96512.0,12
394335,"Arcadia, FL",msa,FL,2015,110579.0,12
394335,"Arcadia, FL",msa,FL,2016,126787.0,12
394335,"Arcadia, FL",msa,FL,2017,139928.0,12
394335,"Arcadia, FL",msa,FL,2018,152395.0,12
394335,"Arcadia, FL",msa,FL,2019,161940.0,12
394335,"Arcadia, FL",msa,FL,2020,178746.0,12
394335,"Arcadia, FL",msa,FL,2021,219729.0,12
394335,"Arcadia, FL",msa,FL,2022,269500.0,12
394335,"Arcadia, FL",msa,FL,2023,267339.0,12
394335,"Arcadia, FL",msa,FL,2024,267015.0,12
394335,"Arcadia, FL",msa,FL,2025,252785.0,12
394335,"Arcadia, FL",msa,FL,2026,252676.0,7
394336,"Ardmore, OK",msa,OK,2000,64099.0,12
394336,"Ardmore, OK",msa,OK,2001,66385.0,12
394336,"Ardmore, OK",msa,OK,2002,68107.0,12
394336,"Ardmore, OK",msa,OK,2003,70482.0,12
394336,"Ardmore, OK",msa,OK,2004,73523.0,12
394336,"Ardmore, OK",msa,OK,2005,77399.0,12
394336,"Ardmore, OK",msa,OK,2006,80663.0,12
394336,"Ardmore, OK",msa,OK,2007,83634.0,12
394336,"Ardmore, OK",msa,OK,2008,86919.0,12
394336,"Ardmore, OK",msa,OK,2009,88679.0,12
394336,"Ardmore, OK",msa,OK,2010,84843.0,12
394336,"Ardmore, OK",msa,OK,2011,84764.0,12
394336,"Ardmore, OK",msa,OK,2012,89164.0,12
394336,"Ardmore, OK",msa,OK,2013,91319.0,12
394336,"Ardmore, OK",msa,OK,2014,96252.0,12
394336,"Ardmore, OK",msa,OK,2015,100050.0,12
394336,"Ardmore, OK",msa,OK,2016,103950.0,12
394336,"Ardmore, OK",msa,OK,2017,107521.0,12
394336,"Ardmore, OK",msa,OK,2018,111813.0,12
394336,"Ardmore, OK",msa,OK,2019,117389.0,12
394336,"Ardmore, OK",msa,OK,2020,131115.0,12
394336,"Ardmore, OK",msa,OK,2021,149960.0,12
394336,"Ardmore, OK",msa,OK,2022,172505.0,12
394336,"Ardmore, OK",msa,OK,2023,176915.0,12
394336,"Ardmore, OK",msa,OK,2024,181143.0,12
394336,"Ardmore, OK",msa,OK,2025,180643.0,12
394336,"Ardmore, OK",msa,OK,2026,182449.0,7
394337,"Arkadelphia, AR",msa,AR,2000,84144.0,12
394337,"Arkadelphia, AR",msa,AR,2001,86772.0,12
394337,"Arkadelphia, AR",msa,AR,2002,89893.0,12
394337,"Arkadelphia, AR",msa,AR,2003,92947.0,12
394337,"Arkadelphia, AR",msa,AR,2004,98399.0,12
394337,"Arkadelphia, AR",msa,AR,2005,105401.0,12
394337,"Arkadelphia, AR",msa,AR,2006,110350.0,12
394337,"Arkadelphia, AR",msa,AR,2007,111554.0,12
394337,"Arkadelphia, AR",msa,AR,2008,112212.0,12
394337,"Arkadelphia, AR",msa,AR,2009,101456.0,12
394337,"Arkadelphia, AR",msa,AR,2010,100756.0,12
394337,"Arkadelphia, AR",msa,AR,2011,100113.0,12
394337,"Arkadelphia, AR",msa,AR,2012,100821.0,12
394337,"Arkadelphia, AR",msa,AR,2013,98780.0,12
394337,"Arkadelphia, AR",msa,AR,2014,98022.0,12
394337,"Arkadelphia, AR",msa,AR,2015,102654.0,12
394337,"Arkadelphia, AR",msa,AR,2016,106854.0,12
394337,"Arkadelphia, AR",msa,AR,2017,107796.0,12
394337,"Arkadelphia, AR",msa,AR,2018,110438.0,12
394337,"Arkadelphia, AR",msa,AR,2019,114519.0,12
394337,"Arkadelphia, AR",msa,AR,2020,123189.0,12
394337,"Arkadelphia, AR",msa,AR,2021,142096.0,12
394337,"Arkadelphia, AR",msa,AR,2022,147753.0,12
394337,"Arkadelphia, AR",msa,AR,2023,153665.0,12
394337,"Arkadelphia, AR",msa,AR,2024,159779.0,12
394337,"Arkadelphia, AR",msa,AR,2025,159600.0,12
394337,"Arkadelphia, AR",msa,AR,2026,164483.0,7
394338,"Asheville, NC",msa,NC,2000,126740.0,12
394338,"Asheville, NC",msa,NC,2001,135744.0,12
394338,"Asheville, NC",msa,NC,2002,143497.0,12
394338,"Asheville, NC",msa,NC,2003,151147.0,12
394338,"Asheville, NC",msa,NC,2004,163957.0,12
394338,"Asheville, NC",msa,NC,2005,179497.0,12
394338,"Asheville, NC",msa,NC,2006,200793.0,12
394338,"Asheville, NC",msa,NC,2007,215263.0,12
394338,"Asheville, NC",msa,NC,2008,214004.0,12
394338,"Asheville, NC",msa,NC,2009,202031.0,12
394338,"Asheville, NC",msa,NC,2010,193472.0,12
394338,"Asheville, NC",msa,NC,2011,185362.0,12
394338,"Asheville, NC",msa,NC,2012,185989.0,12
394338,"Asheville, NC",msa,NC,2013,195456.0,12
394338,"Asheville, NC",msa,NC,2014,205747.0,12
394338,"Asheville, NC",msa,NC,2015,223529.0,12
394338,"Asheville, NC",msa,NC,2016,240500.0,12
394338,"Asheville, NC",msa,NC,2017,261082.0,12
394338,"Asheville, NC",msa,NC,2018,276457.0,12
394338,"Asheville, NC",msa,NC,2019,287209.0,12
394338,"Asheville, NC",msa,NC,2020,315877.0,12
394338,"Asheville, NC",msa,NC,2021,369717.0,12
394338,"Asheville, NC",msa,NC,2022,416165.0,12
394338,"Asheville, NC",msa,NC,2023,434829.0,12
394338,"Asheville, NC",msa,NC,2024,448992.0,12
394338,"Asheville, NC",msa,NC,2025,433783.0,12
394338,"Asheville, NC",msa,NC,2026,426217.0,7
394339,"Ashland, OH",msa,OH,2009,109726.0,12
394339,"Ashland, OH",msa,OH,2010,107554.0,12
394339,"Ashland, OH",msa,OH,2011,103682.0,12
394339,"Ashland, OH",msa,OH,2012,105287.0,12
394339,"Ashland, OH",msa,OH,2013,106313.0,12
394339,"Ashland, OH",msa,OH,2014,110015.0,12
394339,"Ashland, OH",msa,OH,2015,117427.0,12
394339,"Ashland, OH",msa,OH,2016,125412.0,12
394339,"Ashland, OH",msa,OH,2017,128860.0,12
394339,"Ashland, OH",msa,OH,2018,138160.0,12
394339,"Ashland, OH",msa,OH,2019,144301.0,12
394339,"Ashland, OH",msa,OH,2020,164980.0,12
394339,"Ashland, OH",msa,OH,2021,183602.0,12
394339,"Ashland, OH",msa,OH,2022,201663.0,12
394339,"Ashland, OH",msa,OH,2023,212053.0,12
394339,"Ashland, OH",msa,OH,2024,228303.0,12
394339,"Ashland, OH",msa,OH,2025,239612.0,12
394339,"Ashland, OH",msa,OH,2026,247199.0,7
394340,"Ashtabula, OH",msa,OH,2000,71466.0,12
394340,"Ashtabula, OH",msa,OH,2001,73564.0,12
394340,"Ashtabula, OH",msa,OH,2002,75717.0,12
394340,"Ashtabula, OH",msa,OH,2003,79334.0,12
394340,"Ashtabula, OH",msa,OH,2004,84502.0,12
394340,"Ashtabula, OH",msa,OH,2005,87728.0,12
394340,"Ashtabula, OH",msa,OH,2006,90697.0,12
394340,"Ashtabula, OH",msa,OH,2007,92061.0,12
394340,"Ashtabula, OH",msa,OH,2008,90651.0,12
394340,"Ashtabula, OH",msa,OH,2009,87879.0,12
394340,"Ashtabula, OH",msa,OH,2010,86290.0,12
394340,"Ashtabula, OH",msa,OH,2011,84782.0,12
394340,"Ashtabula, OH",msa,OH,2012,86700.0,12
394340,"Ashtabula, OH",msa,OH,2013,89626.0,12
394340,"Ashtabula, OH",msa,OH,2014,88893.0,12
394340,"Ashtabula, OH",msa,OH,2015,87992.0,12
394340,"Ashtabula, OH",msa,OH,2016,91758.0,12
394340,"Ashtabula, OH",msa,OH,2017,95608.0,12
394340,"Ashtabula, OH",msa,OH,2018,100279.0,12
394340,"Ashtabula, OH",msa,OH,2019,106263.0,12
394340,"Ashtabula, OH",msa,OH,2020,122578.0,12
394340,"Ashtabula, OH",msa,OH,2021,137660.0,12
394340,"Ashtabula, OH",msa,OH,2022,152850.0,12
394340,"Ashtabula, OH",msa,OH,2023,156564.0,12
394340,"Ashtabula, OH",msa,OH,2024,169565.0,12
394340,"Ashtabula, OH",msa,OH,2025,178796.0,12
394340,"Ashtabula, OH",msa,OH,2026,184927.0,7
394341,"Astoria, OR",msa,OR,2003,188291.0,12
394341,"Astoria, OR",msa,OR,2004,211517.0,12
394341,"Astoria, OR",msa,OR,2005,256870.0,12
394341,"Astoria, OR",msa,OR,2006,291394.0,12
394341,"Astoria, OR",msa,OR,2007,299295.0,12
394341,"Astoria, OR",msa,OR,2008,282201.0,12
394341,"Astoria, OR",msa,OR,2009,255147.0,12
394341,"Astoria, OR",msa,OR,2010,240985.0,12
394341,"Astoria, OR",msa,OR,2011,229740.0,12
394341,"Astoria, OR",msa,OR,2012,228633.0,12
394341,"Astoria, OR",msa,OR,2013,236319.0,12
394341,"Astoria, OR",msa,OR,2014,241852.0,12
394341,"Astoria, OR",msa,OR,2015,267106.0,12
394341,"Astoria, OR",msa,OR,2016,287486.0,12
394341,"Astoria, OR",msa,OR,2017,311038.0,12
394341,"Astoria, OR",msa,OR,2018,331430.0,12
394341,"Astoria, OR",msa,OR,2019,350992.0,12
394341,"Astoria, OR",msa,OR,2020,391602.0,12
394341,"Astoria, OR",msa,OR,2021,475397.0,12
394341,"Astoria, OR",msa,OR,2022,521493.0,12
394341,"Astoria, OR",msa,OR,2023,528507.0,12
394341,"Astoria, OR",msa,OR,2024,531506.0,12
394341,"Astoria, OR",msa,OR,2025,523005.0,12
394341,"Astoria, OR",msa,OR,2026,520471.0,7
394342,"Atchison, KS",msa,KS,2012,97228.0,12
394342,"Atchison, KS",msa,KS,2013,82294.0,12
394342,"Atchison, KS",msa,KS,2014,78188.0,12
394342,"Atchison, KS",msa,KS,2015,86525.0,12
394342,"Atchison, KS",msa,KS,2016,91937.0,12
394342,"Atchison, KS",msa,KS,2017,92519.0,12
394342,"Atchison, KS",msa,KS,2018,99427.0,12
394342,"Atchison, KS",msa,KS,2019,105820.0,12
394342,"Atchison, KS",msa,KS,2020,121594.0,12
394342,"Atchison, KS",msa,KS,2021,141767.0,12
394342,"Atchison, KS",msa,KS,2022,162974.0,12
394342,"Atchison, KS",msa,KS,2023,158714.0,12
394342,"Atchison, KS",msa,KS,2024,173460.0,12
394342,"Atchison, KS",msa,KS,2025,183713.0,12
394342,"Atchison, KS",msa,KS,2026,189298.0,7
394346,"Athens, GA",msa,GA,2000,142415.0,12
394346,"Athens, GA",msa,GA,2001,151197.0,12
394346,"Athens, GA",msa,GA,2002,159321.0,12
394346,"Athens, GA",msa,GA,2003,165599.0,12
394346,"Athens, GA",msa,GA,2004,174019.0,12
394346,"Athens, GA",msa,GA,2005,179896.0,12
394346,"Athens, GA",msa,GA,2006,183583.0,12
394346,"Athens, GA",msa,GA,2007,186200.0,12
394346,"Athens, GA",msa,GA,2008,184823.0,12
394346,"Athens, GA",msa,GA,2009,169638.0,12
394346,"Athens, GA",msa,GA,2010,164624.0,12
394346,"Athens, GA",msa,GA,2011,148722.0,12
394346,"Athens, GA",msa,GA,2012,144592.0,12
394346,"Athens, GA",msa,GA,2013,152582.0,12
394346,"Athens, GA",msa,GA,2014,159260.0,12
394346,"Athens, GA",msa,GA,2015,165997.0,12
394346,"Athens, GA",msa,GA,2016,173551.0,12
394346,"Athens, GA",msa,GA,2017,188412.0,12
394346,"Athens, GA",msa,GA,2018,205648.0,12
394346,"Athens, GA",msa,GA,2019,223432.0,12
394346,"Athens, GA",msa,GA,2020,253174.0,12
394346,"Athens, GA",msa,GA,2021,299454.0,12
394346,"Athens, GA",msa,GA,2022,328813.0,12
394346,"Athens, GA",msa,GA,2023,350203.0,12
394346,"Athens, GA",msa,GA,2024,364513.0,12
394346,"Athens, GA",msa,GA,2025,370535.0,12
394346,"Athens, GA",msa,GA,2026,374272.0,7
394343,"Athens, OH",msa,OH,2009,104104.0,12
394343,"Athens, OH",msa,OH,2010,103167.0,12
394343,"Athens, OH",msa,OH,2011,101622.0,12
394343,"Athens, OH",msa,OH,2012,100315.0,12
394343,"Athens, OH",msa,OH,2013,105180.0,12
394343,"Athens, OH",msa,OH,2014,108725.0,12
394343,"Athens, OH",msa,OH,2015,115161.0,12
394343,"Athens, OH",msa,OH,2016,116410.0,12
394343,"Athens, OH",msa,OH,2017,120258.0,12
394343,"Athens, OH",msa,OH,2018,129303.0,12
394343,"Athens, OH",msa,OH,2019,134730.0,12
394343,"Athens, OH",msa,OH,2020,150434.0,12
394343,"Athens, OH",msa,OH,2021,158816.0,12
394343,"Athens, OH",msa,OH,2022,169635.0,12
394343,"Athens, OH",msa,OH,2023,167978.0,12
394343,"Athens, OH",msa,OH,2024,179623.0,12
394343,"Athens, OH",msa,OH,2025,184292.0,12
394343,"Athens, OH",msa,OH,2026,190533.0,7
394344,"Athens, TN",msa,TN,2011,105176.0,12
394344,"Athens, TN",msa,TN,2012,109409.0,12
394344,"Athens, TN",msa,TN,2013,112410.0,12
394344,"Athens, TN",msa,TN,2014,116089.0,12
394344,"Athens, TN",msa,TN,2015,127257.0,12
394344,"Athens, TN",msa,TN,2016,131620.0,12
394344,"Athens, TN",msa,TN,2017,136604.0,12
394344,"Athens, TN",msa,TN,2018,144267.0,12
394344,"Athens, TN",msa,TN,2019,165985.0,12
394344,"Athens, TN",msa,TN,2020,177486.0,12
394344,"Athens, TN",msa,TN,2021,208780.0,12
394344,"Athens, TN",msa,TN,2022,227872.0,12
394344,"Athens, TN",msa,TN,2023,240977.0,12
394344,"Athens, TN",msa,TN,2024,249546.0,12
394344,"Athens, TN",msa,TN,2025,255632.0,12
394344,"Athens, TN",msa,TN,2026,260939.0,7
394345,"Athens, TX",msa,TX,2009,141143.0,12
394345,"Athens, TX",msa,TX,2010,140153.0,12
394345,"Athens, TX",msa,TX,2011,138779.0,12
394345,"Athens, TX",msa,TX,2012,139173.0,12
394345,"Athens, TX",msa,TX,2013,140727.0,12
394345,"Athens, TX",msa,TX,2014,147698.0,12
394345,"Athens, TX",msa,TX,2015,152713.0,12
394345,"Athens, TX",msa,TX,2016,162000.0,12
394345,"Athens, TX",msa,TX,2017,173993.0,12
394345,"Athens, TX",msa,TX,2018,187906.0,12
394345,"Athens, TX",msa,TX,2019,191880.0,12
394345,"Athens, TX",msa,TX,2020,217108.0,12
394345,"Athens, TX",msa,TX,2021,266779.0,12
394345,"Athens, TX",msa,TX,2022,284526.0,12
394345,"Athens, TX",msa,TX,2023,277038.0,12
394345,"Athens, TX",msa,TX,2024,278616.0,12
394345,"Athens, TX",msa,TX,2025,272336.0,12
394345,"Athens, TX",msa,TX,2026,270753.0,7
394347,"Atlanta, GA",msa,GA,2000,161828.0,12
394347,"Atlanta, GA",msa,GA,2001,171705.0,12
394347,"Atlanta, GA",msa,GA,2002,177965.0,12
394347,"Atlanta, GA",msa,GA,2003,182028.0,12
394347,"Atlanta, GA",msa,GA,2004,187026.0,12
394347,"Atlanta, GA",msa,GA,2005,194208.0,12
394347,"Atlanta, GA",msa,GA,2006,200521.0,12
394347,"Atlanta, GA",msa,GA,2007,200620.0,12
394347,"Atlanta, GA",msa,GA,2008,182459.0,12
394347,"Atlanta, GA",msa,GA,2009,160253.0,12
394347,"Atlanta, GA",msa,GA,2010,147075.0,12
394347,"Atlanta, GA",msa,GA,2011,131728.0,12
394347,"Atlanta, GA",msa,GA,2012,135959.0,12
394347,"Atlanta, GA",msa,GA,2013,159488.0,12
394347,"Atlanta, GA",msa,GA,2014,175500.0,12
394347,"Atlanta, GA",msa,GA,2015,189635.0,12
394347,"Atlanta, GA",msa,GA,2016,204000.0,12
394347,"Atlanta, GA",msa,GA,2017,221208.0,12
394347,"Atlanta, GA",msa,GA,2018,240949.0,12
394347,"Atlanta, GA",msa,GA,2019,253807.0,12
394347,"Atlanta, GA",msa,GA,2020,278924.0,12
394347,"Atlanta, GA",msa,GA,2021,340666.0,12
394347,"Atlanta, GA",msa,GA,2022,384984.0,12
394347,"Atlanta, GA",msa,GA,2023,393758.0,12
394347,"Atlanta, GA",msa,GA,2024,397398.0,12
394347,"Atlanta, GA",msa,GA,2025,386136.0,12
394347,"Atlanta, GA",msa,GA,2026,381872.0,7
394348,"Atlantic City, NJ",msa,NJ,2000,117328.0,12
394348,"Atlantic City, NJ",msa,NJ,2001,127682.0,12
394348,"Atlantic City, NJ",msa,NJ,2002,144332.0,12
394348,"Atlantic City, NJ",msa,NJ,2003,169941.0,12
394348,"Atlantic City, NJ",msa,NJ,2004,206000.0,12
394348,"Atlantic City, NJ",msa,NJ,2005,247373.0,12
394348,"Atlantic City, NJ",msa,NJ,2006,271186.0,12
394348,"Atlantic City, NJ",msa,NJ,2007,259441.0,12
394348,"Atlantic City, NJ",msa,NJ,2008,233072.0,12
394348,"Atlantic City, NJ",msa,NJ,2009,207205.0,12
394348,"Atlantic City, NJ",msa,NJ,2010,200742.0,12
394348,"Atlantic City, NJ",msa,NJ,2011,184360.0,12
394348,"Atlantic City, NJ",msa,NJ,2012,188792.0,12
394348,"Atlantic City, NJ",msa,NJ,2013,192077.0,12
394348,"Atlantic City, NJ",msa,NJ,2014,193758.0,12
394348,"Atlantic City, NJ",msa,NJ,2015,189923.0,12
394348,"Atlantic City, NJ",msa,NJ,2016,176979.0,12
394348,"Atlantic City, NJ",msa,NJ,2017,183798.0,12
394348,"Atlantic City, NJ",msa,NJ,2018,194637.0,12
394348,"Atlantic City, NJ",msa,NJ,2019,209574.0,12
394348,"Atlantic City, NJ",msa,NJ,2020,234392.0,12
394348,"Atlantic City, NJ",msa,NJ,2021,281078.0,12
394348,"Atlantic City, NJ",msa,NJ,2022,307779.0,12
394348,"Atlantic City, NJ",msa,NJ,2023,339113.0,12
394348,"Atlantic City, NJ",msa,NJ,2024,365196.0,12
394348,"Atlantic City, NJ",msa,NJ,2025,377848.0,12
394348,"Atlantic City, NJ",msa,NJ,2026,387264.0,7
394351,"Auburn, AL",msa,AL,2000,141900.0,12
394351,"Auburn, AL",msa,AL,2001,148763.0,12
394351,"Auburn, AL",msa,AL,2002,154220.0,12
394351,"Auburn, AL",msa,AL,2003,159456.0,12
394351,"Auburn, AL",msa,AL,2004,168316.0,12
394351,"Auburn, AL",msa,AL,2005,183610.0,12
394351,"Auburn, AL",msa,AL,2006,191753.0,12
394351,"Auburn, AL",msa,AL,2007,194065.0,12
394351,"Auburn, AL",msa,AL,2008,190009.0,12
394351,"Auburn, AL",msa,AL,2009,185188.0,12
394351,"Auburn, AL",msa,AL,2010,174315.0,12
394351,"Auburn, AL",msa,AL,2011,168253.0,12
394351,"Auburn, AL",msa,AL,2012,176367.0,12
394351,"Auburn, AL",msa,AL,2013,178428.0,12
394351,"Auburn, AL",msa,AL,2014,182439.0,12
394351,"Auburn, AL",msa,AL,2015,188259.0,12
394351,"Auburn, AL",msa,AL,2016,198481.0,12
394351,"Auburn, AL",msa,AL,2017,209803.0,12
394351,"Auburn, AL",msa,AL,2018,221624.0,12
394351,"Auburn, AL",msa,AL,2019,234694.0,12
394351,"Auburn, AL",msa,AL,2020,253660.0,12
394351,"Auburn, AL",msa,AL,2021,285737.0,12
394351,"Auburn, AL",msa,AL,2022,304809.0,12
394351,"Auburn, AL",msa,AL,2023,319743.0,12
394351,"Auburn, AL",msa,AL,2024,331654.0,12
394351,"Auburn, AL",msa,AL,2025,344124.0,12
394351,"Auburn, AL",msa,AL,2026,352523.0,7
394349,"Auburn, IN",msa,IN,2009,111908.0,12
394349,"Auburn, IN",msa,IN,2010,109960.0,12
394349,"Auburn, IN",msa,IN,2011,108293.0,12
394349,"Auburn, IN",msa,IN,2012,112563.0,12
394349,"Auburn, IN",msa,IN,2013,111615.0,12
394349,"Auburn, IN",msa,IN,2014,118306.0,12
394349,"Auburn, IN",msa,IN,2015,124089.0,12
394349,"Auburn, IN",msa,IN,2016,131173.0,12
394349,"Auburn, IN",msa,IN,2017,137409.0,12
394349,"Auburn, IN",msa,IN,2018,146555.0,12
394349,"Auburn, IN",msa,IN,2019,154945.0,12
394349,"Auburn, IN",msa,IN,2020,169140.0,12
394349,"Auburn, IN",msa,IN,2021,190401.0,12
394349,"Auburn, IN",msa,IN,2022,205890.0,12
394349,"Auburn, IN",msa,IN,2023,219808.0,12
394349,"Auburn, IN",msa,IN,2024,234343.0,12
394349,"Auburn, IN",msa,IN,2025,247405.0,12
394349,"Auburn, IN",msa,IN,2026,257005.0,7
394350,"Auburn, NY",msa,NY,2000,68682.0,12
394350,"Auburn, NY",msa,NY,2001,74164.0,12
394350,"Auburn, NY",msa,NY,2002,80190.0,12
394350,"Auburn, NY",msa,NY,2003,88719.0,12
394350,"Auburn, NY",msa,NY,2004,99501.0,12
394350,"Auburn, NY",msa,NY,2005,111717.0,12
394350,"Auburn, NY",msa,NY,2006,124012.0,12
394350,"Auburn, NY",msa,NY,2007,131068.0,12
394350,"Auburn, NY",msa,NY,2008,126129.0,12
394350,"Auburn, NY",msa,NY,2009,119610.0,12
394350,"Auburn, NY",msa,NY,2010,118976.0,12
394350,"Auburn, NY",msa,NY,2011,116702.0,12
394350,"Auburn, NY",msa,NY,2012,119870.0,12
394350,"Auburn, NY",msa,NY,2013,123338.0,12
394350,"Auburn, NY",msa,NY,2014,125851.0,12
394350,"Auburn, NY",msa,NY,2015,129131.0,12
394350,"Auburn, NY",msa,NY,2016,131817.0,12
394350,"Auburn, NY",msa,NY,2017,137019.0,12
394350,"Auburn, NY",msa,NY,2018,141431.0,12
394350,"Auburn, NY",msa,NY,2019,145353.0,12
394350,"Auburn, NY",msa,NY,2020,163692.0,12
394350,"Auburn, NY",msa,NY,2021,179537.0,12
394350,"Auburn, NY",msa,NY,2022,195926.0,12
394350,"Auburn, NY",msa,NY,2023,210514.0,12
394350,"Auburn, NY",msa,NY,2024,226400.0,12
394350,"Auburn, NY",msa,NY,2025,230250.0,12
394350,"Auburn, NY",msa,NY,2026,238594.0,7
394352,"Augusta, GA",msa,GA,2000,100815.0,12
394352,"Augusta, GA",msa,GA,2001,104149.0,12
394352,"Augusta, GA",msa,GA,2002,105904.0,12
394352,"Augusta, GA",msa,GA,2003,109864.0,12
394352,"Augusta, GA",msa,GA,2004,116498.0,12
394352,"Augusta, GA",msa,GA,2005,124991.0,12
394352,"Augusta, GA",msa,GA,2006,135323.0,12
394352,"Augusta, GA",msa,GA,2007,141307.0,12
394352,"Augusta, GA",msa,GA,2008,141159.0,12
394352,"Augusta, GA",msa,GA,2009,138029.0,12
394352,"Augusta, GA",msa,GA,2010,132900.0,12
394352,"Augusta, GA",msa,GA,2011,126551.0,12
394352,"Augusta, GA",msa,GA,2012,126201.0,12
394352,"Augusta, GA",msa,GA,2013,128360.0,12
394352,"Augusta, GA",msa,GA,2014,130132.0,12
394352,"Augusta, GA",msa,GA,2015,136372.0,12
394352,"Augusta, GA",msa,GA,2016,138974.0,12
394352,"Augusta, GA",msa,GA,2017,144654.0,12
394352,"Augusta, GA",msa,GA,2018,155685.0,12
394352,"Augusta, GA",msa,GA,2019,165380.0,12
394352,"Augusta, GA",msa,GA,2020,183834.0,12
394352,"Augusta, GA",msa,GA,2021,209390.0,12
394352,"Augusta, GA",msa,GA,2022,234703.0,12
394352,"Augusta, GA",msa,GA,2023,241088.0,12
394352,"Augusta, GA",msa,GA,2024,247113.0,12
394352,"Augusta, GA",msa,GA,2025,249372.0,12
394352,"Augusta, GA",msa,GA,2026,253288.0,7
394353,"Augusta, ME",msa,ME,2000,92013.0,12
394353,"Augusta, ME",msa,ME,2001,99152.0,12
394353,"Augusta, ME",msa,ME,2002,107063.0,12
394353,"Augusta, ME",msa,ME,2003,117653.0,12
394353,"Augusta, ME",msa,ME,2004,133782.0,12
394353,"Augusta, ME",msa,ME,2005,148576.0,12
394353,"Augusta, ME",msa,ME,2006,153277.0,12
394353,"Augusta, ME",msa,ME,2007,155191.0,12
394353,"Augusta, ME",msa,ME,2008,149611.0,12
394353,"Augusta, ME",msa,ME,2009,143822.0,12
394353,"Augusta, ME",msa,ME,2010,141174.0,12
394353,"Augusta, ME",msa,ME,2011,139429.0,12
394353,"Augusta, ME",msa,ME,2012,141465.0,12
394353,"Augusta, ME",msa,ME,2013,140122.0,12
394353,"Augusta, ME",msa,ME,2014,141879.0,12
394353,"Augusta, ME",msa,ME,2015,147778.0,12
394353,"Augusta, ME",msa,ME,2016,151115.0,12
394353,"Augusta, ME",msa,ME,2017,159026.0,12
394353,"Augusta, ME",msa,ME,2018,168395.0,12
394353,"Augusta, ME",msa,ME,2019,179273.0,12
394353,"Augusta, ME",msa,ME,2020,209240.0,12
394353,"Augusta, ME",msa,ME,2021,249999.0,12
394353,"Augusta, ME",msa,ME,2022,278078.0,12
394353,"Augusta, ME",msa,ME,2023,310294.0,12
394353,"Augusta, ME",msa,ME,2024,321123.0,12
394353,"Augusta, ME",msa,ME,2025,321115.0,12
394353,"Augusta, ME",msa,ME,2026,324624.0,7
394354,"Austin, MN",msa,MN,2000,76844.0,12
394354,"Austin, MN",msa,MN,2001,83334.0,12
394354,"Austin, MN",msa,MN,2002,88546.0,12
394354,"Austin, MN",msa,MN,2003,94921.0,12
394354,"Austin, MN",msa,MN,2004,101546.0,12
394354,"Austin, MN",msa,MN,2005,106250.0,12
394354,"Austin, MN",msa,MN,2006,105887.0,12
394354,"Austin, MN",msa,MN,2007,102203.0,12
394354,"Austin, MN",msa,MN,2008,97690.0,12
394354,"Austin, MN",msa,MN,2009,90504.0,12
394354,"Austin, MN",msa,MN,2010,88329.0,12
394354,"Austin, MN",msa,MN,2011,84922.0,12
394354,"Austin, MN",msa,MN,2012,92512.0,12
394354,"Austin, MN",msa,MN,2013,95178.0,12
394354,"Austin, MN",msa,MN,2014,93909.0,12
394354,"Austin, MN",msa,MN,2015,99022.0,12
394354,"Austin, MN",msa,MN,2016,104242.0,12
394354,"Austin, MN",msa,MN,2017,111017.0,12
394354,"Austin, MN",msa,MN,2018,121348.0,12
394354,"Austin, MN",msa,MN,2019,128392.0,12
394354,"Austin, MN",msa,MN,2020,143247.0,12
394354,"Austin, MN",msa,MN,2021,164181.0,12
394354,"Austin, MN",msa,MN,2022,176755.0,12
394354,"Austin, MN",msa,MN,2023,184605.0,12
394354,"Austin, MN",msa,MN,2024,193733.0,12
394354,"Austin, MN",msa,MN,2025,204389.0,12
394354,"Austin, MN",msa,MN,2026,207734.0,7
394355,"Austin, TX",msa,TX,2000,185998.0,12
394355,"Austin, TX",msa,TX,2001,188557.0,12
394355,"Austin, TX",msa,TX,2002,186462.0,12
394355,"Austin, TX",msa,TX,2003,187053.0,12
394355,"Austin, TX",msa,TX,2004,194160.0,12
394355,"Austin, TX",msa,TX,2005,200483.0,12
394355,"Austin, TX",msa,TX,2006,207259.0,12
394355,"Austin, TX",msa,TX,2007,215241.0,12
394355,"Austin, TX",msa,TX,2008,211198.0,12
394355,"Austin, TX",msa,TX,2009,206649.0,12
394355,"Austin, TX",msa,TX,2010,201100.0,12
394355,"Austin, TX",msa,TX,2011,197897.0,12
394355,"Austin, TX",msa,TX,2012,208488.0,12
394355,"Austin, TX",msa,TX,2013,230973.0,12
394355,"Austin, TX",msa,TX,2014,256409.0,12
394355,"Austin, TX",msa,TX,2015,280629.0,12
394355,"Austin, TX",msa,TX,2016,298169.0,12
394355,"Austin, TX",msa,TX,2017,310277.0,12
394355,"Austin, TX",msa,TX,2018,320612.0,12
394355,"Austin, TX",msa,TX,2019,333144.0,12
394355,"Austin, TX",msa,TX,2020,374512.0,12
394355,"Austin, TX",msa,TX,2021,506827.0,12
394355,"Austin, TX",msa,TX,2022,528816.0,12
394355,"Austin, TX",msa,TX,2023,484937.0,12
394355,"Austin, TX",msa,TX,2024,468685.0,12
394355,"Austin, TX",msa,TX,2025,440452.0,12
394355,"Austin, TX",msa,TX,2026,424339.0,7
394356,"Bainbridge, GA",msa,GA,2000,104322.0,12
394356,"Bainbridge, GA",msa,GA,2001,109533.0,12
394356,"Bainbridge, GA",msa,GA,2002,112333.0,12
394356,"Bainbridge, GA",msa,GA,2003,115613.0,12
394356,"Bainbridge, GA",msa,GA,2004,120833.0,11
394356,"Bainbridge, GA",msa,GA,2005,111523.0,12
394356,"Bainbridge, GA",msa,GA,2006,117331.0,12
394356,"Bainbridge, GA",msa,GA,2007,119291.0,12
394356,"Bainbridge, GA",msa,GA,2008,116175.0,12
394356,"Bainbridge, GA",msa,GA,2009,108489.0,12
394356,"Bainbridge, GA",msa,GA,2010,100359.0,12
394356,"Bainbridge, GA",msa,GA,2011,94986.0,12
394356,"Bainbridge, GA",msa,GA,2012,98723.0,12
394356,"Bainbridge, GA",msa,GA,2013,99396.0,12
394356,"Bainbridge, GA",msa,GA,2014,100054.0,12
394356,"Bainbridge, GA",msa,GA,2015,102109.0,12
394356,"Bainbridge, GA",msa,GA,2016,100171.0,12
394356,"Bainbridge, GA",msa,GA,2017,98547.0,12
394356,"Bainbridge, GA",msa,GA,2018,104065.0,12
394356,"Bainbridge, GA",msa,GA,2019,114096.0,12
394356,"Bainbridge, GA",msa,GA,2020,125625.0,12
394356,"Bainbridge, GA",msa,GA,2021,149419.0,12
394356,"Bainbridge, GA",msa,GA,2022,160935.0,12
394356,"Bainbridge, GA",msa,GA,2023,174431.0,12
394356,"Bainbridge, GA",msa,GA,2024,173229.0,12
394356,"Bainbridge, GA",msa,GA,2025,165752.0,12
394356,"Bainbridge, GA",msa,GA,2026,171346.0,7
394357,"Bakersfield, CA",msa,CA,2000,99909.0,12
394357,"Bakersfield, CA",msa,CA,2001,106585.0,12
394357,"Bakersfield, CA",msa,CA,2002,118625.0,12
394357,"Bakersfield, CA",msa,CA,2003,139635.0,12
394357,"Bakersfield, CA",msa,CA,2004,185514.0,12
394357,"Bakersfield, CA",msa,CA,2005,246448.0,12
394357,"Bakersfield, CA",msa,CA,2006,272767.0,12
394357,"Bakersfield, CA",msa,CA,2007,243278.0,12
394357,"Bakersfield, CA",msa,CA,2008,169989.0,12
394357,"Bakersfield, CA",msa,CA,2009,135510.0,12
394357,"Bakersfield, CA",msa,CA,2010,131643.0,12
394357,"Bakersfield, CA",msa,CA,2011,122160.0,12
394357,"Bakersfield, CA",msa,CA,2012,135208.0,12
394357,"Bakersfield, CA",msa,CA,2013,165095.0,12
394357,"Bakersfield, CA",msa,CA,2014,179506.0,12
394357,"Bakersfield, CA",msa,CA,2015,192132.0,12
394357,"Bakersfield, CA",msa,CA,2016,200292.0,12
394357,"Bakersfield, CA",msa,CA,2017,212104.0,12
394357,"Bakersfield, CA",msa,CA,2018,224902.0,12
394357,"Bakersfield, CA",msa,CA,2019,236854.0,12
394357,"Bakersfield, CA",msa,CA,2020,260990.0,12
394357,"Bakersfield, CA",msa,CA,2021,308700.0,12
394357,"Bakersfield, CA",msa,CA,2022,336775.0,12
394357,"Bakersfield, CA",msa,CA,2023,348631.0,12
394357,"Bakersfield, CA",msa,CA,2024,365924.0,12
394357,"Bakersfield, CA",msa,CA,2025,365108.0,12
394357,"Bakersfield, CA",msa,CA,2026,364984.0,7
394358,"Baltimore, MD",msa,MD,2000,150987.0,12
394358,"Baltimore, MD",msa,MD,2001,159927.0,12
394358,"Baltimore, MD",msa,MD,2002,177844.0,12
394358,"Baltimore, MD",msa,MD,2003,203027.0,12
394358,"Baltimore, MD",msa,MD,2004,242665.0,12
394358,"Baltimore, MD",msa,MD,2005,291561.0,12
394358,"Baltimore, MD",msa,MD,2006,315966.0,12
394358,"Baltimore, MD",msa,MD,2007,313026.0,12
394358,"Baltimore, MD",msa,MD,2008,287500.0,12
394358,"Baltimore, MD",msa,MD,2009,265490.0,12
394358,"Baltimore, MD",msa,MD,2010,253473.0,12
394358,"Baltimore, MD",msa,MD,2011,238944.0,12
394358,"Baltimore, MD",msa,MD,2012,245126.0,12
394358,"Baltimore, MD",msa,MD,2013,257980.0,12
394358,"Baltimore, MD",msa,MD,2014,265194.0,12
394358,"Baltimore, MD",msa,MD,2015,270196.0,12
394358,"Baltimore, MD",msa,MD,2016,276359.0,12
394358,"Baltimore, MD",msa,MD,2017,284474.0,12
394358,"Baltimore, MD",msa,MD,2018,292783.0,12
394358,"Baltimore, MD",msa,MD,2019,301886.0,12
394358,"Baltimore, MD",msa,MD,2020,322977.0,12
394358,"Baltimore, MD",msa,MD,2021,353870.0,12
394358,"Baltimore, MD",msa,MD,2022,370899.0,12
394358,"Baltimore, MD",msa,MD,2023,385841.0,12
394358,"Baltimore, MD",msa,MD,2024,398686.0,12
394358,"Baltimore, MD",msa,MD,2025,403417.0,12
394358,"Baltimore, MD",msa,MD,2026,405069.0,7
394359,"Bangor, ME",msa,ME,2000,90118.0,12
394359,"Bangor, ME",msa,ME,2001,97524.0,12
394359,"Bangor, ME",msa,ME,2002,106566.0,12
394359,"Bangor, ME",msa,ME,2003,117119.0,12
394359,"Bangor, ME",msa,ME,2004,132390.0,12
394359,"Bangor, ME",msa,ME,2005,145084.0,12
394359,"Bangor, ME",msa,ME,2006,149208.0,12
394359,"Bangor, ME",msa,ME,2007,150125.0,12
394359,"Bangor, ME",msa,ME,2008,146080.0,12
394359,"Bangor, ME",msa,ME,2009,140994.0,12
394359,"Bangor, ME",msa,ME,2010,138159.0,12
394359,"Bangor, ME",msa,ME,2011,136273.0,12
394359,"Bangor, ME",msa,ME,2012,137296.0,12
394359,"Bangor, ME",msa,ME,2013,140656.0,12
394359,"Bangor, ME",msa,ME,2014,139482.0,12
394359,"Bangor, ME",msa,ME,2015,142338.0,12
394359,"Bangor, ME",msa,ME,2016,145090.0,12
394359,"Bangor, ME",msa,ME,2017,150311.0,12
394359,"Bangor, ME",msa,ME,2018,161078.0,12
394359,"Bangor, ME",msa,ME,2019,165067.0,12
394359,"Bangor, ME",msa,ME,2020,189064.0,12
394359,"Bangor, ME",msa,ME,2021,220234.0,12
394359,"Bangor, ME",msa,ME,2022,244674.0,12
394359,"Bangor, ME",msa,ME,2023,262741.0,12
394359,"Bangor, ME",msa,ME,2024,276741.0,12
394359,"Bangor, ME",msa,ME,2025,281296.0,12
394359,"Bangor, ME",msa,ME,2026,286652.0,7
394360,"Baraboo, WI",msa,WI,2009,169504.0,12
394360,"Baraboo, WI",msa,WI,2010,165671.0,12
394360,"Baraboo, WI",msa,WI,2011,161104.0,12
394360,"Baraboo, WI",msa,WI,2012,166481.0,12
394360,"Baraboo, WI",msa,WI,2013,171425.0,12
394360,"Baraboo, WI",msa,WI,2014,176378.0,12
394360,"Baraboo, WI",msa,WI,2015,187640.0,12
394360,"Baraboo, WI",msa,WI,2016,197962.0,12
394360,"Baraboo, WI",msa,WI,2017,209527.0,12
394360,"Baraboo, WI",msa,WI,2018,218363.0,12
394360,"Baraboo, WI",msa,WI,2019,232551.0,12
394360,"Baraboo, WI",msa,WI,2020,254997.0,12
394360,"Baraboo, WI",msa,WI,2021,283520.0,12
394360,"Baraboo, WI",msa,WI,2022,302993.0,12
394360,"Baraboo, WI",msa,WI,2023,316881.0,12
394360,"Baraboo, WI",msa,WI,2024,329491.0,12
394360,"Baraboo, WI",msa,WI,2025,340805.0,12
394360,"Baraboo, WI",msa,WI,2026,346052.0,7
753865,"Bardstown, KY",msa,KY,2000,97461.0,12
753865,"Bardstown, KY",msa,KY,2001,101559.0,12
753865,"Bardstown, KY",msa,KY,2002,105342.0,12
753865,"Bardstown, KY",msa,KY,2003,109333.0,12
753865,"Bardstown, KY",msa,KY,2004,114398.0,12
753865,"Bardstown, KY",msa,KY,2005,119276.0,12
753865,"Bardstown, KY",msa,KY,2006,122278.0,12
753865,"Bardstown, KY",msa,KY,2007,124220.0,12
753865,"Bardstown, KY",msa,KY,2008,123699.0,12
753865,"Bardstown, KY",msa,KY,2009,121508.0,12
753865,"Bardstown, KY",msa,KY,2010,121138.0,12
753865,"Bardstown, KY",msa,KY,2011,114815.0,12
753865,"Bardstown, KY",msa,KY,2012,117093.0,12
753865,"Bardstown, KY",msa,KY,2013,118467.0,12
753865,"Bardstown, KY",msa,KY,2014,121650.0,12
753865,"Bardstown, KY",msa,KY,2015,126749.0,12
753865,"Bardstown, KY",msa,KY,2016,133609.0,12
753865,"Bardstown, KY",msa,KY,2017,142669.0,12
753865,"Bardstown, KY",msa,KY,2018,152862.0,12
753865,"Bardstown, KY",msa,KY,2019,162489.0,12
753865,"Bardstown, KY",msa,KY,2020,184185.0,12
753865,"Bardstown, KY",msa,KY,2021,207277.0,12
753865,"Bardstown, KY",msa,KY,2022,229720.0,12
753865,"Bardstown, KY",msa,KY,2023,240512.0,12
753865,"Bardstown, KY",msa,KY,2024,252398.0,12
753865,"Bardstown, KY",msa,KY,2025,262063.0,12
753865,"Bardstown, KY",msa,KY,2026,268201.0,7
394361,"Barnstable Town, MA",msa,MA,2000,225333.0,12
394361,"Barnstable Town, MA",msa,MA,2001,266756.0,12
394361,"Barnstable Town, MA",msa,MA,2002,316580.0,12
394361,"Barnstable Town, MA",msa,MA,2003,371546.0,12
394361,"Barnstable Town, MA",msa,MA,2004,420269.0,12
394361,"Barnstable Town, MA",msa,MA,2005,449491.0,12
394361,"Barnstable Town, MA",msa,MA,2006,433169.0,12
394361,"Barnstable Town, MA",msa,MA,2007,412540.0,12
394361,"Barnstable Town, MA",msa,MA,2008,393000.0,12
394361,"Barnstable Town, MA",msa,MA,2009,369813.0,12
394361,"Barnstable Town, MA",msa,MA,2010,374687.0,12
394361,"Barnstable Town, MA",msa,MA,2011,352573.0,12
394361,"Barnstable Town, MA",msa,MA,2012,348910.0,12
394361,"Barnstable Town, MA",msa,MA,2013,365364.0,12
394361,"Barnstable Town, MA",msa,MA,2014,372708.0,12
394361,"Barnstable Town, MA",msa,MA,2015,389325.0,12
394361,"Barnstable Town, MA",msa,MA,2016,402003.0,12
394361,"Barnstable Town, MA",msa,MA,2017,425070.0,12
394361,"Barnstable Town, MA",msa,MA,2018,445421.0,12
394361,"Barnstable Town, MA",msa,MA,2019,452523.0,12
394361,"Barnstable Town, MA",msa,MA,2020,498456.0,12
394361,"Barnstable Town, MA",msa,MA,2021,610276.0,12
394361,"Barnstable Town, MA",msa,MA,2022,685652.0,12
394361,"Barnstable Town, MA",msa,MA,2023,734139.0,12
394361,"Barnstable Town, MA",msa,MA,2024,759778.0,12
394361,"Barnstable Town, MA",msa,MA,2025,759943.0,12
394361,"Barnstable Town, MA",msa,MA,2026,768173.0,7
394362,"Barre, VT",msa,VT,2000,123599.0,12
394362,"Barre, VT",msa,VT,2001,133569.0,12
394362,"Barre, VT",msa,VT,2002,143724.0,12
394362,"Barre, VT",msa,VT,2003,160080.0,12
394362,"Barre, VT",msa,VT,2004,175921.0,12
394362,"Barre, VT",msa,VT,2005,192517.0,12
394362,"Barre, VT",msa,VT,2006,212289.0,12
394362,"Barre, VT",msa,VT,2007,226578.0,12
394362,"Barre, VT",msa,VT,2008,225602.0,12
394362,"Barre, VT",msa,VT,2009,218019.0,12
394362,"Barre, VT",msa,VT,2010,217838.0,12
394362,"Barre, VT",msa,VT,2011,217358.0,12
394362,"Barre, VT",msa,VT,2012,221262.0,12
394362,"Barre, VT",msa,VT,2013,227142.0,12
394362,"Barre, VT",msa,VT,2014,232842.0,12
394362,"Barre, VT",msa,VT,2015,239399.0,12
394362,"Barre, VT",msa,VT,2016,244882.0,12
394362,"Barre, VT",msa,VT,2017,254399.0,12
394362,"Barre, VT",msa,VT,2018,261791.0,12
394362,"Barre, VT",msa,VT,2019,272638.0,12
394362,"Barre, VT",msa,VT,2020,296040.0,12
394362,"Barre, VT",msa,VT,2021,338760.0,12
394362,"Barre, VT",msa,VT,2022,372224.0,12
394362,"Barre, VT",msa,VT,2023,395140.0,12
394362,"Barre, VT",msa,VT,2024,397926.0,12
394362,"Barre, VT",msa,VT,2025,396271.0,12
394362,"Barre, VT",msa,VT,2026,403232.0,7
394363,"Bartlesville, OK",msa,OK,2000,71549.0,12
394363,"Bartlesville, OK",msa,OK,2001,74405.0,12
394363,"Bartlesville, OK",msa,OK,2002,77549.0,12
394363,"Bartlesville, OK",msa,OK,2003,81266.0,12
394363,"Bartlesville, OK",msa,OK,2004,84919.0,12
394363,"Bartlesville, OK",msa,OK,2005,89636.0,12
394363,"Bartlesville, OK",msa,OK,2006,95383.0,12
394363,"Bartlesville, OK",msa,OK,2007,99005.0,12
394363,"Bartlesville, OK",msa,OK,2008,101466.0,12
394363,"Bartlesville, OK",msa,OK,2009,98237.0,12
394363,"Bartlesville, OK",msa,OK,2010,95990.0,12
394363,"Bartlesville, OK",msa,OK,2011,94266.0,12
394363,"Bartlesville, OK",msa,OK,2012,100999.0,12
394363,"Bartlesville, OK",msa,OK,2013,100899.0,12
394363,"Bartlesville, OK",msa,OK,2014,104825.0,12
394363,"Bartlesville, OK",msa,OK,2015,106902.0,12
394363,"Bartlesville, OK",msa,OK,2016,108645.0,12
394363,"Bartlesville, OK",msa,OK,2017,111672.0,12
394363,"Bartlesville, OK",msa,OK,2018,112089.0,12
394363,"Bartlesville, OK",msa,OK,2019,118857.0,12
394363,"Bartlesville, OK",msa,OK,2020,127448.0,12
394363,"Bartlesville, OK",msa,OK,2021,150586.0,12
394363,"Bartlesville, OK",msa,OK,2022,162757.0,12
394363,"Bartlesville, OK",msa,OK,2023,166168.0,12
394363,"Bartlesville, OK",msa,OK,2024,174506.0,12
394363,"Bartlesville, OK",msa,OK,2025,182388.0,12
394363,"Bartlesville, OK",msa,OK,2026,187410.0,7
394365,"Batavia, NY",msa,NY,2000,85752.0,12
394365,"Batavia, NY",msa,NY,2001,92057.0,12
394365,"Batavia, NY",msa,NY,2002,99949.0,12
394365,"Batavia, NY",msa,NY,2003,108151.0,12
394365,"Batavia, NY",msa,NY,2004,120373.0,12
394365,"Batavia, NY",msa,NY,2005,131988.0,12
394365,"Batavia, NY",msa,NY,2006,134139.0,12
394365,"Batavia, NY",msa,NY,2007,134407.0,12
394365,"Batavia, NY",msa,NY,2008,123472.0,12
394365,"Batavia, NY",msa,NY,2009,115162.0,12
394365,"Batavia, NY",msa,NY,2010,113339.0,12
394365,"Batavia, NY",msa,NY,2011,109695.0,12
394365,"Batavia, NY",msa,NY,2012,111096.0,12
394365,"Batavia, NY",msa,NY,2013,111814.0,12
394365,"Batavia, NY",msa,NY,2014,113560.0,12
394365,"Batavia, NY",msa,NY,2015,118862.0,12
394365,"Batavia, NY",msa,NY,2016,123579.0,12
394365,"Batavia, NY",msa,NY,2017,128658.0,12
394365,"Batavia, NY",msa,NY,2018,133995.0,12
394365,"Batavia, NY",msa,NY,2019,141807.0,12
394365,"Batavia, NY",msa,NY,2020,160644.0,12
394365,"Batavia, NY",msa,NY,2021,176605.0,12
394365,"Batavia, NY",msa,NY,2022,194553.0,12
394365,"Batavia, NY",msa,NY,2023,204739.0,12
394365,"Batavia, NY",msa,NY,2024,217842.0,12
394365,"Batavia, NY",msa,NY,2025,223365.0,12
394365,"Batavia, NY",msa,NY,2026,230944.0,7
394366,"Batesville, AR",msa,AR,2000,81271.0,12
394366,"Batesville, AR",msa,AR,2001,85264.0,12
394366,"Batesville, AR",msa,AR,2002,88219.0,12
394366,"Batesville, AR",msa,AR,2003,91731.0,12
394366,"Batesville, AR",msa,AR,2004,97135.0,12
394366,"Batesville, AR",msa,AR,2005,104700.0,12
394366,"Batesville, AR",msa,AR,2006,109494.0,12
394366,"Batesville, AR",msa,AR,2007,111220.0,12
394366,"Batesville, AR",msa,AR,2008,110071.0,12
394366,"Batesville, AR",msa,AR,2009,107668.0,12
394366,"Batesville, AR",msa,AR,2010,105653.0,12
394366,"Batesville, AR",msa,AR,2011,103496.0,12
394366,"Batesville, AR",msa,AR,2012,107715.0,12
394366,"Batesville, AR",msa,AR,2013,108487.0,12
394366,"Batesville, AR",msa,AR,2014,108929.0,12
394366,"Batesville, AR",msa,AR,2015,114563.0,12
394366,"Batesville, AR",msa,AR,2016,117978.0,12
394366,"Batesville, AR",msa,AR,2017,120638.0,12
394366,"Batesville, AR",msa,AR,2018,124115.0,12
394366,"Batesville, AR",msa,AR,2019,130707.0,12
394366,"Batesville, AR",msa,AR,2020,140596.0,12
394366,"Batesville, AR",msa,AR,2021,157134.0,12
394366,"Batesville, AR",msa,AR,2022,158728.0,12
394366,"Batesville, AR",msa,AR,2023,157705.0,12
394366,"Batesville, AR",msa,AR,2024,158938.0,12
394366,"Batesville, AR",msa,AR,2025,159217.0,12
394366,"Batesville, AR",msa,AR,2026,163878.0,7
394367,"Baton Rouge, LA",msa,LA,2002,141634.0,12
394367,"Baton Rouge, LA",msa,LA,2003,140443.0,12
394367,"Baton Rouge, LA",msa,LA,2004,148169.0,12
394367,"Baton Rouge, LA",msa,LA,2005,161530.0,12
394367,"Baton Rouge, LA",msa,LA,2006,182445.0,12
394367,"Baton Rouge, LA",msa,LA,2007,188789.0,12
394367,"Baton Rouge, LA",msa,LA,2008,187059.0,12
394367,"Baton Rouge, LA",msa,LA,2009,185791.0,12
394367,"Baton Rouge, LA",msa,LA,2010,182715.0,12
394367,"Baton Rouge, LA",msa,LA,2011,172854.0,12
394367,"Baton Rouge, LA",msa,LA,2012,169106.0,12
394367,"Baton Rouge, LA",msa,LA,2013,172604.0,12
394367,"Baton Rouge, LA",msa,LA,2014,177340.0,12
394367,"Baton Rouge, LA",msa,LA,2015,185165.0,12
394367,"Baton Rouge, LA",msa,LA,2016,186810.0,12
394367,"Baton Rouge, LA",msa,LA,2017,191985.0,12
394367,"Baton Rouge, LA",msa,LA,2018,193320.0,12
394367,"Baton Rouge, LA",msa,LA,2019,199077.0,12
394367,"Baton Rouge, LA",msa,LA,2020,208462.0,12
394367,"Baton Rouge, LA",msa,LA,2021,223151.0,12
394367,"Baton Rouge, LA",msa,LA,2022,233806.0,12
394367,"Baton Rouge, LA",msa,LA,2023,241376.0,12
394367,"Baton Rouge, LA",msa,LA,2024,245757.0,12
394367,"Baton Rouge, LA",msa,LA,2025,245363.0,12
394367,"Baton Rouge, LA",msa,LA,2026,249578.0,7
394368,"Battle Creek, MI",msa,MI,2000,85936.0,12
394368,"Battle Creek, MI",msa,MI,2001,90328.0,12
394368,"Battle Creek, MI",msa,MI,2002,90082.0,12
394368,"Battle Creek, MI",msa,MI,2003,96157.0,12
394368,"Battle Creek, MI",msa,MI,2004,100814.0,12
394368,"Battle Creek, MI",msa,MI,2005,105560.0,12
394368,"Battle Creek, MI",msa,MI,2006,107328.0,12
394368,"Battle Creek, MI",msa,MI,2007,100240.0,12
394368,"Battle Creek, MI",msa,MI,2008,90749.0,12
394368,"Battle Creek, MI",msa,MI,2009,79944.0,12
394368,"Battle Creek, MI",msa,MI,2010,75967.0,12
394368,"Battle Creek, MI",msa,MI,2011,75398.0,12
394368,"Battle Creek, MI",msa,MI,2012,76100.0,12
394368,"Battle Creek, MI",msa,MI,2013,75179.0,12
394368,"Battle Creek, MI",msa,MI,2014,85491.0,12
394368,"Battle Creek, MI",msa,MI,2015,89994.0,12
394368,"Battle Creek, MI",msa,MI,2016,96977.0,12
394368,"Battle Creek, MI",msa,MI,2017,103864.0,12
394368,"Battle Creek, MI",msa,MI,2018,109001.0,12
394368,"Battle Creek, MI",msa,MI,2019,122511.0,12
394368,"Battle Creek, MI",msa,MI,2020,134992.0,12
394368,"Battle Creek, MI",msa,MI,2021,158060.0,12
394368,"Battle Creek, MI",msa,MI,2022,162494.0,12
394368,"Battle Creek, MI",msa,MI,2023,172395.0,12
394368,"Battle Creek, MI",msa,MI,2024,182412.0,12
394368,"Battle Creek, MI",msa,MI,2025,188700.0,12
394368,"Battle Creek, MI",msa,MI,2026,194043.0,7
394369,"Bay City, MI",msa,MI,2000,94118.0,12
394369,"Bay City, MI",msa,MI,2001,99519.0,12
394369,"Bay City, MI",msa,MI,2002,100497.0,12
394369,"Bay City, MI",msa,MI,2003,104200.0,12
394369,"Bay City, MI",msa,MI,2004,107736.0,12
394369,"Bay City, MI",msa,MI,2005,109948.0,12
394369,"Bay City, MI",msa,MI,2006,110520.0,12
394369,"Bay City, MI",msa,MI,2007,104930.0,12
394369,"Bay City, MI",msa,MI,2008,95593.0,12
394369,"Bay City, MI",msa,MI,2009,86508.0,12
394369,"Bay City, MI",msa,MI,2010,83894.0,12
394369,"Bay City, MI",msa,MI,2011,83426.0,12
394369,"Bay City, MI",msa,MI,2012,86236.0,12
394369,"Bay City, MI",msa,MI,2013,90072.0,12
394369,"Bay City, MI",msa,MI,2014,91224.0,12
394369,"Bay City, MI",msa,MI,2015,95052.0,12
394369,"Bay City, MI",msa,MI,2016,96271.0,12
394369,"Bay City, MI",msa,MI,2017,100627.0,12
394369,"Bay City, MI",msa,MI,2018,103227.0,12
394369,"Bay City, MI",msa,MI,2019,116041.0,12
394369,"Bay City, MI",msa,MI,2020,126960.0,12
394369,"Bay City, MI",msa,MI,2021,140124.0,12
394369,"Bay City, MI",msa,MI,2022,149136.0,12
394369,"Bay City, MI",msa,MI,2023,162797.0,12
394369,"Bay City, MI",msa,MI,2024,172835.0,12
394369,"Bay City, MI",msa,MI,2025,182398.0,12
394369,"Bay City, MI",msa,MI,2026,188682.0,7
394370,"Bay City, TX",msa,TX,2009,125513.0,12
394370,"Bay City, TX",msa,TX,2010,124989.0,12
394370,"Bay City, TX",msa,TX,2011,124912.0,12
394370,"Bay City, TX",msa,TX,2012,125635.0,12
394370,"Bay City, TX",msa,TX,2013,130983.0,12
394370,"Bay City, TX",msa,TX,2014,134428.0,12
394370,"Bay City, TX",msa,TX,2015,146150.0,12
394370,"Bay City, TX",msa,TX,2016,153485.0,12
394370,"Bay City, TX",msa,TX,2017,158773.0,12
394370,"Bay City, TX",msa,TX,2018,170055.0,12
394370,"Bay City, TX",msa,TX,2019,165104.0,12
394370,"Bay City, TX",msa,TX,2020,177615.0,12
394370,"Bay City, TX",msa,TX,2021,194063.0,12
394370,"Bay City, TX",msa,TX,2022,203133.0,12
394370,"Bay City, TX",msa,TX,2023,195187.0,12
394370,"Bay City, TX",msa,TX,2024,203809.0,12
394370,"Bay City, TX",msa,TX,2025,207803.0,12
394370,"Bay City, TX",msa,TX,2026,210191.0,7
394371,"Beatrice, NE",msa,NE,2006,89148.0,12
394371,"Beatrice, NE",msa,NE,2007,90553.0,12
394371,"Beatrice, NE",msa,NE,2008,92020.0,12
394371,"Beatrice, NE",msa,NE,2009,92170.0,12
394371,"Beatrice, NE",msa,NE,2010,89597.0,12
394371,"Beatrice, NE",msa,NE,2011,90403.0,12
394371,"Beatrice, NE",msa,NE,2012,94873.0,12
394371,"Beatrice, NE",msa,NE,2013,96971.0,12
394371,"Beatrice, NE",msa,NE,2014,98864.0,12
394371,"Beatrice, NE",msa,NE,2015,104261.0,12
394371,"Beatrice, NE",msa,NE,2016,108446.0,12
394371,"Beatrice, NE",msa,NE,2017,119707.0,12
394371,"Beatrice, NE",msa,NE,2018,125106.0,12
394371,"Beatrice, NE",msa,NE,2019,130016.0,12
394371,"Beatrice, NE",msa,NE,2020,142480.0,12
394371,"Beatrice, NE",msa,NE,2021,157666.0,12
394371,"Beatrice, NE",msa,NE,2022,175285.0,12
394371,"Beatrice, NE",msa,NE,2023,179072.0,12
394371,"Beatrice, NE",msa,NE,2024,193532.0,12
394371,"Beatrice, NE",msa,NE,2025,203133.0,12
394371,"Beatrice, NE",msa,NE,2026,204614.0,7
394372,"Beaumont, TX",msa,TX,2005,111438.0,12
394372,"Beaumont, TX",msa,TX,2006,118516.0,12
394372,"Beaumont, TX",msa,TX,2007,125471.0,12
394372,"Beaumont, TX",msa,TX,2008,126613.0,12
394372,"Beaumont, TX",msa,TX,2009,125030.0,12
394372,"Beaumont, TX",msa,TX,2010,124067.0,12
394372,"Beaumont, TX",msa,TX,2011,122154.0,12
394372,"Beaumont, TX",msa,TX,2012,120034.0,12
394372,"Beaumont, TX",msa,TX,2013,123913.0,12
394372,"Beaumont, TX",msa,TX,2014,127860.0,12
394372,"Beaumont, TX",msa,TX,2015,132410.0,12
394372,"Beaumont, TX",msa,TX,2016,133883.0,12
394372,"Beaumont, TX",msa,TX,2017,141823.0,12
394372,"Beaumont, TX",msa,TX,2018,153129.0,12
394372,"Beaumont, TX",msa,TX,2019,166963.0,12
394372,"Beaumont, TX",msa,TX,2020,174698.0,12
394372,"Beaumont, TX",msa,TX,2021,185349.0,12
394372,"Beaumont, TX",msa,TX,2022,187867.0,12
394372,"Beaumont, TX",msa,TX,2023,176879.0,12
394372,"Beaumont, TX",msa,TX,2024,180113.0,12
394372,"Beaumont, TX",msa,TX,2025,182561.0,12
394372,"Beaumont, TX",msa,TX,2026,187418.0,7
394373,"Beaver Dam, WI",msa,WI,2006,158301.0,12
394373,"Beaver Dam, WI",msa,WI,2007,157867.0,12
394373,"Beaver Dam, WI",msa,WI,2008,154300.0,12
394373,"Beaver Dam, WI",msa,WI,2009,147561.0,12
394373,"Beaver Dam, WI",msa,WI,2010,143808.0,12
394373,"Beaver Dam, WI",msa,WI,2011,139306.0,12
394373,"Beaver Dam, WI",msa,WI,2012,144225.0,12
394373,"Beaver Dam, WI",msa,WI,2013,147964.0,12
394373,"Beaver Dam, WI",msa,WI,2014,154834.0,12
394373,"Beaver Dam, WI",msa,WI,2015,160394.0,12
394373,"Beaver Dam, WI",msa,WI,2016,167054.0,12
394373,"Beaver Dam, WI",msa,WI,2017,174914.0,12
394373,"Beaver Dam, WI",msa,WI,2018,185850.0,12
394373,"Beaver Dam, WI",msa,WI,2019,198371.0,12
394373,"Beaver Dam, WI",msa,WI,2020,219225.0,12
394373,"Beaver Dam, WI",msa,WI,2021,244048.0,12
394373,"Beaver Dam, WI",msa,WI,2022,257377.0,12
394373,"Beaver Dam, WI",msa,WI,2023,276160.0,12
394373,"Beaver Dam, WI",msa,WI,2024,298313.0,12
394373,"Beaver Dam, WI",msa,WI,2025,319803.0,12
394373,"Beaver Dam, WI",msa,WI,2026,328264.0,7
394374,"Beckley, WV",msa,WV,2000,63279.0,12
394374,"Beckley, WV",msa,WV,2001,65857.0,12
394374,"Beckley, WV",msa,WV,2002,68157.0,12
394374,"Beckley, WV",msa,WV,2003,70630.0,12
394374,"Beckley, WV",msa,WV,2004,75823.0,12
394374,"Beckley, WV",msa,WV,2005,83363.0,12
394374,"Beckley, WV",msa,WV,2006,85820.0,12
394374,"Beckley, WV",msa,WV,2007,86757.0,12
394374,"Beckley, WV",msa,WV,2008,84127.0,12
394374,"Beckley, WV",msa,WV,2009,80348.0,12
394374,"Beckley, WV",msa,WV,2010,79749.0,12
394374,"Beckley, WV",msa,WV,2011,79973.0,12
394374,"Beckley, WV",msa,WV,2012,84351.0,12
394374,"Beckley, WV",msa,WV,2013,83972.0,12
394374,"Beckley, WV",msa,WV,2014,84022.0,12
394374,"Beckley, WV",msa,WV,2015,95777.0,12
394374,"Beckley, WV",msa,WV,2016,90757.0,12
394374,"Beckley, WV",msa,WV,2017,92055.0,12
394374,"Beckley, WV",msa,WV,2018,92847.0,12
394374,"Beckley, WV",msa,WV,2019,95418.0,12
394374,"Beckley, WV",msa,WV,2020,107925.0,12
394374,"Beckley, WV",msa,WV,2021,115675.0,12
394374,"Beckley, WV",msa,WV,2022,133357.0,12
394374,"Beckley, WV",msa,WV,2023,144255.0,12
394374,"Beckley, WV",msa,WV,2024,155522.0,12
394374,"Beckley, WV",msa,WV,2025,147733.0,12
394374,"Beckley, WV",msa,WV,2026,150735.0,7
394375,"Bedford, IN",msa,IN,2010,89791.0,12
394375,"Bedford, IN",msa,IN,2011,88866.0,12
394375,"Bedford, IN",msa,IN,2012,91521.0,12
394375,"Bedford, IN",msa,IN,2013,93938.0,12
394375,"Bedford, IN",msa,IN,2014,98553.0,12
394375,"Bedford, IN",msa,IN,2015,100559.0,12
394375,"Bedford, IN",msa,IN,2016,100604.0,12
394375,"Bedford, IN",msa,IN,2017,109876.0,12
394375,"Bedford, IN",msa,IN,2018,119698.0,12
394375,"Bedford, IN",msa,IN,2019,132910.0,12
394375,"Bedford, IN",msa,IN,2020,149431.0,12
394375,"Bedford, IN",msa,IN,2021,172607.0,12
394375,"Bedford, IN",msa,IN,2022,184630.0,12
394375,"Bedford, IN",msa,IN,2023,192510.0,12
394375,"Bedford, IN",msa,IN,2024,201382.0,12
394375,"Bedford, IN",msa,IN,2025,209562.0,12
394375,"Bedford, IN",msa,IN,2026,210504.0,7
394376,"Beeville, TX",msa,TX,2012,115252.0,12
394376,"Beeville, TX",msa,TX,2013,126026.0,12
394376,"Beeville, TX",msa,TX,2014,141874.0,12
394376,"Beeville, TX",msa,TX,2015,143995.0,12
394376,"Beeville, TX",msa,TX,2016,143027.0,12
394376,"Beeville, TX",msa,TX,2017,150138.0,12
394376,"Beeville, TX",msa,TX,2018,160516.0,12
394376,"Beeville, TX",msa,TX,2019,177393.0,12
394376,"Beeville, TX",msa,TX,2020,186009.0,12
394376,"Beeville, TX",msa,TX,2021,200809.0,12
394376,"Beeville, TX",msa,TX,2022,197449.0,12
394376,"Beeville, TX",msa,TX,2023,172887.0,12
394376,"Beeville, TX",msa,TX,2024,171442.0,12
394376,"Beeville, TX",msa,TX,2025,161128.0,12
394376,"Beeville, TX",msa,TX,2026,163959.0,7
394377,"Bellefontaine, OH",msa,OH,2001,106032.0,12
394377,"Bellefontaine, OH",msa,OH,2002,109154.0,12
394377,"Bellefontaine, OH",msa,OH,2003,112915.0,12
394377,"Bellefontaine, OH",msa,OH,2004,117041.0,12
394377,"Bellefontaine, OH",msa,OH,2005,120486.0,12
394377,"Bellefontaine, OH",msa,OH,2006,119969.0,12
394377,"Bellefontaine, OH",msa,OH,2007,118279.0,12
394377,"Bellefontaine, OH",msa,OH,2008,115665.0,12
394377,"Bellefontaine, OH",msa,OH,2009,111030.0,12
394377,"Bellefontaine, OH",msa,OH,2010,108559.0,12
394377,"Bellefontaine, OH",msa,OH,2011,106486.0,12
394377,"Bellefontaine, OH",msa,OH,2012,108933.0,12
394377,"Bellefontaine, OH",msa,OH,2013,117839.0,12
394377,"Bellefontaine, OH",msa,OH,2014,126817.0,12
394377,"Bellefontaine, OH",msa,OH,2015,131278.0,12
394377,"Bellefontaine, OH",msa,OH,2016,137406.0,12
394377,"Bellefontaine, OH",msa,OH,2017,143643.0,12
394377,"Bellefontaine, OH",msa,OH,2018,150989.0,12
394377,"Bellefontaine, OH",msa,OH,2019,163685.0,12
394377,"Bellefontaine, OH",msa,OH,2020,187816.0,12
394377,"Bellefontaine, OH",msa,OH,2021,200825.0,12
394377,"Bellefontaine, OH",msa,OH,2022,212002.0,12
394377,"Bellefontaine, OH",msa,OH,2023,226928.0,12
394377,"Bellefontaine, OH",msa,OH,2024,243328.0,12
394377,"Bellefontaine, OH",msa,OH,2025,252366.0,12
394377,"Bellefontaine, OH",msa,OH,2026,258354.0,7
394378,"Bellingham, WA",msa,WA,2000,149796.0,12
394378,"Bellingham, WA",msa,WA,2001,153419.0,12
394378,"Bellingham, WA",msa,WA,2002,164746.0,12
394378,"Bellingham, WA",msa,WA,2003,188795.0,12
394378,"Bellingham, WA",msa,WA,2004,234022.0,12
394378,"Bellingham, WA",msa,WA,2005,277644.0,12
394378,"Bellingham, WA",msa,WA,2006,304380.0,12
394378,"Bellingham, WA",msa,WA,2007,304792.0,12
394378,"Bellingham, WA",msa,WA,2008,292106.0,12
394378,"Bellingham, WA",msa,WA,2009,274638.0,12
394378,"Bellingham, WA",msa,WA,2010,268398.0,12
394378,"Bellingham, WA",msa,WA,2011,251946.0,12
394378,"Bellingham, WA",msa,WA,2012,250083.0,12
394378,"Bellingham, WA",msa,WA,2013,263928.0,12
394378,"Bellingham, WA",msa,WA,2014,272142.0,12
394378,"Bellingham, WA",msa,WA,2015,294690.0,12
394378,"Bellingham, WA",msa,WA,2016,322669.0,12
394378,"Bellingham, WA",msa,WA,2017,359106.0,12
394378,"Bellingham, WA",msa,WA,2018,393222.0,12
394378,"Bellingham, WA",msa,WA,2019,419860.0,12
394378,"Bellingham, WA",msa,WA,2020,472262.0,12
394378,"Bellingham, WA",msa,WA,2021,559960.0,12
394378,"Bellingham, WA",msa,WA,2022,590641.0,12
394378,"Bellingham, WA",msa,WA,2023,596667.0,12
394378,"Bellingham, WA",msa,WA,2024,622696.0,12
394378,"Bellingham, WA",msa,WA,2025,625735.0,12
394378,"Bellingham, WA",msa,WA,2026,621276.0,7
394379,"Bemidji, MN",msa,MN,2009,170091.0,12
394379,"Bemidji, MN",msa,MN,2010,144594.0,12
394379,"Bemidji, MN",msa,MN,2011,139758.0,12
394379,"Bemidji, MN",msa,MN,2012,146521.0,12
394379,"Bemidji, MN",msa,MN,2013,150476.0,12
394379,"Bemidji, MN",msa,MN,2014,150938.0,12
394379,"Bemidji, MN",msa,MN,2015,154479.0,12
394379,"Bemidji, MN",msa,MN,2016,158254.0,12
394379,"Bemidji, MN",msa,MN,2017,163264.0,12
394379,"Bemidji, MN",msa,MN,2018,167937.0,12
394379,"Bemidji, MN",msa,MN,2019,179444.0,12
394379,"Bemidji, MN",msa,MN,2020,194902.0,12
394379,"Bemidji, MN",msa,MN,2021,220175.0,12
394379,"Bemidji, MN",msa,MN,2022,237361.0,12
394379,"Bemidji, MN",msa,MN,2023,249330.0,12
394379,"Bemidji, MN",msa,MN,2024,261742.0,12
394379,"Bemidji, MN",msa,MN,2025,268759.0,12
394379,"Bemidji, MN",msa,MN,2026,273445.0,7
394380,"Bend, OR",msa,OR,2000,161871.0,12
394380,"Bend, OR",msa,OR,2001,173577.0,12
394380,"Bend, OR",msa,OR,2002,184186.0,12
394380,"Bend, OR",msa,OR,2003,198308.0,12
394380,"Bend, OR",msa,OR,2004,237446.0,12
394380,"Bend, OR",msa,OR,2005,296869.0,12
394380,"Bend, OR",msa,OR,2006,364102.0,12
394380,"Bend, OR",msa,OR,2007,358962.0,12
394380,"Bend, OR",msa,OR,2008,306432.0,12
394380,"Bend, OR",msa,OR,2009,237272.0,12
394380,"Bend, OR",msa,OR,2010,214691.0,12
394380,"Bend, OR",msa,OR,2011,203343.0,12
394380,"Bend, OR",msa,OR,2012,222917.0,12
394380,"Bend, OR",msa,OR,2013,269156.0,12
394380,"Bend, OR",msa,OR,2014,300033.0,12
394380,"Bend, OR",msa,OR,2015,339083.0,12
394380,"Bend, OR",msa,OR,2016,368845.0,12
394380,"Bend, OR",msa,OR,2017,394351.0,12
394380,"Bend, OR",msa,OR,2018,424645.0,12
394380,"Bend, OR",msa,OR,2019,443981.0,12
394380,"Bend, OR",msa,OR,2020,502297.0,12
394380,"Bend, OR",msa,OR,2021,657303.0,12
394380,"Bend, OR",msa,OR,2022,672699.0,12
394380,"Bend, OR",msa,OR,2023,687921.0,12
394380,"Bend, OR",msa,OR,2024,696389.0,12
394380,"Bend, OR",msa,OR,2025,677139.0,12
394380,"Bend, OR",msa,OR,2026,668236.0,7
394381,"Bennettsville, SC",msa,SC,2014,88199.0,12
394381,"Bennettsville, SC",msa,SC,2015,84503.0,12
394381,"Bennettsville, SC",msa,SC,2016,91885.0,12
394381,"Bennettsville, SC",msa,SC,2017,90294.0,12
394381,"Bennettsville, SC",msa,SC,2018,105929.0,12
394381,"Bennettsville, SC",msa,SC,2019,97139.0,12
394381,"Bennettsville, SC",msa,SC,2020,111019.0,12
394381,"Bennettsville, SC",msa,SC,2021,121254.0,12
394381,"Bennettsville, SC",msa,SC,2022,126909.0,12
394381,"Bennettsville, SC",msa,SC,2023,103885.0,12
394381,"Bennettsville, SC",msa,SC,2024,100813.0,12
394381,"Bennettsville, SC",msa,SC,2025,85728.0,12
394381,"Bennettsville, SC",msa,SC,2026,85381.0,7
394382,"Bennington, VT",msa,VT,2000,132242.0,12
394382,"Bennington, VT",msa,VT,2001,142155.0,12
394382,"Bennington, VT",msa,VT,2002,153256.0,12
394382,"Bennington, VT",msa,VT,2003,170427.0,12
394382,"Bennington, VT",msa,VT,2004,194486.0,12
394382,"Bennington, VT",msa,VT,2005,218293.0,12
394382,"Bennington, VT",msa,VT,2006,230943.0,12
394382,"Bennington, VT",msa,VT,2007,233985.0,12
394382,"Bennington, VT",msa,VT,2008,228848.0,12
394382,"Bennington, VT",msa,VT,2009,223881.0,12
394382,"Bennington, VT",msa,VT,2010,225925.0,12
394382,"Bennington, VT",msa,VT,2011,221015.0,12
394382,"Bennington, VT",msa,VT,2012,228048.0,12
394382,"Bennington, VT",msa,VT,2013,233359.0,12
394382,"Bennington, VT",msa,VT,2014,235466.0,12
394382,"Bennington, VT",msa,VT,2015,236664.0,12
394382,"Bennington, VT",msa,VT,2016,234884.0,12
394382,"Bennington, VT",msa,VT,2017,248648.0,12
394382,"Bennington, VT",msa,VT,2018,254300.0,12
394382,"Bennington, VT",msa,VT,2019,260823.0,12
394382,"Bennington, VT",msa,VT,2020,281694.0,12
394382,"Bennington, VT",msa,VT,2021,340187.0,12
394382,"Bennington, VT",msa,VT,2022,374279.0,12
394382,"Bennington, VT",msa,VT,2023,394023.0,12
394382,"Bennington, VT",msa,VT,2024,388689.0,12
394382,"Bennington, VT",msa,VT,2025,378036.0,12
394382,"Bennington, VT",msa,VT,2026,385604.0,7
394383,"Berlin, NH",msa,NH,2000,76354.0,12
394383,"Berlin, NH",msa,NH,2001,83338.0,12
394383,"Berlin, NH",msa,NH,2002,91213.0,12
394383,"Berlin, NH",msa,NH,2003,99073.0,12
394383,"Berlin, NH",msa,NH,2004,113063.0,12
394383,"Berlin, NH",msa,NH,2005,125414.0,12
394383,"Berlin, NH",msa,NH,2006,127290.0,12
394383,"Berlin, NH",msa,NH,2007,126670.0,12
394383,"Berlin, NH",msa,NH,2008,120920.0,12
394383,"Berlin, NH",msa,NH,2009,112029.0,12
394383,"Berlin, NH",msa,NH,2010,112670.0,12
394383,"Berlin, NH",msa,NH,2011,110557.0,12
394383,"Berlin, NH",msa,NH,2012,113234.0,12
394383,"Berlin, NH",msa,NH,2013,114146.0,12
394383,"Berlin, NH",msa,NH,2014,109386.0,12
394383,"Berlin, NH",msa,NH,2015,113249.0,12
394383,"Berlin, NH",msa,NH,2016,116465.0,12
394383,"Berlin, NH",msa,NH,2017,125989.0,12
394383,"Berlin, NH",msa,NH,2018,135263.0,12
394383,"Berlin, NH",msa,NH,2019,139350.0,12
394383,"Berlin, NH",msa,NH,2020,162138.0,12
394383,"Berlin, NH",msa,NH,2021,194793.0,12
394383,"Berlin, NH",msa,NH,2022,230082.0,12
394383,"Berlin, NH",msa,NH,2023,244048.0,12
394383,"Berlin, NH",msa,NH,2024,258846.0,12
394383,"Berlin, NH",msa,NH,2025,259333.0,12
394383,"Berlin, NH",msa,NH,2026,257240.0,7
394384,"Big Rapids, MI",msa,MI,2007,118151.0,12
394384,"Big Rapids, MI",msa,MI,2008,110414.0,12
394384,"Big Rapids, MI",msa,MI,2009,101233.0,12
394384,"Big Rapids, MI",msa,MI,2010,98869.0,12
394384,"Big Rapids, MI",msa,MI,2011,96173.0,12
394384,"Big Rapids, MI",msa,MI,2012,99570.0,12
394384,"Big Rapids, MI",msa,MI,2013,107414.0,12
394384,"Big Rapids, MI",msa,MI,2014,113236.0,12
394384,"Big Rapids, MI",msa,MI,2015,117659.0,12
394384,"Big Rapids, MI",msa,MI,2016,131863.0,12
394384,"Big Rapids, MI",msa,MI,2017,136814.0,12
394384,"Big Rapids, MI",msa,MI,2018,144372.0,12
394384,"Big Rapids, MI",msa,MI,2019,153042.0,12
394384,"Big Rapids, MI",msa,MI,2020,170647.0,12
394384,"Big Rapids, MI",msa,MI,2021,196406.0,12
394384,"Big Rapids, MI",msa,MI,2022,206454.0,12
394384,"Big Rapids, MI",msa,MI,2023,212986.0,12
394384,"Big Rapids, MI",msa,MI,2024,218326.0,12
394384,"Big Rapids, MI",msa,MI,2025,226007.0,12
394384,"Big Rapids, MI",msa,MI,2026,236951.0,7
394385,"Big Spring, TX",msa,TX,2012,107364.0,12
394385,"Big Spring, TX",msa,TX,2013,124970.0,12
394385,"Big Spring, TX",msa,TX,2014,144319.0,12
394385,"Big Spring, TX",msa,TX,2015,159778.0,12
394385,"Big Spring, TX",msa,TX,2016,141992.0,12
394385,"Big Spring, TX",msa,TX,2017,136885.0,12
394385,"Big Spring, TX",msa,TX,2018,156213.0,12
394385,"Big Spring, TX",msa,TX,2019,171343.0,12
394385,"Big Spring, TX",msa,TX,2020,183415.0,12
394385,"Big Spring, TX",msa,TX,2021,178330.0,12
394385,"Big Spring, TX",msa,TX,2022,166609.0,12
394385,"Big Spring, TX",msa,TX,2023,162621.0,12
394385,"Big Spring, TX",msa,TX,2024,150422.0,12
394385,"Big Spring, TX",msa,TX,2025,146354.0,12
394385,"Big Spring, TX",msa,TX,2026,150022.0,7
753866,"Big Stone Gap, VA",msa,VA,2009,99874.0,12
753866,"Big Stone Gap, VA",msa,VA,2010,99025.0,12
753866,"Big Stone Gap, VA",msa,VA,2011,98530.0,12
753866,"Big Stone Gap, VA",msa,VA,2012,100488.0,12
753866,"Big Stone Gap, VA",msa,VA,2013,93680.0,12
753866,"Big Stone Gap, VA",msa,VA,2014,92307.0,12
753866,"Big Stone Gap, VA",msa,VA,2015,87161.0,12
753866,"Big Stone Gap, VA",msa,VA,2016,85984.0,12
753866,"Big Stone Gap, VA",msa,VA,2017,89133.0,12
753866,"Big Stone Gap, VA",msa,VA,2018,91682.0,12
753866,"Big Stone Gap, VA",msa,VA,2019,86655.0,12
753866,"Big Stone Gap, VA",msa,VA,2020,99727.0,12
753866,"Big Stone Gap, VA",msa,VA,2021,111025.0,12
753866,"Big Stone Gap, VA",msa,VA,2022,121115.0,12
753866,"Big Stone Gap, VA",msa,VA,2023,125973.0,12
753866,"Big Stone Gap, VA",msa,VA,2024,134054.0,12
753866,"Big Stone Gap, VA",msa,VA,2025,130021.0,12
753866,"Big Stone Gap, VA",msa,VA,2026,132740.0,7
394386,"Billings, MT",msa,MT,2009,193105.0,12
394386,"Billings, MT",msa,MT,2010,197601.0,12
394386,"Billings, MT",msa,MT,2011,196772.0,12
394386,"Billings, MT",msa,MT,2012,205745.0,12
394386,"Billings, MT",msa,MT,2013,214238.0,12
394386,"Billings, MT",msa,MT,2014,231789.0,12
394386,"Billings, MT",msa,MT,2015,245752.0,12
394386,"Billings, MT",msa,MT,2016,240402.0,12
394386,"Billings, MT",msa,MT,2017,249103.0,12
394386,"Billings, MT",msa,MT,2018,257822.0,12
394386,"Billings, MT",msa,MT,2019,271950.0,12
394386,"Billings, MT",msa,MT,2020,290392.0,12
394386,"Billings, MT",msa,MT,2021,342915.0,12
394386,"Billings, MT",msa,MT,2022,379596.0,12
394386,"Billings, MT",msa,MT,2023,396191.0,12
394386,"Billings, MT",msa,MT,2024,406325.0,12
394386,"Billings, MT",msa,MT,2025,410510.0,12
394386,"Billings, MT",msa,MT,2026,415661.0,7
394387,"Binghamton, NY",msa,NY,2000,72828.0,12
394387,"Binghamton, NY",msa,NY,2001,76735.0,12
394387,"Binghamton, NY",msa,NY,2002,81773.0,12
394387,"Binghamton, NY",msa,NY,2003,85532.0,12
394387,"Binghamton, NY",msa,NY,2004,91601.0,12
394387,"Binghamton, NY",msa,NY,2005,100060.0,12
394387,"Binghamton, NY",msa,NY,2006,108506.0,12
394387,"Binghamton, NY",msa,NY,2007,115805.0,12
394387,"Binghamton, NY",msa,NY,2008,119013.0,12
394387,"Binghamton, NY",msa,NY,2009,117205.0,12
394387,"Binghamton, NY",msa,NY,2010,116061.0,12
394387,"Binghamton, NY",msa,NY,2011,108601.0,12
394387,"Binghamton, NY",msa,NY,2012,109202.0,12
394387,"Binghamton, NY",msa,NY,2013,110601.0,12
394387,"Binghamton, NY",msa,NY,2014,109788.0,12
394387,"Binghamton, NY",msa,NY,2015,111717.0,12
394387,"Binghamton, NY",msa,NY,2016,112327.0,12
394387,"Binghamton, NY",msa,NY,2017,113178.0,12
394387,"Binghamton, NY",msa,NY,2018,120084.0,12
394387,"Binghamton, NY",msa,NY,2019,125032.0,12
394387,"Binghamton, NY",msa,NY,2020,134950.0,12
394387,"Binghamton, NY",msa,NY,2021,149868.0,12
394387,"Binghamton, NY",msa,NY,2022,163440.0,12
394387,"Binghamton, NY",msa,NY,2023,176452.0,12
394387,"Binghamton, NY",msa,NY,2024,190862.0,12
394387,"Binghamton, NY",msa,NY,2025,196404.0,12
394387,"Binghamton, NY",msa,NY,2026,205581.0,7
394388,"Birmingham, AL",msa,AL,2000,118470.0,12
394388,"Birmingham, AL",msa,AL,2001,123222.0,12
394388,"Birmingham, AL",msa,AL,2002,127302.0,12
394388,"Birmingham, AL",msa,AL,2003,133457.0,12
394388,"Birmingham, AL",msa,AL,2004,140111.0,12
394388,"Birmingham, AL",msa,AL,2005,149245.0,12
394388,"Birmingham, AL",msa,AL,2006,158214.0,12
394388,"Birmingham, AL",msa,AL,2007,160776.0,12
394388,"Birmingham, AL",msa,AL,2008,151899.0,12
394388,"Birmingham, AL",msa,AL,2009,144368.0,12
394388,"Birmingham, AL",msa,AL,2010,137861.0,12
394388,"Birmingham, AL",msa,AL,2011,133517.0,12
394388,"Birmingham, AL",msa,AL,2012,138224.0,12
394388,"Birmingham, AL",msa,AL,2013,144471.0,12
394388,"Birmingham, AL",msa,AL,2014,149353.0,12
394388,"Birmingham, AL",msa,AL,2015,154894.0,12
394388,"Birmingham, AL",msa,AL,2016,159866.0,12
394388,"Birmingham, AL",msa,AL,2017,166467.0,12
394388,"Birmingham, AL",msa,AL,2018,174390.0,12
394388,"Birmingham, AL",msa,AL,2019,186027.0,12
394388,"Birmingham, AL",msa,AL,2020,205814.0,12
394388,"Birmingham, AL",msa,AL,2021,233672.0,12
394388,"Birmingham, AL",msa,AL,2022,256717.0,12
394388,"Birmingham, AL",msa,AL,2023,257880.0,12
394388,"Birmingham, AL",msa,AL,2024,258766.0,12
394388,"Birmingham, AL",msa,AL,2025,260177.0,12
394388,"Birmingham, AL",msa,AL,2026,263665.0,7
394390,"Bismarck, ND",msa,ND,2009,165161.0,12
394390,"Bismarck, ND",msa,ND,2010,169763.0,12
394390,"Bismarck, ND",msa,ND,2011,176646.0,12
394390,"Bismarck, ND",msa,ND,2012,205160.0,12
394390,"Bismarck, ND",msa,ND,2013,232986.0,12
394390,"Bismarck, ND",msa,ND,2014,253144.0,12
394390,"Bismarck, ND",msa,ND,2015,266308.0,12
394390,"Bismarck, ND",msa,ND,2016,259458.0,12
394390,"Bismarck, ND",msa,ND,2017,259902.0,12
394390,"Bismarck, ND",msa,ND,2018,258126.0,12
394390,"Bismarck, ND",msa,ND,2019,263961.0,12
394390,"Bismarck, ND",msa,ND,2020,272610.0,12
394390,"Bismarck, ND",msa,ND,2021,296119.0,12
394390,"Bismarck, ND",msa,ND,2022,314083.0,12
394390,"Bismarck, ND",msa,ND,2023,323129.0,12
394390,"Bismarck, ND",msa,ND,2024,335736.0,12
394390,"Bismarck, ND",msa,ND,2025,353291.0,12
394390,"Bismarck, ND",msa,ND,2026,361921.0,7
394391,"Blackfoot, ID",msa,ID,2013,152980.0,12
394391,"Blackfoot, ID",msa,ID,2014,155290.0,12
394391,"Blackfoot, ID",msa,ID,2015,162608.0,12
394391,"Blackfoot, ID",msa,ID,2016,171646.0,12
394391,"Blackfoot, ID",msa,ID,2017,184637.0,12
394391,"Blackfoot, ID",msa,ID,2018,204528.0,12
394391,"Blackfoot, ID",msa,ID,2019,230303.0,12
394391,"Blackfoot, ID",msa,ID,2020,277501.0,12
394391,"Blackfoot, ID",msa,ID,2021,357905.0,12
394391,"Blackfoot, ID",msa,ID,2022,373292.0,12
394391,"Blackfoot, ID",msa,ID,2023,363663.0,12
394391,"Blackfoot, ID",msa,ID,2024,373929.0,12
394391,"Blackfoot, ID",msa,ID,2025,388595.0,12
394391,"Blackfoot, ID",msa,ID,2026,393991.0,7
394392,"Blacksburg, VA",msa,VA,2000,104142.0,12
394392,"Blacksburg, VA",msa,VA,2001,111089.0,12
394392,"Blacksburg, VA",msa,VA,2002,118435.0,12
394392,"Blacksburg, VA",msa,VA,2003,128325.0,12
394392,"Blacksburg, VA",msa,VA,2004,148706.0,12
394392,"Blacksburg, VA",msa,VA,2005,172527.0,12
394392,"Blacksburg, VA",msa,VA,2006,179796.0,12
394392,"Blacksburg, VA",msa,VA,2007,175673.0,12
394392,"Blacksburg, VA",msa,VA,2008,167059.0,12
394392,"Blacksburg, VA",msa,VA,2009,160159.0,12
394392,"Blacksburg, VA",msa,VA,2010,155938.0,12
394392,"Blacksburg, VA",msa,VA,2011,154793.0,12
394392,"Blacksburg, VA",msa,VA,2012,160241.0,12
394392,"Blacksburg, VA",msa,VA,2013,164736.0,12
394392,"Blacksburg, VA",msa,VA,2014,163535.0,12
394392,"Blacksburg, VA",msa,VA,2015,168983.0,12
394392,"Blacksburg, VA",msa,VA,2016,172875.0,12
394392,"Blacksburg, VA",msa,VA,2017,177985.0,12
394392,"Blacksburg, VA",msa,VA,2018,185799.0,12
394392,"Blacksburg, VA",msa,VA,2019,197877.0,12
394392,"Blacksburg, VA",msa,VA,2020,217989.0,12
394392,"Blacksburg, VA",msa,VA,2021,243911.0,12
394392,"Blacksburg, VA",msa,VA,2022,261632.0,12
394392,"Blacksburg, VA",msa,VA,2023,271924.0,12
394392,"Blacksburg, VA",msa,VA,2024,279054.0,12
394392,"Blacksburg, VA",msa,VA,2025,284554.0,12
394392,"Blacksburg, VA",msa,VA,2026,291204.0,7
753869,"Bloomington, IL",msa,IL,2000,144720.0,12
753869,"Bloomington, IL",msa,IL,2001,147466.0,12
753869,"Bloomington, IL",msa,IL,2002,153625.0,12
753869,"Bloomington, IL",msa,IL,2003,158228.0,12
753869,"Bloomington, IL",msa,IL,2004,162727.0,12
753869,"Bloomington, IL",msa,IL,2005,166645.0,12
753869,"Bloomington, IL",msa,IL,2006,172754.0,12
753869,"Bloomington, IL",msa,IL,2007,175540.0,12
753869,"Bloomington, IL",msa,IL,2008,171766.0,12
753869,"Bloomington, IL",msa,IL,2009,171868.0,12
753869,"Bloomington, IL",msa,IL,2010,170115.0,12
753869,"Bloomington, IL",msa,IL,2011,162151.0,12
753869,"Bloomington, IL",msa,IL,2012,167792.0,12
753869,"Bloomington, IL",msa,IL,2013,173947.0,12
753869,"Bloomington, IL",msa,IL,2014,174319.0,12
753869,"Bloomington, IL",msa,IL,2015,176155.0,12
753869,"Bloomington, IL",msa,IL,2016,175323.0,12
753869,"Bloomington, IL",msa,IL,2017,175155.0,12
753869,"Bloomington, IL",msa,IL,2018,174757.0,12
753869,"Bloomington, IL",msa,IL,2019,175019.0,12
753869,"Bloomington, IL",msa,IL,2020,183873.0,12
753869,"Bloomington, IL",msa,IL,2021,198128.0,12
753869,"Bloomington, IL",msa,IL,2022,224119.0,12
753869,"Bloomington, IL",msa,IL,2023,234456.0,12
753869,"Bloomington, IL",msa,IL,2024,249042.0,12
753869,"Bloomington, IL",msa,IL,2025,260943.0,12
753869,"Bloomington, IL",msa,IL,2026,262618.0,7
394393,"Bloomington, IN",msa,IN,2003,124992.0,12
394393,"Bloomington, IN",msa,IN,2004,130731.0,12
394393,"Bloomington, IN",msa,IN,2005,135655.0,12
394393,"Bloomington, IN",msa,IN,2006,138058.0,12
394393,"Bloomington, IN",msa,IN,2007,139788.0,12
394393,"Bloomington, IN",msa,IN,2008,140102.0,12
394393,"Bloomington, IN",msa,IN,2009,143314.0,12
394393,"Bloomington, IN",msa,IN,2010,144547.0,12
394393,"Bloomington, IN",msa,IN,2011,138980.0,12
394393,"Bloomington, IN",msa,IN,2012,142710.0,12
394393,"Bloomington, IN",msa,IN,2013,147084.0,12
394393,"Bloomington, IN",msa,IN,2014,151533.0,12
394393,"Bloomington, IN",msa,IN,2015,157440.0,12
394393,"Bloomington, IN",msa,IN,2016,165930.0,12
394393,"Bloomington, IN",msa,IN,2017,176553.0,12
394393,"Bloomington, IN",msa,IN,2018,188254.0,12
394393,"Bloomington, IN",msa,IN,2019,203844.0,12
394393,"Bloomington, IN",msa,IN,2020,226801.0,12
394393,"Bloomington, IN",msa,IN,2021,254121.0,12
394393,"Bloomington, IN",msa,IN,2022,275190.0,12
394393,"Bloomington, IN",msa,IN,2023,282774.0,12
394393,"Bloomington, IN",msa,IN,2024,295609.0,12
394393,"Bloomington, IN",msa,IN,2025,301663.0,12
394393,"Bloomington, IN",msa,IN,2026,304198.0,7
394395,"Bloomsburg, PA",msa,PA,2000,112983.0,12
394395,"Bloomsburg, PA",msa,PA,2001,119369.0,12
394395,"Bloomsburg, PA",msa,PA,2002,126078.0,12
394395,"Bloomsburg, PA",msa,PA,2003,134094.0,12
394395,"Bloomsburg, PA",msa,PA,2004,147869.0,12
394395,"Bloomsburg, PA",msa,PA,2005,162940.0,12
394395,"Bloomsburg, PA",msa,PA,2006,170243.0,12
394395,"Bloomsburg, PA",msa,PA,2007,172403.0,12
394395,"Bloomsburg, PA",msa,PA,2008,170586.0,12
394395,"Bloomsburg, PA",msa,PA,2009,166339.0,12
394395,"Bloomsburg, PA",msa,PA,2010,167079.0,12
394395,"Bloomsburg, PA",msa,PA,2011,165061.0,12
394395,"Bloomsburg, PA",msa,PA,2012,165800.0,12
394395,"Bloomsburg, PA",msa,PA,2013,167487.0,12
394395,"Bloomsburg, PA",msa,PA,2014,168933.0,12
394395,"Bloomsburg, PA",msa,PA,2015,174853.0,12
394395,"Bloomsburg, PA",msa,PA,2016,178020.0,12
394395,"Bloomsburg, PA",msa,PA,2017,180192.0,12
394395,"Bloomsburg, PA",msa,PA,2018,183213.0,12
394395,"Bloomsburg, PA",msa,PA,2019,200285.0,12
394395,"Bloomsburg, PA",msa,PA,2020,211661.0,12
394395,"Bloomsburg, PA",msa,PA,2021,226124.0,12
394395,"Bloomsburg, PA",msa,PA,2022,232407.0,12
394395,"Bloomsburg, PA",msa,PA,2023,237370.0,12
394395,"Bloomsburg, PA",msa,PA,2024,237688.0,12
394395,"Bloomsburg, PA",msa,PA,2025,246749.0,12
394395,"Bloomsburg, PA",msa,PA,2026,254156.0,7
394396,"Bluefield, WV",msa,VA,2000,68630.0,12
394396,"Bluefield, WV",msa,VA,2001,71830.0,12
394396,"Bluefield, WV",msa,VA,2002,73809.0,12
394396,"Bluefield, WV",msa,VA,2003,76693.0,12
394396,"Bluefield, WV",msa,VA,2004,82070.0,12
394396,"Bluefield, WV",msa,VA,2005,90684.0,12
394396,"Bluefield, WV",msa,VA,2006,94226.0,12
394396,"Bluefield, WV",msa,VA,2007,95262.0,12
394396,"Bluefield, WV",msa,VA,2008,92287.0,12
394396,"Bluefield, WV",msa,VA,2009,89729.0,12
394396,"Bluefield, WV",msa,VA,2010,89130.0,12
394396,"Bluefield, WV",msa,VA,2011,89552.0,12
394396,"Bluefield, WV",msa,VA,2012,91743.0,12
394396,"Bluefield, WV",msa,VA,2013,90173.0,12
394396,"Bluefield, WV",msa,VA,2014,87728.0,12
394396,"Bluefield, WV",msa,VA,2015,92664.0,12
394396,"Bluefield, WV",msa,VA,2016,91191.0,12
394396,"Bluefield, WV",msa,VA,2017,90811.0,12
394396,"Bluefield, WV",msa,VA,2018,92109.0,12
394396,"Bluefield, WV",msa,VA,2019,93868.0,12
394396,"Bluefield, WV",msa,VA,2020,104900.0,12
394396,"Bluefield, WV",msa,VA,2021,116077.0,12
394396,"Bluefield, WV",msa,VA,2022,133401.0,12
394396,"Bluefield, WV",msa,VA,2023,140659.0,12
394396,"Bluefield, WV",msa,VA,2024,148590.0,12
394396,"Bluefield, WV",msa,VA,2025,142926.0,12
394396,"Bluefield, WV",msa,VA,2026,148390.0,7
394397,"Blytheville, AR",msa,AR,2000,49387.0,12
394397,"Blytheville, AR",msa,AR,2001,52285.0,12
394397,"Blytheville, AR",msa,AR,2002,54329.0,12
394397,"Blytheville, AR",msa,AR,2003,55926.0,12
394397,"Blytheville, AR",msa,AR,2004,58225.0,12
394397,"Blytheville, AR",msa,AR,2005,61684.0,12
394397,"Blytheville, AR",msa,AR,2006,63715.0,12
394397,"Blytheville, AR",msa,AR,2007,64697.0,12
394397,"Blytheville, AR",msa,AR,2008,65933.0,12
394397,"Blytheville, AR",msa,AR,2009,65443.0,12
394397,"Blytheville, AR",msa,AR,2010,63278.0,12
394397,"Blytheville, AR",msa,AR,2011,61047.0,12
394397,"Blytheville, AR",msa,AR,2012,70032.0,12
394397,"Blytheville, AR",msa,AR,2013,67555.0,12
394397,"Blytheville, AR",msa,AR,2014,64992.0,12
394397,"Blytheville, AR",msa,AR,2015,61027.0,12
394397,"Blytheville, AR",msa,AR,2016,66521.0,12
394397,"Blytheville, AR",msa,AR,2017,68932.0,12
394397,"Blytheville, AR",msa,AR,2018,80230.0,12
394397,"Blytheville, AR",msa,AR,2019,77837.0,12
394397,"Blytheville, AR",msa,AR,2020,122720.0,12
394397,"Blytheville, AR",msa,AR,2021,119883.0,12
394397,"Blytheville, AR",msa,AR,2022,104586.0,12
394397,"Blytheville, AR",msa,AR,2023,100311.0,12
394397,"Blytheville, AR",msa,AR,2024,105889.0,12
394397,"Blytheville, AR",msa,AR,2025,107369.0,12
394397,"Blytheville, AR",msa,AR,2026,114860.0,7
394398,"Bogalusa, LA",msa,LA,2010,82419.0,12
394398,"Bogalusa, LA",msa,LA,2011,83774.0,12
394398,"Bogalusa, LA",msa,LA,2012,89330.0,12
394398,"Bogalusa, LA",msa,LA,2013,97622.0,12
394398,"Bogalusa, LA",msa,LA,2014,102264.0,12
394398,"Bogalusa, LA",msa,LA,2015,110357.0,12
394398,"Bogalusa, LA",msa,LA,2016,107713.0,12
394398,"Bogalusa, LA",msa,LA,2017,121368.0,12
394398,"Bogalusa, LA",msa,LA,2018,120344.0,12
394398,"Bogalusa, LA",msa,LA,2019,133955.0,12
394398,"Bogalusa, LA",msa,LA,2020,141447.0,12
394398,"Bogalusa, LA",msa,LA,2021,139045.0,12
394398,"Bogalusa, LA",msa,LA,2022,138354.0,12
394398,"Bogalusa, LA",msa,LA,2023,130889.0,12
394398,"Bogalusa, LA",msa,LA,2024,126628.0,12
394398,"Bogalusa, LA",msa,LA,2025,125678.0,12
394398,"Bogalusa, LA",msa,LA,2026,131002.0,7
394399,"Boise City, ID",msa,ID,2001,156356.0,12
394399,"Boise City, ID",msa,ID,2002,159644.0,12
394399,"Boise City, ID",msa,ID,2003,163706.0,12
394399,"Boise City, ID",msa,ID,2004,168769.0,12
394399,"Boise City, ID",msa,ID,2005,192893.0,12
394399,"Boise City, ID",msa,ID,2006,212809.0,12
394399,"Boise City, ID",msa,ID,2007,214768.0,12
394399,"Boise City, ID",msa,ID,2008,193787.0,12
394399,"Boise City, ID",msa,ID,2009,165857.0,12
394399,"Boise City, ID",msa,ID,2010,145999.0,12
394399,"Boise City, ID",msa,ID,2011,137009.0,12
394399,"Boise City, ID",msa,ID,2012,157643.0,12
394399,"Boise City, ID",msa,ID,2013,181894.0,12
394399,"Boise City, ID",msa,ID,2014,191055.0,12
394399,"Boise City, ID",msa,ID,2015,206223.0,12
394399,"Boise City, ID",msa,ID,2016,227057.0,12
394399,"Boise City, ID",msa,ID,2017,249833.0,12
394399,"Boise City, ID",msa,ID,2018,289198.0,12
394399,"Boise City, ID",msa,ID,2019,320275.0,12
394399,"Boise City, ID",msa,ID,2020,384196.0,12
394399,"Boise City, ID",msa,ID,2021,508880.0,12
394399,"Boise City, ID",msa,ID,2022,495935.0,12
394399,"Boise City, ID",msa,ID,2023,483935.0,12
394399,"Boise City, ID",msa,ID,2024,496502.0,12
394399,"Boise City, ID",msa,ID,2025,499629.0,12
394399,"Boise City, ID",msa,ID,2026,497096.0,7
394402,"Boone, NC",msa,NC,2000,161957.0,12
394402,"Boone, NC",msa,NC,2001,170993.0,12
394402,"Boone, NC",msa,NC,2002,178726.0,12
394402,"Boone, NC",msa,NC,2003,187117.0,12
394402,"Boone, NC",msa,NC,2004,199234.0,12
394402,"Boone, NC",msa,NC,2005,219696.0,12
394402,"Boone, NC",msa,NC,2006,247709.0,12
394402,"Boone, NC",msa,NC,2007,268474.0,12
394402,"Boone, NC",msa,NC,2008,269914.0,12
394402,"Boone, NC",msa,NC,2009,257072.0,12
394402,"Boone, NC",msa,NC,2010,238322.0,12
394402,"Boone, NC",msa,NC,2011,232965.0,12
394402,"Boone, NC",msa,NC,2012,232585.0,12
394402,"Boone, NC",msa,NC,2013,241342.0,12
394402,"Boone, NC",msa,NC,2014,245794.0,12
394402,"Boone, NC",msa,NC,2015,247300.0,12
394402,"Boone, NC",msa,NC,2016,255944.0,12
394402,"Boone, NC",msa,NC,2017,269757.0,12
394402,"Boone, NC",msa,NC,2018,280912.0,12
394402,"Boone, NC",msa,NC,2019,298369.0,12
394402,"Boone, NC",msa,NC,2020,338284.0,12
394402,"Boone, NC",msa,NC,2021,416693.0,12
394402,"Boone, NC",msa,NC,2022,474320.0,12
394402,"Boone, NC",msa,NC,2023,499567.0,12
394402,"Boone, NC",msa,NC,2024,517558.0,12
394402,"Boone, NC",msa,NC,2025,513213.0,12
394402,"Boone, NC",msa,NC,2026,516120.0,7
394403,"Borger, TX",msa,TX,2009,98226.0,12
394403,"Borger, TX",msa,TX,2010,96860.0,12
394403,"Borger, TX",msa,TX,2011,95662.0,12
394403,"Borger, TX",msa,TX,2012,94630.0,12
394403,"Borger, TX",msa,TX,2013,90692.0,12
394403,"Borger, TX",msa,TX,2014,91444.0,12
394403,"Borger, TX",msa,TX,2015,95851.0,12
394403,"Borger, TX",msa,TX,2016,100523.0,12
394403,"Borger, TX",msa,TX,2017,96237.0,12
394403,"Borger, TX",msa,TX,2018,101320.0,12
394403,"Borger, TX",msa,TX,2019,103809.0,12
394403,"Borger, TX",msa,TX,2020,109618.0,12
394403,"Borger, TX",msa,TX,2021,120714.0,12
394403,"Borger, TX",msa,TX,2022,118479.0,12
394403,"Borger, TX",msa,TX,2023,112710.0,12
394403,"Borger, TX",msa,TX,2024,118869.0,12
394403,"Borger, TX",msa,TX,2025,116683.0,12
394403,"Borger, TX",msa,TX,2026,118836.0,7
394404,"Boston, MA",msa,MA,2000,253116.0,12
394404,"Boston, MA",msa,MA,2001,292786.0,12
394404,"Boston, MA",msa,MA,2002,328995.0,12
394404,"Boston, MA",msa,MA,2003,361215.0,12
394404,"Boston, MA",msa,MA,2004,393472.0,12
394404,"Boston, MA",msa,MA,2005,412460.0,12
394404,"Boston, MA",msa,MA,2006,392240.0,12
394404,"Boston, MA",msa,MA,2007,376275.0,12
394404,"Boston, MA",msa,MA,2008,349474.0,12
394404,"Boston, MA",msa,MA,2009,339569.0,12
394404,"Boston, MA",msa,MA,2010,340210.0,12
394404,"Boston, MA",msa,MA,2011,326435.0,12
394404,"Boston, MA",msa,MA,2012,338333.0,12
394404,"Boston, MA",msa,MA,2013,366486.0,12
394404,"Boston, MA",msa,MA,2014,385283.0,12
394404,"Boston, MA",msa,MA,2015,413377.0,12
394404,"Boston, MA",msa,MA,2016,440032.0,12
394404,"Boston, MA",msa,MA,2017,470362.0,12
394404,"Boston, MA",msa,MA,2018,495318.0,12
394404,"Boston, MA",msa,MA,2019,505061.0,12
394404,"Boston, MA",msa,MA,2020,551988.0,12
394404,"Boston, MA",msa,MA,2021,604706.0,12
394404,"Boston, MA",msa,MA,2022,647239.0,12
394404,"Boston, MA",msa,MA,2023,692367.0,12
394404,"Boston, MA",msa,MA,2024,727142.0,12
394404,"Boston, MA",msa,MA,2025,738879.0,12
394404,"Boston, MA",msa,MA,2026,742341.0,7
394405,"Boulder, CO",msa,CO,2000,263782.0,12
394405,"Boulder, CO",msa,CO,2001,296083.0,12
394405,"Boulder, CO",msa,CO,2002,299139.0,12
394405,"Boulder, CO",msa,CO,2003,294692.0,12
394405,"Boulder, CO",msa,CO,2004,301963.0,12
394405,"Boulder, CO",msa,CO,2005,312162.0,12
394405,"Boulder, CO",msa,CO,2006,314702.0,12
394405,"Boulder, CO",msa,CO,2007,318322.0,12
394405,"Boulder, CO",msa,CO,2008,316274.0,12
394405,"Boulder, CO",msa,CO,2009,313216.0,12
394405,"Boulder, CO",msa,CO,2010,309255.0,12
394405,"Boulder, CO",msa,CO,2011,304469.0,12
394405,"Boulder, CO",msa,CO,2012,331065.0,12
394405,"Boulder, CO",msa,CO,2013,358582.0,12
394405,"Boulder, CO",msa,CO,2014,387125.0,12
394405,"Boulder, CO",msa,CO,2015,441890.0,12
394405,"Boulder, CO",msa,CO,2016,492261.0,12
394405,"Boulder, CO",msa,CO,2017,523318.0,12
394405,"Boulder, CO",msa,CO,2018,544365.0,12
394405,"Boulder, CO",msa,CO,2019,560974.0,12
394405,"Boulder, CO",msa,CO,2020,599178.0,12
394405,"Boulder, CO",msa,CO,2021,696987.0,12
394405,"Boulder, CO",msa,CO,2022,759774.0,12
394405,"Boulder, CO",msa,CO,2023,749308.0,12
394405,"Boulder, CO",msa,CO,2024,751819.0,12
394405,"Boulder, CO",msa,CO,2025,730429.0,12
394405,"Boulder, CO",msa,CO,2026,718693.0,7
394406,"Bowling Green, KY",msa,KY,2000,102012.0,12
394406,"Bowling Green, KY",msa,KY,2001,105864.0,12
394406,"Bowling Green, KY",msa,KY,2002,108048.0,12
394406,"Bowling Green, KY",msa,KY,2003,110982.0,12
394406,"Bowling Green, KY",msa,KY,2004,116061.0,12
394406,"Bowling Green, KY",msa,KY,2005,121458.0,12
394406,"Bowling Green, KY",msa,KY,2006,126270.0,12
394406,"Bowling Green, KY",msa,KY,2007,129095.0,12
394406,"Bowling Green, KY",msa,KY,2008,130490.0,12
394406,"Bowling Green, KY",msa,KY,2009,128893.0,12
394406,"Bowling Green, KY",msa,KY,2010,123829.0,12
394406,"Bowling Green, KY",msa,KY,2011,123251.0,12
394406,"Bowling Green, KY",msa,KY,2012,125075.0,12
394406,"Bowling Green, KY",msa,KY,2013,126712.0,12
394406,"Bowling Green, KY",msa,KY,2014,130066.0,12
394406,"Bowling Green, KY",msa,KY,2015,139322.0,12
394406,"Bowling Green, KY",msa,KY,2016,146848.0,12
394406,"Bowling Green, KY",msa,KY,2017,158446.0,12
394406,"Bowling Green, KY",msa,KY,2018,166242.0,12
394406,"Bowling Green, KY",msa,KY,2019,174781.0,12
394406,"Bowling Green, KY",msa,KY,2020,191778.0,12
394406,"Bowling Green, KY",msa,KY,2021,215441.0,12
394406,"Bowling Green, KY",msa,KY,2022,243091.0,12
394406,"Bowling Green, KY",msa,KY,2023,253268.0,12
394406,"Bowling Green, KY",msa,KY,2024,260333.0,12
394406,"Bowling Green, KY",msa,KY,2025,264021.0,12
394406,"Bowling Green, KY",msa,KY,2026,264193.0,7
394407,"Bozeman, MT",msa,MT,2009,251964.0,12
394407,"Bozeman, MT",msa,MT,2010,244628.0,12
394407,"Bozeman, MT",msa,MT,2011,239849.0,12
394407,"Bozeman, MT",msa,MT,2012,258659.0,12
394407,"Bozeman, MT",msa,MT,2013,277908.0,12
394407,"Bozeman, MT",msa,MT,2014,295432.0,12
394407,"Bozeman, MT",msa,MT,2015,329041.0,12
394407,"Bozeman, MT",msa,MT,2016,357083.0,12
394407,"Bozeman, MT",msa,MT,2017,395726.0,12
394407,"Bozeman, MT",msa,MT,2018,430784.0,12
394407,"Bozeman, MT",msa,MT,2019,454799.0,12
394407,"Bozeman, MT",msa,MT,2020,513845.0,12
394407,"Bozeman, MT",msa,MT,2021,645124.0,12
394407,"Bozeman, MT",msa,MT,2022,680780.0,12
394407,"Bozeman, MT",msa,MT,2023,694019.0,12
394407,"Bozeman, MT",msa,MT,2024,717989.0,12
394407,"Bozeman, MT",msa,MT,2025,702762.0,12
394407,"Bozeman, MT",msa,MT,2026,701508.0,7
394409,"Bradford, PA",msa,PA,2009,83583.0,12
394409,"Bradford, PA",msa,PA,2010,82718.0,12
394409,"Bradford, PA",msa,PA,2011,81647.0,12
394409,"Bradford, PA",msa,PA,2012,86467.0,12
394409,"Bradford, PA",msa,PA,2013,88174.0,12
394409,"Bradford, PA",msa,PA,2014,90158.0,12
394409,"Bradford, PA",msa,PA,2015,94543.0,12
394409,"Bradford, PA",msa,PA,2016,95623.0,12
394409,"Bradford, PA",msa,PA,2017,96049.0,12
394409,"Bradford, PA",msa,PA,2018,92576.0,12
394409,"Bradford, PA",msa,PA,2019,95519.0,12
394409,"Bradford, PA",msa,PA,2020,104248.0,12
394409,"Bradford, PA",msa,PA,2021,111259.0,12
394409,"Bradford, PA",msa,PA,2022,110768.0,12
394409,"Bradford, PA",msa,PA,2023,112832.0,12
394409,"Bradford, PA",msa,PA,2024,115695.0,12
394409,"Bradford, PA",msa,PA,2025,113871.0,12
394409,"Bradford, PA",msa,PA,2026,112584.0,7
394410,"Brainerd, MN",msa,MN,2008,172793.0,12
394410,"Brainerd, MN",msa,MN,2009,161405.0,12
394410,"Brainerd, MN",msa,MN,2010,157114.0,12
394410,"Brainerd, MN",msa,MN,2011,152165.0,12
394410,"Brainerd, MN",msa,MN,2012,165499.0,12
394410,"Brainerd, MN",msa,MN,2013,174308.0,12
394410,"Brainerd, MN",msa,MN,2014,180875.0,12
394410,"Brainerd, MN",msa,MN,2015,195280.0,12
394410,"Brainerd, MN",msa,MN,2016,199802.0,12
394410,"Brainerd, MN",msa,MN,2017,206460.0,12
394410,"Brainerd, MN",msa,MN,2018,215471.0,12
394410,"Brainerd, MN",msa,MN,2019,226013.0,12
394410,"Brainerd, MN",msa,MN,2020,250781.0,12
394410,"Brainerd, MN",msa,MN,2021,292831.0,12
394410,"Brainerd, MN",msa,MN,2022,326542.0,12
394410,"Brainerd, MN",msa,MN,2023,338470.0,12
394410,"Brainerd, MN",msa,MN,2024,349443.0,12
394410,"Brainerd, MN",msa,MN,2025,357669.0,12
394410,"Brainerd, MN",msa,MN,2026,367265.0,7
394411,"Branson, MO",msa,MO,2009,122634.0,12
394411,"Branson, MO",msa,MO,2010,114741.0,12
394411,"Branson, MO",msa,MO,2011,113706.0,12
394411,"Branson, MO",msa,MO,2012,118799.0,12
394411,"Branson, MO",msa,MO,2013,124961.0,12
394411,"Branson, MO",msa,MO,2014,128202.0,12
394411,"Branson, MO",msa,MO,2015,132743.0,12
394411,"Branson, MO",msa,MO,2016,136770.0,12
394411,"Branson, MO",msa,MO,2017,143892.0,12
394411,"Branson, MO",msa,MO,2018,151569.0,12
394411,"Branson, MO",msa,MO,2019,163902.0,12
394411,"Branson, MO",msa,MO,2020,181667.0,12
394411,"Branson, MO",msa,MO,2021,222343.0,12
394411,"Branson, MO",msa,MO,2022,252387.0,12
394411,"Branson, MO",msa,MO,2023,256990.0,12
394411,"Branson, MO",msa,MO,2024,252260.0,12
394411,"Branson, MO",msa,MO,2025,247868.0,12
394411,"Branson, MO",msa,MO,2026,248224.0,7
753871,"Breckenridge, CO",msa,CO,2003,304273.0,12
753871,"Breckenridge, CO",msa,CO,2004,316170.0,12
753871,"Breckenridge, CO",msa,CO,2005,360587.0,12
753871,"Breckenridge, CO",msa,CO,2006,388152.0,12
753871,"Breckenridge, CO",msa,CO,2007,418636.0,12
753871,"Breckenridge, CO",msa,CO,2008,439929.0,12
753871,"Breckenridge, CO",msa,CO,2009,427110.0,12
753871,"Breckenridge, CO",msa,CO,2010,409648.0,12
753871,"Breckenridge, CO",msa,CO,2011,399260.0,12
753871,"Breckenridge, CO",msa,CO,2012,414500.0,12
753871,"Breckenridge, CO",msa,CO,2013,434533.0,12
753871,"Breckenridge, CO",msa,CO,2014,450528.0,12
753871,"Breckenridge, CO",msa,CO,2015,488782.0,12
753871,"Breckenridge, CO",msa,CO,2016,542499.0,12
753871,"Breckenridge, CO",msa,CO,2017,620013.0,12
753871,"Breckenridge, CO",msa,CO,2018,681228.0,12
753871,"Breckenridge, CO",msa,CO,2019,719198.0,12
753871,"Breckenridge, CO",msa,CO,2020,776008.0,12
753871,"Breckenridge, CO",msa,CO,2021,993452.0,12
753871,"Breckenridge, CO",msa,CO,2022,1067056.0,12
753871,"Breckenridge, CO",msa,CO,2023,1004959.0,12
753871,"Breckenridge, CO",msa,CO,2024,1010410.0,12
753871,"Breckenridge, CO",msa,CO,2025,985396.0,12
753871,"Breckenridge, CO",msa,CO,2026,979400.0,7
394412,"Bremerton, WA",msa,WA,2000,168447.0,12
394412,"Bremerton, WA",msa,WA,2001,177839.0,12
394412,"Bremerton, WA",msa,WA,2002,194539.0,12
394412,"Bremerton, WA",msa,WA,2003,211819.0,12
394412,"Bremerton, WA",msa,WA,2004,245026.0,12
394412,"Bremerton, WA",msa,WA,2005,297282.0,12
394412,"Bremerton, WA",msa,WA,2006,332517.0,12
394412,"Bremerton, WA",msa,WA,2007,333031.0,12
394412,"Bremerton, WA",msa,WA,2008,308549.0,12
394412,"Bremerton, WA",msa,WA,2009,282667.0,12
394412,"Bremerton, WA",msa,WA,2010,276047.0,12
394412,"Bremerton, WA",msa,WA,2011,250860.0,12
394412,"Bremerton, WA",msa,WA,2012,248929.0,12
394412,"Bremerton, WA",msa,WA,2013,256661.0,12
394412,"Bremerton, WA",msa,WA,2014,267729.0,12
394412,"Bremerton, WA",msa,WA,2015,293997.0,12
394412,"Bremerton, WA",msa,WA,2016,330773.0,12
394412,"Bremerton, WA",msa,WA,2017,357637.0,12
394412,"Bremerton, WA",msa,WA,2018,385665.0,12
394412,"Bremerton, WA",msa,WA,2019,415742.0,12
394412,"Bremerton, WA",msa,WA,2020,474523.0,12
394412,"Bremerton, WA",msa,WA,2021,554135.0,12
394412,"Bremerton, WA",msa,WA,2022,570611.0,12
394412,"Bremerton, WA",msa,WA,2023,565564.0,12
394412,"Bremerton, WA",msa,WA,2024,581964.0,12
394412,"Bremerton, WA",msa,WA,2025,590247.0,12
394412,"Bremerton, WA",msa,WA,2026,589257.0,7
394413,"Brenham, TX",msa,TX,2009,189728.0,12
394413,"Brenham, TX",msa,TX,2010,189454.0,12
394413,"Brenham, TX",msa,TX,2011,188237.0,12
394413,"Brenham, TX",msa,TX,2012,190326.0,12
394413,"Brenham, TX",msa,TX,2013,197379.0,12
394413,"Brenham, TX",msa,TX,2014,205761.0,12
394413,"Brenham, TX",msa,TX,2015,226540.0,12
394413,"Brenham, TX",msa,TX,2016,236602.0,12
394413,"Brenham, TX",msa,TX,2017,247549.0,12
394413,"Brenham, TX",msa,TX,2018,258340.0,12
394413,"Brenham, TX",msa,TX,2019,275707.0,12
394413,"Brenham, TX",msa,TX,2020,297574.0,12
394413,"Brenham, TX",msa,TX,2021,347438.0,12
394413,"Brenham, TX",msa,TX,2022,375845.0,12
394413,"Brenham, TX",msa,TX,2023,368481.0,12
394413,"Brenham, TX",msa,TX,2024,372047.0,12
394413,"Brenham, TX",msa,TX,2025,370527.0,12
394413,"Brenham, TX",msa,TX,2026,370947.0,7
394414,"Brevard, NC",msa,NC,2009,219040.0,12
394414,"Brevard, NC",msa,NC,2010,211264.0,12
394414,"Brevard, NC",msa,NC,2011,195653.0,12
394414,"Brevard, NC",msa,NC,2012,196217.0,12
394414,"Brevard, NC",msa,NC,2013,199713.0,12
394414,"Brevard, NC",msa,NC,2014,202507.0,12
394414,"Brevard, NC",msa,NC,2015,212311.0,12
394414,"Brevard, NC",msa,NC,2016,223134.0,12
394414,"Brevard, NC",msa,NC,2017,243216.0,12
394414,"Brevard, NC",msa,NC,2018,259748.0,12
394414,"Brevard, NC",msa,NC,2019,269232.0,12
394414,"Brevard, NC",msa,NC,2020,309854.0,12
394414,"Brevard, NC",msa,NC,2021,371517.0,12
394414,"Brevard, NC",msa,NC,2022,430838.0,12
394414,"Brevard, NC",msa,NC,2023,459539.0,12
394414,"Brevard, NC",msa,NC,2024,480262.0,12
394414,"Brevard, NC",msa,NC,2025,483325.0,12
394414,"Brevard, NC",msa,NC,2026,475412.0,7
394415,"Bridgeport, CT",msa,CT,2000,292415.0,12
394415,"Bridgeport, CT",msa,CT,2001,323334.0,12
394415,"Bridgeport, CT",msa,CT,2002,363900.0,12
394415,"Bridgeport, CT",msa,CT,2003,409464.0,12
394415,"Bridgeport, CT",msa,CT,2004,462028.0,12
394415,"Bridgeport, CT",msa,CT,2005,507023.0,12
394415,"Bridgeport, CT",msa,CT,2006,513115.0,12
394415,"Bridgeport, CT",msa,CT,2007,493849.0,12
394415,"Bridgeport, CT",msa,CT,2008,455950.0,12
394415,"Bridgeport, CT",msa,CT,2009,418527.0,12
394415,"Bridgeport, CT",msa,CT,2010,395940.0,12
394415,"Bridgeport, CT",msa,CT,2011,379519.0,12
394415,"Bridgeport, CT",msa,CT,2012,381693.0,12
394415,"Bridgeport, CT",msa,CT,2013,401161.0,12
394415,"Bridgeport, CT",msa,CT,2014,405575.0,12
394415,"Bridgeport, CT",msa,CT,2015,414321.0,12
394415,"Bridgeport, CT",msa,CT,2016,416200.0,12
394415,"Bridgeport, CT",msa,CT,2017,423874.0,12
394415,"Bridgeport, CT",msa,CT,2018,425894.0,12
394415,"Bridgeport, CT",msa,CT,2019,422974.0,12
394415,"Bridgeport, CT",msa,CT,2020,459960.0,12
394415,"Bridgeport, CT",msa,CT,2021,515376.0,12
394415,"Bridgeport, CT",msa,CT,2022,564692.0,12
394415,"Bridgeport, CT",msa,CT,2023,618826.0,12
394415,"Bridgeport, CT",msa,CT,2024,648722.0,12
394415,"Bridgeport, CT",msa,CT,2025,674246.0,12
394415,"Bridgeport, CT",msa,CT,2026,698397.0,7
394417,"Brookhaven, MS",msa,MS,2013,104738.0,12
394417,"Brookhaven, MS",msa,MS,2014,109002.0,12
394417,"Brookhaven, MS",msa,MS,2015,119888.0,12
394417,"Brookhaven, MS",msa,MS,2016,132214.0,12
394417,"Brookhaven, MS",msa,MS,2017,145333.0,12
394417,"Brookhaven, MS",msa,MS,2018,141279.0,12
394417,"Brookhaven, MS",msa,MS,2019,152511.0,12
394417,"Brookhaven, MS",msa,MS,2020,164720.0,12
394417,"Brookhaven, MS",msa,MS,2021,177866.0,12
394417,"Brookhaven, MS",msa,MS,2022,172448.0,12
394417,"Brookhaven, MS",msa,MS,2023,165440.0,12
394417,"Brookhaven, MS",msa,MS,2024,170080.0,12
394417,"Brookhaven, MS",msa,MS,2025,166494.0,12
394417,"Brookhaven, MS",msa,MS,2026,172557.0,7
394418,"Brookings, OR",msa,OR,2000,149403.0,12
394418,"Brookings, OR",msa,OR,2001,158883.0,12
394418,"Brookings, OR",msa,OR,2002,169173.0,12
394418,"Brookings, OR",msa,OR,2003,183730.0,12
394418,"Brookings, OR",msa,OR,2004,214355.0,12
394418,"Brookings, OR",msa,OR,2005,270013.0,12
394418,"Brookings, OR",msa,OR,2006,304974.0,12
394418,"Brookings, OR",msa,OR,2007,310300.0,12
394418,"Brookings, OR",msa,OR,2008,289286.0,12
394418,"Brookings, OR",msa,OR,2009,256426.0,12
394418,"Brookings, OR",msa,OR,2010,239525.0,12
394418,"Brookings, OR",msa,OR,2011,227597.0,12
394418,"Brookings, OR",msa,OR,2012,222670.0,12
394418,"Brookings, OR",msa,OR,2013,233022.0,12
394418,"Brookings, OR",msa,OR,2014,247918.0,12
394418,"Brookings, OR",msa,OR,2015,261340.0,12
394418,"Brookings, OR",msa,OR,2016,284864.0,12
394418,"Brookings, OR",msa,OR,2017,302471.0,12
394418,"Brookings, OR",msa,OR,2018,324954.0,12
394418,"Brookings, OR",msa,OR,2019,342985.0,12
394418,"Brookings, OR",msa,OR,2020,384077.0,12
394418,"Brookings, OR",msa,OR,2021,441022.0,12
394418,"Brookings, OR",msa,OR,2022,469644.0,12
394418,"Brookings, OR",msa,OR,2023,468496.0,12
394418,"Brookings, OR",msa,OR,2024,475981.0,12
394418,"Brookings, OR",msa,OR,2025,461749.0,12
394418,"Brookings, OR",msa,OR,2026,457551.0,7
394419,"Brookings, SD",msa,SD,2012,169833.0,12
394419,"Brookings, SD",msa,SD,2013,172512.0,12
394419,"Brookings, SD",msa,SD,2014,176660.0,12
394419,"Brookings, SD",msa,SD,2015,186966.0,12
394419,"Brookings, SD",msa,SD,2016,193819.0,12
394419,"Brookings, SD",msa,SD,2017,202392.0,12
394419,"Brookings, SD",msa,SD,2018,208289.0,12
394419,"Brookings, SD",msa,SD,2019,216611.0,12
394419,"Brookings, SD",msa,SD,2020,235075.0,12
394419,"Brookings, SD",msa,SD,2021,260498.0,12
394419,"Brookings, SD",msa,SD,2022,283853.0,12
394419,"Brookings, SD",msa,SD,2023,290864.0,12
394419,"Brookings, SD",msa,SD,2024,303995.0,12
394419,"Brookings, SD",msa,SD,2025,320361.0,12
394419,"Brookings, SD",msa,SD,2026,330177.0,7
394421,"Brownsville, TX",msa,TX,2001,100434.0,12
394421,"Brownsville, TX",msa,TX,2002,103537.0,12
394421,"Brownsville, TX",msa,TX,2003,105836.0,12
394421,"Brownsville, TX",msa,TX,2004,119591.0,12
394421,"Brownsville, TX",msa,TX,2005,125554.0,12
394421,"Brownsville, TX",msa,TX,2006,130247.0,12
394421,"Brownsville, TX",msa,TX,2007,129717.0,12
394421,"Brownsville, TX",msa,TX,2008,130966.0,12
394421,"Brownsville, TX",msa,TX,2009,127789.0,12
394421,"Brownsville, TX",msa,TX,2010,127236.0,12
394421,"Brownsville, TX",msa,TX,2011,123022.0,12
394421,"Brownsville, TX",msa,TX,2012,112993.0,12
394421,"Brownsville, TX",msa,TX,2013,113735.0,12
394421,"Brownsville, TX",msa,TX,2014,116615.0,12
394421,"Brownsville, TX",msa,TX,2015,121731.0,12
394421,"Brownsville, TX",msa,TX,2016,123775.0,12
394421,"Brownsville, TX",msa,TX,2017,128359.0,12
394421,"Brownsville, TX",msa,TX,2018,129457.0,12
394421,"Brownsville, TX",msa,TX,2019,127910.0,12
394421,"Brownsville, TX",msa,TX,2020,143550.0,12
394421,"Brownsville, TX",msa,TX,2021,172274.0,12
394421,"Brownsville, TX",msa,TX,2022,189530.0,12
394421,"Brownsville, TX",msa,TX,2023,198889.0,12
394421,"Brownsville, TX",msa,TX,2024,203512.0,12
394421,"Brownsville, TX",msa,TX,2025,204405.0,12
394421,"Brownsville, TX",msa,TX,2026,207319.0,7
394422,"Brownwood, TX",msa,TX,2009,116323.0,12
394422,"Brownwood, TX",msa,TX,2010,115286.0,12
394422,"Brownwood, TX",msa,TX,2011,114646.0,12
394422,"Brownwood, TX",msa,TX,2012,112649.0,12
394422,"Brownwood, TX",msa,TX,2013,112732.0,12
394422,"Brownwood, TX",msa,TX,2014,117642.0,12
394422,"Brownwood, TX",msa,TX,2015,120905.0,12
394422,"Brownwood, TX",msa,TX,2016,120025.0,12
394422,"Brownwood, TX",msa,TX,2017,122920.0,12
394422,"Brownwood, TX",msa,TX,2018,131002.0,12
394422,"Brownwood, TX",msa,TX,2019,140277.0,12
394422,"Brownwood, TX",msa,TX,2020,153386.0,12
394422,"Brownwood, TX",msa,TX,2021,179442.0,12
394422,"Brownwood, TX",msa,TX,2022,188388.0,12
394422,"Brownwood, TX",msa,TX,2023,184800.0,12
394422,"Brownwood, TX",msa,TX,2024,191245.0,12
394422,"Brownwood, TX",msa,TX,2025,185719.0,12
394422,"Brownwood, TX",msa,TX,2026,188642.0,7
394423,"Brunswick, GA",msa,GA,2000,141149.0,12
394423,"Brunswick, GA",msa,GA,2001,146924.0,12
394423,"Brunswick, GA",msa,GA,2002,152832.0,12
394423,"Brunswick, GA",msa,GA,2003,157644.0,12
394423,"Brunswick, GA",msa,GA,2004,173094.0,12
394423,"Brunswick, GA",msa,GA,2005,172929.0,12
394423,"Brunswick, GA",msa,GA,2006,189871.0,12
394423,"Brunswick, GA",msa,GA,2007,195715.0,12
394423,"Brunswick, GA",msa,GA,2008,185389.0,12
394423,"Brunswick, GA",msa,GA,2009,171299.0,12
394423,"Brunswick, GA",msa,GA,2010,158226.0,12
394423,"Brunswick, GA",msa,GA,2011,148562.0,12
394423,"Brunswick, GA",msa,GA,2012,145636.0,12
394423,"Brunswick, GA",msa,GA,2013,153374.0,12
394423,"Brunswick, GA",msa,GA,2014,157831.0,12
394423,"Brunswick, GA",msa,GA,2015,167038.0,12
394423,"Brunswick, GA",msa,GA,2016,168950.0,12
394423,"Brunswick, GA",msa,GA,2017,185756.0,12
394423,"Brunswick, GA",msa,GA,2018,198979.0,12
394423,"Brunswick, GA",msa,GA,2019,207815.0,12
394423,"Brunswick, GA",msa,GA,2020,226932.0,12
394423,"Brunswick, GA",msa,GA,2021,262446.0,12
394423,"Brunswick, GA",msa,GA,2022,301356.0,12
394423,"Brunswick, GA",msa,GA,2023,314629.0,12
394423,"Brunswick, GA",msa,GA,2024,324051.0,12
394423,"Brunswick, GA",msa,GA,2025,318960.0,12
394423,"Brunswick, GA",msa,GA,2026,322546.0,7
394424,"Bucyrus, OH",msa,OH,2011,81847.0,12
394424,"Bucyrus, OH",msa,OH,2012,80471.0,12
394424,"Bucyrus, OH",msa,OH,2013,78902.0,12
394424,"Bucyrus, OH",msa,OH,2014,78924.0,12
394424,"Bucyrus, OH",msa,OH,2015,81251.0,12
394424,"Bucyrus, OH",msa,OH,2016,81609.0,12
394424,"Bucyrus, OH",msa,OH,2017,83935.0,12
394424,"Bucyrus, OH",msa,OH,2018,89428.0,12
394424,"Bucyrus, OH",msa,OH,2019,100414.0,12
394424,"Bucyrus, OH",msa,OH,2020,113467.0,12
394424,"Bucyrus, OH",msa,OH,2021,127646.0,12
394424,"Bucyrus, OH",msa,OH,2022,141435.0,12
394424,"Bucyrus, OH",msa,OH,2023,145052.0,12
394424,"Bucyrus, OH",msa,OH,2024,152296.0,12
394424,"Bucyrus, OH",msa,OH,2025,160269.0,12
394424,"Bucyrus, OH",msa,OH,2026,164878.0,7
394425,"Buffalo, NY",msa,NY,2000,92229.0,12
394425,"Buffalo, NY",msa,NY,2001,95368.0,12
394425,"Buffalo, NY",msa,NY,2002,97713.0,12
394425,"Buffalo, NY",msa,NY,2003,105192.0,12
394425,"Buffalo, NY",msa,NY,2004,108667.0,12
394425,"Buffalo, NY",msa,NY,2005,114986.0,12
394425,"Buffalo, NY",msa,NY,2006,120441.0,12
394425,"Buffalo, NY",msa,NY,2007,122559.0,12
394425,"Buffalo, NY",msa,NY,2008,123557.0,12
394425,"Buffalo, NY",msa,NY,2009,126255.0,12
394425,"Buffalo, NY",msa,NY,2010,127240.0,12
394425,"Buffalo, NY",msa,NY,2011,125502.0,12
394425,"Buffalo, NY",msa,NY,2012,126840.0,12
394425,"Buffalo, NY",msa,NY,2013,132271.0,12
394425,"Buffalo, NY",msa,NY,2014,136096.0,12
394425,"Buffalo, NY",msa,NY,2015,143077.0,12
394425,"Buffalo, NY",msa,NY,2016,150397.0,12
394425,"Buffalo, NY",msa,NY,2017,160425.0,12
394425,"Buffalo, NY",msa,NY,2018,170313.0,12
394425,"Buffalo, NY",msa,NY,2019,179411.0,12
394425,"Buffalo, NY",msa,NY,2020,199398.0,12
394425,"Buffalo, NY",msa,NY,2021,222452.0,12
394425,"Buffalo, NY",msa,NY,2022,246449.0,12
394425,"Buffalo, NY",msa,NY,2023,260770.0,12
394425,"Buffalo, NY",msa,NY,2024,275846.0,12
394425,"Buffalo, NY",msa,NY,2025,286638.0,12
394425,"Buffalo, NY",msa,NY,2026,292860.0,7
394426,"Burley, ID",msa,ID,2009,131053.0,12
394426,"Burley, ID",msa,ID,2010,122279.0,12
394426,"Burley, ID",msa,ID,2011,117880.0,12
394426,"Burley, ID",msa,ID,2012,125184.0,12
394426,"Burley, ID",msa,ID,2013,127760.0,12
394426,"Burley, ID",msa,ID,2014,130083.0,12
394426,"Burley, ID",msa,ID,2015,138970.0,12
394426,"Burley, ID",msa,ID,2016,149551.0,12
394426,"Burley, ID",msa,ID,2017,165786.0,12
394426,"Burley, ID",msa,ID,2018,178115.0,12
394426,"Burley, ID",msa,ID,2019,191485.0,12
394426,"Burley, ID",msa,ID,2020,220299.0,12
394426,"Burley, ID",msa,ID,2021,281325.0,12
394426,"Burley, ID",msa,ID,2022,309641.0,12
394426,"Burley, ID",msa,ID,2023,316893.0,12
394426,"Burley, ID",msa,ID,2024,324180.0,12
394426,"Burley, ID",msa,ID,2025,335420.0,12
394426,"Burley, ID",msa,ID,2026,339736.0,7
394427,"Burlington, IA",msa,IA,2009,93429.0,12
394427,"Burlington, IA",msa,IA,2010,94472.0,12
394427,"Burlington, IA",msa,IA,2011,94141.0,12
394427,"Burlington, IA",msa,IA,2012,96767.0,12
394427,"Burlington, IA",msa,IA,2013,98796.0,12
394427,"Burlington, IA",msa,IA,2014,105999.0,12
394427,"Burlington, IA",msa,IA,2015,111125.0,12
394427,"Burlington, IA",msa,IA,2016,113102.0,12
394427,"Burlington, IA",msa,IA,2017,113708.0,12
394427,"Burlington, IA",msa,IA,2018,115927.0,12
394427,"Burlington, IA",msa,IA,2019,120910.0,12
394427,"Burlington, IA",msa,IA,2020,127806.0,12
394427,"Burlington, IA",msa,IA,2021,131106.0,12
394427,"Burlington, IA",msa,IA,2022,139566.0,12
394427,"Burlington, IA",msa,IA,2023,139866.0,12
394427,"Burlington, IA",msa,IA,2024,141152.0,12
394427,"Burlington, IA",msa,IA,2025,143924.0,12
394427,"Burlington, IA",msa,IA,2026,145254.0,7
394428,"Burlington, NC",msa,NC,2016,151145.0,12
394428,"Burlington, NC",msa,NC,2017,160092.0,12
394428,"Burlington, NC",msa,NC,2018,170121.0,12
394428,"Burlington, NC",msa,NC,2019,177131.0,12
394428,"Burlington, NC",msa,NC,2020,197025.0,12
394428,"Burlington, NC",msa,NC,2021,230117.0,12
394428,"Burlington, NC",msa,NC,2022,271416.0,12
394428,"Burlington, NC",msa,NC,2023,286422.0,12
394428,"Burlington, NC",msa,NC,2024,293570.0,12
394428,"Burlington, NC",msa,NC,2025,295357.0,12
394428,"Burlington, NC",msa,NC,2026,297197.0,7
394429,"Burlington, VT",msa,VT,2000,150977.0,12
394429,"Burlington, VT",msa,VT,2001,165303.0,12
394429,"Burlington, VT",msa,VT,2002,181556.0,12
394429,"Burlington, VT",msa,VT,2003,196062.0,12
394429,"Burlington, VT",msa,VT,2004,220954.0,12
394429,"Burlington, VT",msa,VT,2005,249657.0,12
394429,"Burlington, VT",msa,VT,2006,262479.0,12
394429,"Burlington, VT",msa,VT,2007,262916.0,12
394429,"Burlington, VT",msa,VT,2008,252347.0,12
394429,"Burlington, VT",msa,VT,2009,248861.0,12
394429,"Burlington, VT",msa,VT,2010,253512.0,12
394429,"Burlington, VT",msa,VT,2011,252044.0,12
394429,"Burlington, VT",msa,VT,2012,258492.0,12
394429,"Burlington, VT",msa,VT,2013,268832.0,12
394429,"Burlington, VT",msa,VT,2014,276491.0,12
394429,"Burlington, VT",msa,VT,2015,282884.0,12
394429,"Burlington, VT",msa,VT,2016,289919.0,12
394429,"Burlington, VT",msa,VT,2017,304000.0,12
394429,"Burlington, VT",msa,VT,2018,315934.0,12
394429,"Burlington, VT",msa,VT,2019,326234.0,12
394429,"Burlington, VT",msa,VT,2020,357108.0,12
394429,"Burlington, VT",msa,VT,2021,400720.0,12
394429,"Burlington, VT",msa,VT,2022,441914.0,12
394429,"Burlington, VT",msa,VT,2023,466491.0,12
394429,"Burlington, VT",msa,VT,2024,479428.0,12
394429,"Burlington, VT",msa,VT,2025,479203.0,12
394429,"Burlington, VT",msa,VT,2026,478145.0,7
394430,"Butte, MT",msa,MT,2012,106828.0,12
394430,"Butte, MT",msa,MT,2013,107791.0,12
394430,"Butte, MT",msa,MT,2014,108696.0,12
394430,"Butte, MT",msa,MT,2015,118288.0,12
394430,"Butte, MT",msa,MT,2016,123421.0,12
394430,"Butte, MT",msa,MT,2017,133364.0,12
394430,"Butte, MT",msa,MT,2018,144388.0,12
394430,"Butte, MT",msa,MT,2019,154729.0,12
394430,"Butte, MT",msa,MT,2020,171934.0,12
394430,"Butte, MT",msa,MT,2021,220505.0,12
394430,"Butte, MT",msa,MT,2022,252561.0,12
394430,"Butte, MT",msa,MT,2023,269314.0,12
394430,"Butte, MT",msa,MT,2024,276314.0,12
394430,"Butte, MT",msa,MT,2025,283993.0,12
394430,"Butte, MT",msa,MT,2026,288835.0,7
394431,"Cadillac, MI",msa,MI,2008,84617.0,12
394431,"Cadillac, MI",msa,MI,2009,77604.0,12
394431,"Cadillac, MI",msa,MI,2010,70194.0,12
394431,"Cadillac, MI",msa,MI,2011,73574.0,12
394431,"Cadillac, MI",msa,MI,2012,78009.0,12
394431,"Cadillac, MI",msa,MI,2013,81669.0,12
394431,"Cadillac, MI",msa,MI,2014,85957.0,12
394431,"Cadillac, MI",msa,MI,2015,90568.0,12
394431,"Cadillac, MI",msa,MI,2016,95722.0,12
394431,"Cadillac, MI",msa,MI,2017,103168.0,12
394431,"Cadillac, MI",msa,MI,2018,142704.0,12
394431,"Cadillac, MI",msa,MI,2019,153883.0,12
394431,"Cadillac, MI",msa,MI,2020,171056.0,12
394431,"Cadillac, MI",msa,MI,2021,192620.0,12
394431,"Cadillac, MI",msa,MI,2022,203396.0,12
394431,"Cadillac, MI",msa,MI,2023,212864.0,12
394431,"Cadillac, MI",msa,MI,2024,223558.0,12
394431,"Cadillac, MI",msa,MI,2025,227316.0,12
394431,"Cadillac, MI",msa,MI,2026,234586.0,7
394432,"Calhoun, GA",msa,GA,2008,108989.0,12
394432,"Calhoun, GA",msa,GA,2009,101150.0,12
394432,"Calhoun, GA",msa,GA,2010,97768.0,12
394432,"Calhoun, GA",msa,GA,2011,91178.0,12
394432,"Calhoun, GA",msa,GA,2012,93778.0,12
394432,"Calhoun, GA",msa,GA,2013,103310.0,12
394432,"Calhoun, GA",msa,GA,2014,109382.0,12
394432,"Calhoun, GA",msa,GA,2015,116859.0,12
394432,"Calhoun, GA",msa,GA,2016,124666.0,12
394432,"Calhoun, GA",msa,GA,2017,134471.0,12
394432,"Calhoun, GA",msa,GA,2018,147159.0,12
394432,"Calhoun, GA",msa,GA,2019,158503.0,12
394432,"Calhoun, GA",msa,GA,2020,177266.0,12
394432,"Calhoun, GA",msa,GA,2021,212862.0,12
394432,"Calhoun, GA",msa,GA,2022,240463.0,12
394432,"Calhoun, GA",msa,GA,2023,257432.0,12
394432,"Calhoun, GA",msa,GA,2024,268829.0,12
394432,"Calhoun, GA",msa,GA,2025,275036.0,12
394432,"Calhoun, GA",msa,GA,2026,280109.0,7
753872,"California, MD",msa,MD,2000,173326.0,12
753872,"California, MD",msa,MD,2001,178473.0,12
753872,"California, MD",msa,MD,2002,191603.0,12
753872,"California, MD",msa,MD,2003,221259.0,12
753872,"California, MD",msa,MD,2004,272481.0,12
753872,"California, MD",msa,MD,2005,340714.0,12
753872,"California, MD",msa,MD,2006,368644.0,12
753872,"California, MD",msa,MD,2007,363997.0,12
753872,"California, MD",msa,MD,2008,330161.0,12
753872,"California, MD",msa,MD,2009,296181.0,12
753872,"California, MD",msa,MD,2010,289183.0,12
753872,"California, MD",msa,MD,2011,278263.0,12
753872,"California, MD",msa,MD,2012,280500.0,12
753872,"California, MD",msa,MD,2013,289044.0,12
753872,"California, MD",msa,MD,2014,291990.0,12
753872,"California, MD",msa,MD,2015,293266.0,12
753872,"California, MD",msa,MD,2016,289926.0,12
753872,"California, MD",msa,MD,2017,302917.0,12
753872,"California, MD",msa,MD,2018,308920.0,12
753872,"California, MD",msa,MD,2019,321450.0,12
753872,"California, MD",msa,MD,2020,348706.0,12
753872,"California, MD",msa,MD,2021,381574.0,12
753872,"California, MD",msa,MD,2022,394924.0,12
753872,"California, MD",msa,MD,2023,405003.0,12
753872,"California, MD",msa,MD,2024,421396.0,12
753872,"California, MD",msa,MD,2025,430469.0,12
753872,"California, MD",msa,MD,2026,437883.0,7
394433,"Cambridge, MD",msa,MD,2000,80721.0,12
394433,"Cambridge, MD",msa,MD,2001,87219.0,12
394433,"Cambridge, MD",msa,MD,2002,96699.0,12
394433,"Cambridge, MD",msa,MD,2003,109036.0,12
394433,"Cambridge, MD",msa,MD,2004,132684.0,12
394433,"Cambridge, MD",msa,MD,2005,154215.0,8
394433,"Cambridge, MD",msa,MD,2006,175903.0,12
394433,"Cambridge, MD",msa,MD,2007,179652.0,12
394433,"Cambridge, MD",msa,MD,2008,159839.0,12
394433,"Cambridge, MD",msa,MD,2009,146143.0,12
394433,"Cambridge, MD",msa,MD,2010,141430.0,12
394433,"Cambridge, MD",msa,MD,2011,137439.0,12
394433,"Cambridge, MD",msa,MD,2012,138367.0,12
394433,"Cambridge, MD",msa,MD,2013,141361.0,12
394433,"Cambridge, MD",msa,MD,2014,149073.0,12
394433,"Cambridge, MD",msa,MD,2015,155604.0,12
394433,"Cambridge, MD",msa,MD,2016,154610.0,12
394433,"Cambridge, MD",msa,MD,2017,163170.0,12
394433,"Cambridge, MD",msa,MD,2018,176013.0,12
394433,"Cambridge, MD",msa,MD,2019,183442.0,12
394433,"Cambridge, MD",msa,MD,2020,206064.0,12
394433,"Cambridge, MD",msa,MD,2021,233438.0,12
394433,"Cambridge, MD",msa,MD,2022,246358.0,12
394433,"Cambridge, MD",msa,MD,2023,260281.0,12
394433,"Cambridge, MD",msa,MD,2024,269435.0,12
394433,"Cambridge, MD",msa,MD,2025,271968.0,12
394433,"Cambridge, MD",msa,MD,2026,272225.0,7
394434,"Cambridge, OH",msa,OH,2000,85407.0,12
394434,"Cambridge, OH",msa,OH,2001,90173.0,12
394434,"Cambridge, OH",msa,OH,2002,93331.0,12
394434,"Cambridge, OH",msa,OH,2003,97488.0,12
394434,"Cambridge, OH",msa,OH,2004,101450.0,12
394434,"Cambridge, OH",msa,OH,2005,84362.0,12
394434,"Cambridge, OH",msa,OH,2006,85104.0,12
394434,"Cambridge, OH",msa,OH,2007,84943.0,12
394434,"Cambridge, OH",msa,OH,2008,84586.0,12
394434,"Cambridge, OH",msa,OH,2009,81773.0,12
394434,"Cambridge, OH",msa,OH,2010,79956.0,12
394434,"Cambridge, OH",msa,OH,2011,81374.0,12
394434,"Cambridge, OH",msa,OH,2012,86633.0,12
394434,"Cambridge, OH",msa,OH,2013,89923.0,12
394434,"Cambridge, OH",msa,OH,2014,96135.0,12
394434,"Cambridge, OH",msa,OH,2015,106700.0,12
394434,"Cambridge, OH",msa,OH,2016,104889.0,12
394434,"Cambridge, OH",msa,OH,2017,104082.0,12
394434,"Cambridge, OH",msa,OH,2018,103446.0,12
394434,"Cambridge, OH",msa,OH,2019,113632.0,12
394434,"Cambridge, OH",msa,OH,2020,128821.0,12
394434,"Cambridge, OH",msa,OH,2021,145385.0,12
394434,"Cambridge, OH",msa,OH,2022,148921.0,12
394434,"Cambridge, OH",msa,OH,2023,155740.0,12
394434,"Cambridge, OH",msa,OH,2024,162536.0,12
394434,"Cambridge, OH",msa,OH,2025,164247.0,12
394434,"Cambridge, OH",msa,OH,2026,169283.0,7
394435,"Camden, AR",msa,AR,2000,68865.0,12
394435,"Camden, AR",msa,AR,2001,69762.0,12
394435,"Camden, AR",msa,AR,2002,71896.0,12
394435,"Camden, AR",msa,AR,2003,74790.0,12
394435,"Camden, AR",msa,AR,2004,77957.0,12
394435,"Camden, AR",msa,AR,2005,86196.0,12
394435,"Camden, AR",msa,AR,2006,85155.0,12
394435,"Camden, AR",msa,AR,2007,85454.0,12
394435,"Camden, AR",msa,AR,2008,82874.0,12
394435,"Camden, AR",msa,AR,2009,78414.0,12
394435,"Camden, AR",msa,AR,2010,77264.0,12
394435,"Camden, AR",msa,AR,2011,79067.0,12
394435,"Camden, AR",msa,AR,2012,80575.0,12
394435,"Camden, AR",msa,AR,2013,81269.0,12
394435,"Camden, AR",msa,AR,2014,81957.0,12
394435,"Camden, AR",msa,AR,2015,85747.0,12
394435,"Camden, AR",msa,AR,2016,90792.0,12
394435,"Camden, AR",msa,AR,2017,89236.0,12
394435,"Camden, AR",msa,AR,2018,91493.0,12
394435,"Camden, AR",msa,AR,2019,97162.0,12
394435,"Camden, AR",msa,AR,2020,109592.0,12
394435,"Camden, AR",msa,AR,2021,115514.0,12
394435,"Camden, AR",msa,AR,2022,113110.0,12
394435,"Camden, AR",msa,AR,2023,115914.0,12
394435,"Camden, AR",msa,AR,2024,113582.0,12
394435,"Camden, AR",msa,AR,2025,104727.0,12
394435,"Camden, AR",msa,AR,2026,109556.0,7
394436,"Campbellsville, KY",msa,KY,2009,96300.0,12
394436,"Campbellsville, KY",msa,KY,2010,96290.0,12
394436,"Campbellsville, KY",msa,KY,2011,93760.0,12
394436,"Campbellsville, KY",msa,KY,2012,95056.0,12
394436,"Campbellsville, KY",msa,KY,2013,98389.0,12
394436,"Campbellsville, KY",msa,KY,2014,102909.0,12
394436,"Campbellsville, KY",msa,KY,2015,105605.0,12
394436,"Campbellsville, KY",msa,KY,2016,113755.0,12
394436,"Campbellsville, KY",msa,KY,2017,117998.0,12
394436,"Campbellsville, KY",msa,KY,2018,121316.0,12
394436,"Campbellsville, KY",msa,KY,2019,123021.0,12
394436,"Campbellsville, KY",msa,KY,2020,136900.0,12
394436,"Campbellsville, KY",msa,KY,2021,161305.0,12
394436,"Campbellsville, KY",msa,KY,2022,180077.0,12
394436,"Campbellsville, KY",msa,KY,2023,184848.0,12
394436,"Campbellsville, KY",msa,KY,2024,199584.0,12
394436,"Campbellsville, KY",msa,KY,2025,207031.0,12
394436,"Campbellsville, KY",msa,KY,2026,207768.0,7
394439,"Canton, OH",msa,OH,2000,98398.0,12
394439,"Canton, OH",msa,OH,2001,100401.0,12
394439,"Canton, OH",msa,OH,2002,103824.0,12
394439,"Canton, OH",msa,OH,2003,107014.0,12
394439,"Canton, OH",msa,OH,2004,109191.0,12
394439,"Canton, OH",msa,OH,2005,113100.0,12
394439,"Canton, OH",msa,OH,2006,114454.0,12
394439,"Canton, OH",msa,OH,2007,112554.0,12
394439,"Canton, OH",msa,OH,2008,110164.0,12
394439,"Canton, OH",msa,OH,2009,106755.0,12
394439,"Canton, OH",msa,OH,2010,104441.0,12
394439,"Canton, OH",msa,OH,2011,97643.0,12
394439,"Canton, OH",msa,OH,2012,99145.0,12
394439,"Canton, OH",msa,OH,2013,104558.0,12
394439,"Canton, OH",msa,OH,2014,107693.0,12
394439,"Canton, OH",msa,OH,2015,112996.0,12
394439,"Canton, OH",msa,OH,2016,118459.0,12
394439,"Canton, OH",msa,OH,2017,124374.0,12
394439,"Canton, OH",msa,OH,2018,131445.0,12
394439,"Canton, OH",msa,OH,2019,137470.0,12
394439,"Canton, OH",msa,OH,2020,152842.0,12
394439,"Canton, OH",msa,OH,2021,166826.0,12
394439,"Canton, OH",msa,OH,2022,179087.0,12
394439,"Canton, OH",msa,OH,2023,191527.0,12
394439,"Canton, OH",msa,OH,2024,204583.0,12
394439,"Canton, OH",msa,OH,2025,214560.0,12
394439,"Canton, OH",msa,OH,2026,220157.0,7
394440,"Cape Coral, FL",msa,FL,2000,137016.0,12
394440,"Cape Coral, FL",msa,FL,2001,149112.0,12
394440,"Cape Coral, FL",msa,FL,2002,166302.0,12
394440,"Cape Coral, FL",msa,FL,2003,186128.0,12
394440,"Cape Coral, FL",msa,FL,2004,215484.0,12
394440,"Cape Coral, FL",msa,FL,2005,288666.0,12
394440,"Cape Coral, FL",msa,FL,2006,314029.0,12
394440,"Cape Coral, FL",msa,FL,2007,248706.0,12
394440,"Cape Coral, FL",msa,FL,2008,179897.0,12
394440,"Cape Coral, FL",msa,FL,2009,141334.0,12
394440,"Cape Coral, FL",msa,FL,2010,133330.0,12
394440,"Cape Coral, FL",msa,FL,2011,132698.0,12
394440,"Cape Coral, FL",msa,FL,2012,146816.0,12
394440,"Cape Coral, FL",msa,FL,2013,168254.0,12
394440,"Cape Coral, FL",msa,FL,2014,184424.0,12
394440,"Cape Coral, FL",msa,FL,2015,208281.0,12
394440,"Cape Coral, FL",msa,FL,2016,225029.0,12
394440,"Cape Coral, FL",msa,FL,2017,232707.0,12
394440,"Cape Coral, FL",msa,FL,2018,239378.0,12
394440,"Cape Coral, FL",msa,FL,2019,241968.0,12
394440,"Cape Coral, FL",msa,FL,2020,260273.0,12
394440,"Cape Coral, FL",msa,FL,2021,339199.0,12
394440,"Cape Coral, FL",msa,FL,2022,408047.0,12
394440,"Cape Coral, FL",msa,FL,2023,405633.0,12
394440,"Cape Coral, FL",msa,FL,2024,382755.0,12
394440,"Cape Coral, FL",msa,FL,2025,343452.0,12
394440,"Cape Coral, FL",msa,FL,2026,337352.0,7
394441,"Cape Girardeau, MO",msa,MO,2009,133628.0,12
394441,"Cape Girardeau, MO",msa,MO,2010,132034.0,12
394441,"Cape Girardeau, MO",msa,MO,2011,131005.0,12
394441,"Cape Girardeau, MO",msa,MO,2012,125647.0,12
394441,"Cape Girardeau, MO",msa,MO,2013,126089.0,12
394441,"Cape Girardeau, MO",msa,MO,2014,129178.0,12
394441,"Cape Girardeau, MO",msa,MO,2015,136229.0,12
394441,"Cape Girardeau, MO",msa,MO,2016,141164.0,12
394441,"Cape Girardeau, MO",msa,MO,2017,145743.0,12
394441,"Cape Girardeau, MO",msa,MO,2018,150233.0,12
394441,"Cape Girardeau, MO",msa,MO,2019,154161.0,12
394441,"Cape Girardeau, MO",msa,MO,2020,168703.0,12
394441,"Cape Girardeau, MO",msa,MO,2021,188575.0,12
394441,"Cape Girardeau, MO",msa,MO,2022,203621.0,12
394441,"Cape Girardeau, MO",msa,MO,2023,209186.0,12
394441,"Cape Girardeau, MO",msa,MO,2024,214907.0,12
394441,"Cape Girardeau, MO",msa,MO,2025,222370.0,12
394441,"Cape Girardeau, MO",msa,MO,2026,226995.0,7
394442,"Carbondale, IL",msa,IL,2008,121479.0,12
394442,"Carbondale, IL",msa,IL,2009,116822.0,12
394442,"Carbondale, IL",msa,IL,2010,112351.0,12
394442,"Carbondale, IL",msa,IL,2011,109602.0,12
394442,"Carbondale, IL",msa,IL,2012,102024.0,12
394442,"Carbondale, IL",msa,IL,2013,106742.0,12
394442,"Carbondale, IL",msa,IL,2014,106830.0,12
394442,"Carbondale, IL",msa,IL,2015,110348.0,12
394442,"Carbondale, IL",msa,IL,2016,111946.0,12
394442,"Carbondale, IL",msa,IL,2017,115134.0,12
394442,"Carbondale, IL",msa,IL,2018,112367.0,12
394442,"Carbondale, IL",msa,IL,2019,122321.0,12
394442,"Carbondale, IL",msa,IL,2020,129165.0,12
394442,"Carbondale, IL",msa,IL,2021,133979.0,12
394442,"Carbondale, IL",msa,IL,2022,139058.0,12
394442,"Carbondale, IL",msa,IL,2023,141803.0,12
394442,"Carbondale, IL",msa,IL,2024,146467.0,12
394442,"Carbondale, IL",msa,IL,2025,152913.0,12
394442,"Carbondale, IL",msa,IL,2026,153888.0,7
394443,"Carlsbad, NM",msa,NM,2016,219588.0,12
394443,"Carlsbad, NM",msa,NM,2017,202108.0,12
394443,"Carlsbad, NM",msa,NM,2018,210355.0,12
394443,"Carlsbad, NM",msa,NM,2019,231336.0,12
394443,"Carlsbad, NM",msa,NM,2020,257547.0,12
394443,"Carlsbad, NM",msa,NM,2021,261405.0,12
394443,"Carlsbad, NM",msa,NM,2022,249441.0,12
394443,"Carlsbad, NM",msa,NM,2023,240460.0,12
394443,"Carlsbad, NM",msa,NM,2024,248775.0,12
394443,"Carlsbad, NM",msa,NM,2025,242182.0,12
394443,"Carlsbad, NM",msa,NM,2026,249127.0,7
394444,"Carson City, NV",msa,NV,2000,151017.0,12
394444,"Carson City, NV",msa,NV,2001,161018.0,12
394444,"Carson City, NV",msa,NV,2002,173032.0,12
394444,"Carson City, NV",msa,NV,2003,195759.0,12
394444,"Carson City, NV",msa,NV,2004,267268.0,12
394444,"Carson City, NV",msa,NV,2005,317705.0,12
394444,"Carson City, NV",msa,NV,2006,322084.0,12
394444,"Carson City, NV",msa,NV,2007,287723.0,12
394444,"Carson City, NV",msa,NV,2008,220186.0,12
394444,"Carson City, NV",msa,NV,2009,182530.0,12
394444,"Carson City, NV",msa,NV,2010,163844.0,12
394444,"Carson City, NV",msa,NV,2011,148218.0,12
394444,"Carson City, NV",msa,NV,2012,156939.0,12
394444,"Carson City, NV",msa,NV,2013,185846.0,12
394444,"Carson City, NV",msa,NV,2014,201637.0,12
394444,"Carson City, NV",msa,NV,2015,234593.0,12
394444,"Carson City, NV",msa,NV,2016,265402.0,12
394444,"Carson City, NV",msa,NV,2017,294826.0,12
394444,"Carson City, NV",msa,NV,2018,325505.0,12
394444,"Carson City, NV",msa,NV,2019,345958.0,12
394444,"Carson City, NV",msa,NV,2020,379419.0,12
394444,"Carson City, NV",msa,NV,2021,456600.0,12
394444,"Carson City, NV",msa,NV,2022,465674.0,12
394444,"Carson City, NV",msa,NV,2023,476251.0,12
394444,"Carson City, NV",msa,NV,2024,491355.0,12
394444,"Carson City, NV",msa,NV,2025,497568.0,12
394444,"Carson City, NV",msa,NV,2026,498224.0,7
394445,"Casper, WY",msa,WY,2010,175356.0,12
394445,"Casper, WY",msa,WY,2011,173347.0,12
394445,"Casper, WY",msa,WY,2012,188666.0,12
394445,"Casper, WY",msa,WY,2013,199353.0,12
394445,"Casper, WY",msa,WY,2014,209005.0,12
394445,"Casper, WY",msa,WY,2015,220630.0,12
394445,"Casper, WY",msa,WY,2016,209660.0,12
394445,"Casper, WY",msa,WY,2017,203915.0,12
394445,"Casper, WY",msa,WY,2018,206126.0,12
394445,"Casper, WY",msa,WY,2019,218544.0,12
394445,"Casper, WY",msa,WY,2020,233782.0,12
394445,"Casper, WY",msa,WY,2021,252990.0,12
394445,"Casper, WY",msa,WY,2022,274791.0,12
394445,"Casper, WY",msa,WY,2023,287576.0,12
394445,"Casper, WY",msa,WY,2024,304381.0,12
394445,"Casper, WY",msa,WY,2025,310606.0,12
394445,"Casper, WY",msa,WY,2026,315872.0,7
394437,"Ca±on City, CO",msa,CO,2016,179585.0,12
394437,"Ca±on City, CO",msa,CO,2017,195035.0,12
394437,"Ca±on City, CO",msa,CO,2018,212627.0,12
394437,"Ca±on City, CO",msa,CO,2019,230577.0,12
394437,"Ca±on City, CO",msa,CO,2020,258496.0,12
394437,"Ca±on City, CO",msa,CO,2021,310040.0,12
394437,"Ca±on City, CO",msa,CO,2022,328539.0,12
394437,"Ca±on City, CO",msa,CO,2023,333200.0,12
394437,"Ca±on City, CO",msa,CO,2024,343045.0,12
394437,"Ca±on City, CO",msa,CO,2025,346223.0,12
394437,"Ca±on City, CO",msa,CO,2026,342520.0,7
394446,"Cedar City, UT",msa,UT,2009,160636.0,12
394446,"Cedar City, UT",msa,UT,2010,153477.0,12
394446,"Cedar City, UT",msa,UT,2011,152223.0,10
394446,"Cedar City, UT",msa,UT,2012,147558.0,12
394446,"Cedar City, UT",msa,UT,2013,151467.0,12
394446,"Cedar City, UT",msa,UT,2014,163755.0,12
394446,"Cedar City, UT",msa,UT,2015,178603.0,12
394446,"Cedar City, UT",msa,UT,2016,198035.0,12
394446,"Cedar City, UT",msa,UT,2017,222059.0,12
394446,"Cedar City, UT",msa,UT,2018,241151.0,12
394446,"Cedar City, UT",msa,UT,2019,255853.0,12
394446,"Cedar City, UT",msa,UT,2020,285948.0,12
394446,"Cedar City, UT",msa,UT,2021,373435.0,12
394446,"Cedar City, UT",msa,UT,2022,395674.0,12
394446,"Cedar City, UT",msa,UT,2023,393725.0,12
394446,"Cedar City, UT",msa,UT,2024,395689.0,12
394446,"Cedar City, UT",msa,UT,2025,408486.0,12
394446,"Cedar City, UT",msa,UT,2026,414534.0,7
394447,"Cedar Rapids, IA",msa,IA,2000,118241.0,12
394447,"Cedar Rapids, IA",msa,IA,2001,123429.0,12
394447,"Cedar Rapids, IA",msa,IA,2002,127863.0,12
394447,"Cedar Rapids, IA",msa,IA,2003,132033.0,12
394447,"Cedar Rapids, IA",msa,IA,2004,135326.0,12
394447,"Cedar Rapids, IA",msa,IA,2005,139671.0,12
394447,"Cedar Rapids, IA",msa,IA,2006,143631.0,12
394447,"Cedar Rapids, IA",msa,IA,2007,145234.0,12
394447,"Cedar Rapids, IA",msa,IA,2008,147704.0,12
394447,"Cedar Rapids, IA",msa,IA,2009,147163.0,12
394447,"Cedar Rapids, IA",msa,IA,2010,145820.0,12
394447,"Cedar Rapids, IA",msa,IA,2011,141118.0,12
394447,"Cedar Rapids, IA",msa,IA,2012,144957.0,12
394447,"Cedar Rapids, IA",msa,IA,2013,146197.0,12
394447,"Cedar Rapids, IA",msa,IA,2014,149608.0,12
394447,"Cedar Rapids, IA",msa,IA,2015,154381.0,12
394447,"Cedar Rapids, IA",msa,IA,2016,155684.0,12
394447,"Cedar Rapids, IA",msa,IA,2017,161656.0,12
394447,"Cedar Rapids, IA",msa,IA,2018,167801.0,12
394447,"Cedar Rapids, IA",msa,IA,2019,175752.0,12
394447,"Cedar Rapids, IA",msa,IA,2020,184899.0,12
394447,"Cedar Rapids, IA",msa,IA,2021,202081.0,12
394447,"Cedar Rapids, IA",msa,IA,2022,218723.0,12
394447,"Cedar Rapids, IA",msa,IA,2023,226701.0,12
394447,"Cedar Rapids, IA",msa,IA,2024,233884.0,12
394447,"Cedar Rapids, IA",msa,IA,2025,242191.0,12
394447,"Cedar Rapids, IA",msa,IA,2026,247058.0,7
394448,"Cedartown, GA",msa,GA,2000,66492.0,12
394448,"Cedartown, GA",msa,GA,2001,70355.0,12
394448,"Cedartown, GA",msa,GA,2002,74045.0,12
394448,"Cedartown, GA",msa,GA,2003,76996.0,12
394448,"Cedartown, GA",msa,GA,2004,80786.0,10
394448,"Cedartown, GA",msa,GA,2005,80220.0,12
394448,"Cedartown, GA",msa,GA,2006,83906.0,12
394448,"Cedartown, GA",msa,GA,2007,85103.0,12
394448,"Cedartown, GA",msa,GA,2008,83166.0,12
394448,"Cedartown, GA",msa,GA,2009,75376.0,12
394448,"Cedartown, GA",msa,GA,2010,71022.0,12
394448,"Cedartown, GA",msa,GA,2011,64446.0,12
394448,"Cedartown, GA",msa,GA,2012,68240.0,12
394448,"Cedartown, GA",msa,GA,2013,73997.0,12
394448,"Cedartown, GA",msa,GA,2014,82206.0,12
394448,"Cedartown, GA",msa,GA,2015,90314.0,12
394448,"Cedartown, GA",msa,GA,2016,91909.0,12
394448,"Cedartown, GA",msa,GA,2017,102587.0,12
394448,"Cedartown, GA",msa,GA,2018,116385.0,12
394448,"Cedartown, GA",msa,GA,2019,121061.0,12
394448,"Cedartown, GA",msa,GA,2020,144142.0,12
394448,"Cedartown, GA",msa,GA,2021,173831.0,12
394448,"Cedartown, GA",msa,GA,2022,207008.0,12
394448,"Cedartown, GA",msa,GA,2023,215123.0,12
394448,"Cedartown, GA",msa,GA,2024,225185.0,12
394448,"Cedartown, GA",msa,GA,2025,221297.0,12
394448,"Cedartown, GA",msa,GA,2026,226451.0,7
394449,"Celina, OH",msa,OH,2009,125107.0,12
394449,"Celina, OH",msa,OH,2010,124973.0,12
394449,"Celina, OH",msa,OH,2011,123449.0,12
394449,"Celina, OH",msa,OH,2012,133579.0,12
394449,"Celina, OH",msa,OH,2013,144707.0,12
394449,"Celina, OH",msa,OH,2014,154435.0,12
394449,"Celina, OH",msa,OH,2015,149901.0,12
394449,"Celina, OH",msa,OH,2016,144645.0,12
394449,"Celina, OH",msa,OH,2017,150226.0,12
394449,"Celina, OH",msa,OH,2018,162138.0,12
394449,"Celina, OH",msa,OH,2019,169964.0,12
394449,"Celina, OH",msa,OH,2020,190362.0,12
394449,"Celina, OH",msa,OH,2021,209239.0,12
394449,"Celina, OH",msa,OH,2022,227744.0,12
394449,"Celina, OH",msa,OH,2023,242241.0,12
394449,"Celina, OH",msa,OH,2024,253172.0,12
394449,"Celina, OH",msa,OH,2025,270889.0,12
394449,"Celina, OH",msa,OH,2026,278147.0,7
394451,"Centralia, IL",msa,IL,2016,89880.0,12
394451,"Centralia, IL",msa,IL,2017,91139.0,12
394451,"Centralia, IL",msa,IL,2018,84971.0,12
394451,"Centralia, IL",msa,IL,2019,86225.0,12
394451,"Centralia, IL",msa,IL,2020,98844.0,12
394451,"Centralia, IL",msa,IL,2021,105487.0,12
394451,"Centralia, IL",msa,IL,2022,113594.0,12
394451,"Centralia, IL",msa,IL,2023,118626.0,12
394451,"Centralia, IL",msa,IL,2024,120919.0,12
394451,"Centralia, IL",msa,IL,2025,122045.0,12
394451,"Centralia, IL",msa,IL,2026,126376.0,7
394452,"Centralia, WA",msa,WA,2008,187439.0,12
394452,"Centralia, WA",msa,WA,2009,171907.0,12
394452,"Centralia, WA",msa,WA,2010,165155.0,12
394452,"Centralia, WA",msa,WA,2011,152754.0,12
394452,"Centralia, WA",msa,WA,2012,152360.0,12
394452,"Centralia, WA",msa,WA,2013,156081.0,12
394452,"Centralia, WA",msa,WA,2014,163128.0,12
394452,"Centralia, WA",msa,WA,2015,175887.0,12
394452,"Centralia, WA",msa,WA,2016,192551.0,12
394452,"Centralia, WA",msa,WA,2017,215890.0,12
394452,"Centralia, WA",msa,WA,2018,242498.0,12
394452,"Centralia, WA",msa,WA,2019,271955.0,12
394452,"Centralia, WA",msa,WA,2020,320252.0,12
394452,"Centralia, WA",msa,WA,2021,393690.0,12
394452,"Centralia, WA",msa,WA,2022,408685.0,12
394452,"Centralia, WA",msa,WA,2023,417359.0,12
394452,"Centralia, WA",msa,WA,2024,431241.0,12
394452,"Centralia, WA",msa,WA,2025,440564.0,12
394452,"Centralia, WA",msa,WA,2026,440718.0,7
394453,"Chambersburg, PA",msa,PA,2001,128252.0,12
394453,"Chambersburg, PA",msa,PA,2002,141000.0,12
394453,"Chambersburg, PA",msa,PA,2003,159630.0,12
394453,"Chambersburg, PA",msa,PA,2004,179275.0,12
394453,"Chambersburg, PA",msa,PA,2005,189437.0,12
394453,"Chambersburg, PA",msa,PA,2006,209748.0,12
394453,"Chambersburg, PA",msa,PA,2007,209880.0,12
394453,"Chambersburg, PA",msa,PA,2008,195962.0,12
394453,"Chambersburg, PA",msa,PA,2009,181582.0,12
394453,"Chambersburg, PA",msa,PA,2010,172037.0,12
394453,"Chambersburg, PA",msa,PA,2011,160802.0,12
394453,"Chambersburg, PA",msa,PA,2012,161083.0,12
394453,"Chambersburg, PA",msa,PA,2013,164648.0,12
394453,"Chambersburg, PA",msa,PA,2014,166944.0,12
394453,"Chambersburg, PA",msa,PA,2015,170532.0,12
394453,"Chambersburg, PA",msa,PA,2016,172707.0,12
394453,"Chambersburg, PA",msa,PA,2017,183630.0,12
394453,"Chambersburg, PA",msa,PA,2018,189049.0,12
394453,"Chambersburg, PA",msa,PA,2019,200490.0,12
394453,"Chambersburg, PA",msa,PA,2020,219634.0,12
394453,"Chambersburg, PA",msa,PA,2021,245401.0,12
394453,"Chambersburg, PA",msa,PA,2022,260871.0,12
394453,"Chambersburg, PA",msa,PA,2023,272204.0,12
394453,"Chambersburg, PA",msa,PA,2024,282735.0,12
394453,"Chambersburg, PA",msa,PA,2025,288953.0,12
394453,"Chambersburg, PA",msa,PA,2026,293175.0,7
394454,"Champaign, IL",msa,IL,2000,111748.0,12
394454,"Champaign, IL",msa,IL,2001,116811.0,12
394454,"Champaign, IL",msa,IL,2002,125102.0,12
394454,"Champaign, IL",msa,IL,2003,130003.0,12
394454,"Champaign, IL",msa,IL,2004,141260.0,12
394454,"Champaign, IL",msa,IL,2005,147669.0,12
394454,"Champaign, IL",msa,IL,2006,153887.0,12
394454,"Champaign, IL",msa,IL,2007,155711.0,12
394454,"Champaign, IL",msa,IL,2008,150744.0,12
394454,"Champaign, IL",msa,IL,2009,148879.0,12
394454,"Champaign, IL",msa,IL,2010,149638.0,12
394454,"Champaign, IL",msa,IL,2011,145214.0,12
394454,"Champaign, IL",msa,IL,2012,145417.0,12
394454,"Champaign, IL",msa,IL,2013,148126.0,12
394454,"Champaign, IL",msa,IL,2014,149199.0,12
394454,"Champaign, IL",msa,IL,2015,153314.0,12
394454,"Champaign, IL",msa,IL,2016,157255.0,12
394454,"Champaign, IL",msa,IL,2017,160902.0,12
394454,"Champaign, IL",msa,IL,2018,162191.0,12
394454,"Champaign, IL",msa,IL,2019,166925.0,12
394454,"Champaign, IL",msa,IL,2020,172906.0,12
394454,"Champaign, IL",msa,IL,2021,189329.0,12
394454,"Champaign, IL",msa,IL,2022,200790.0,12
394454,"Champaign, IL",msa,IL,2023,210933.0,12
394454,"Champaign, IL",msa,IL,2024,222865.0,12
394454,"Champaign, IL",msa,IL,2025,236615.0,12
394454,"Champaign, IL",msa,IL,2026,240904.0,7
394456,"Charleston, IL",msa,IL,2009,104450.0,12
394456,"Charleston, IL",msa,IL,2010,100860.0,12
394456,"Charleston, IL",msa,IL,2011,98511.0,12
394456,"Charleston, IL",msa,IL,2012,102119.0,12
394456,"Charleston, IL",msa,IL,2013,104392.0,12
394456,"Charleston, IL",msa,IL,2014,103773.0,12
394456,"Charleston, IL",msa,IL,2015,104236.0,12
394456,"Charleston, IL",msa,IL,2016,103223.0,12
394456,"Charleston, IL",msa,IL,2017,101704.0,12
394456,"Charleston, IL",msa,IL,2018,102257.0,12
394456,"Charleston, IL",msa,IL,2019,112827.0,12
394456,"Charleston, IL",msa,IL,2020,119836.0,12
394456,"Charleston, IL",msa,IL,2021,125156.0,12
394456,"Charleston, IL",msa,IL,2022,127800.0,12
394456,"Charleston, IL",msa,IL,2023,136165.0,12
394456,"Charleston, IL",msa,IL,2024,142118.0,12
394456,"Charleston, IL",msa,IL,2025,150976.0,12
394456,"Charleston, IL",msa,IL,2026,154227.0,7
394457,"Charleston, SC",msa,SC,2000,143788.0,12
394457,"Charleston, SC",msa,SC,2001,154217.0,12
394457,"Charleston, SC",msa,SC,2002,160443.0,12
394457,"Charleston, SC",msa,SC,2003,168955.0,12
394457,"Charleston, SC",msa,SC,2004,186659.0,12
394457,"Charleston, SC",msa,SC,2005,212245.0,12
394457,"Charleston, SC",msa,SC,2006,234578.0,12
394457,"Charleston, SC",msa,SC,2007,232846.0,12
394457,"Charleston, SC",msa,SC,2008,216478.0,12
394457,"Charleston, SC",msa,SC,2009,195428.0,12
394457,"Charleston, SC",msa,SC,2010,188067.0,12
394457,"Charleston, SC",msa,SC,2011,171030.0,12
394457,"Charleston, SC",msa,SC,2012,183895.0,12
394457,"Charleston, SC",msa,SC,2013,198446.0,12
394457,"Charleston, SC",msa,SC,2014,211243.0,12
394457,"Charleston, SC",msa,SC,2015,230836.0,12
394457,"Charleston, SC",msa,SC,2016,244257.0,12
394457,"Charleston, SC",msa,SC,2017,259874.0,12
394457,"Charleston, SC",msa,SC,2018,271060.0,12
394457,"Charleston, SC",msa,SC,2019,279142.0,12
394457,"Charleston, SC",msa,SC,2020,300454.0,12
394457,"Charleston, SC",msa,SC,2021,357211.0,12
394457,"Charleston, SC",msa,SC,2022,407367.0,12
394457,"Charleston, SC",msa,SC,2023,427986.0,12
394457,"Charleston, SC",msa,SC,2024,439660.0,12
394457,"Charleston, SC",msa,SC,2025,436700.0,12
394457,"Charleston, SC",msa,SC,2026,435645.0,7
394455,"Charleston, WV",msa,WV,2000,86246.0,12
394455,"Charleston, WV",msa,WV,2001,89703.0,12
394455,"Charleston, WV",msa,WV,2002,90391.0,12
394455,"Charleston, WV",msa,WV,2003,94088.0,12
394455,"Charleston, WV",msa,WV,2004,97215.0,12
394455,"Charleston, WV",msa,WV,2005,101431.0,12
394455,"Charleston, WV",msa,WV,2006,105198.0,12
394455,"Charleston, WV",msa,WV,2007,108026.0,12
394455,"Charleston, WV",msa,WV,2008,111197.0,12
394455,"Charleston, WV",msa,WV,2009,110620.0,12
394455,"Charleston, WV",msa,WV,2010,109627.0,12
394455,"Charleston, WV",msa,WV,2011,109350.0,12
394455,"Charleston, WV",msa,WV,2012,106285.0,12
394455,"Charleston, WV",msa,WV,2013,99201.0,12
394455,"Charleston, WV",msa,WV,2014,99974.0,12
394455,"Charleston, WV",msa,WV,2015,100039.0,12
394455,"Charleston, WV",msa,WV,2016,101424.0,12
394455,"Charleston, WV",msa,WV,2017,102657.0,12
394455,"Charleston, WV",msa,WV,2018,102556.0,12
394455,"Charleston, WV",msa,WV,2019,106083.0,12
394455,"Charleston, WV",msa,WV,2020,113799.0,12
394455,"Charleston, WV",msa,WV,2021,123344.0,12
394455,"Charleston, WV",msa,WV,2022,133176.0,12
394455,"Charleston, WV",msa,WV,2023,139982.0,12
394455,"Charleston, WV",msa,WV,2024,148282.0,12
394455,"Charleston, WV",msa,WV,2025,147769.0,12
394455,"Charleston, WV",msa,WV,2026,150171.0,7
394458,"Charlotte, NC",msa,NC,2000,151975.0,12
394458,"Charlotte, NC",msa,NC,2001,156230.0,12
394458,"Charlotte, NC",msa,NC,2002,158122.0,12
394458,"Charlotte, NC",msa,NC,2003,160241.0,12
394458,"Charlotte, NC",msa,NC,2004,163110.0,12
394458,"Charlotte, NC",msa,NC,2005,168392.0,12
394458,"Charlotte, NC",msa,NC,2006,176967.0,12
394458,"Charlotte, NC",msa,NC,2007,185197.0,12
394458,"Charlotte, NC",msa,NC,2008,179295.0,12
394458,"Charlotte, NC",msa,NC,2009,168998.0,12
394458,"Charlotte, NC",msa,NC,2010,160246.0,12
394458,"Charlotte, NC",msa,NC,2011,150216.0,12
394458,"Charlotte, NC",msa,NC,2012,153726.0,12
394458,"Charlotte, NC",msa,NC,2013,164552.0,12
394458,"Charlotte, NC",msa,NC,2014,171792.0,12
394458,"Charlotte, NC",msa,NC,2015,184950.0,12
394458,"Charlotte, NC",msa,NC,2016,200123.0,12
394458,"Charlotte, NC",msa,NC,2017,216911.0,12
394458,"Charlotte, NC",msa,NC,2018,232370.0,12
394458,"Charlotte, NC",msa,NC,2019,245695.0,12
394458,"Charlotte, NC",msa,NC,2020,274802.0,12
394458,"Charlotte, NC",msa,NC,2021,336411.0,12
394458,"Charlotte, NC",msa,NC,2022,379315.0,12
394458,"Charlotte, NC",msa,NC,2023,386299.0,12
394458,"Charlotte, NC",msa,NC,2024,393650.0,12
394458,"Charlotte, NC",msa,NC,2025,390789.0,12
394458,"Charlotte, NC",msa,NC,2026,388736.0,7
394459,"Charlottesville, VA",msa,VA,2000,179314.0,12
394459,"Charlottesville, VA",msa,VA,2001,195068.0,12
394459,"Charlottesville, VA",msa,VA,2002,212534.0,12
394459,"Charlottesville, VA",msa,VA,2003,235472.0,12
394459,"Charlottesville, VA",msa,VA,2004,278659.0,12
394459,"Charlottesville, VA",msa,VA,2005,314653.0,12
394459,"Charlottesville, VA",msa,VA,2006,304223.0,12
394459,"Charlottesville, VA",msa,VA,2007,300828.0,12
394459,"Charlottesville, VA",msa,VA,2008,283570.0,12
394459,"Charlottesville, VA",msa,VA,2009,266084.0,12
394459,"Charlottesville, VA",msa,VA,2010,260753.0,12
394459,"Charlottesville, VA",msa,VA,2011,253296.0,12
394459,"Charlottesville, VA",msa,VA,2012,253833.0,12
394459,"Charlottesville, VA",msa,VA,2013,261678.0,12
394459,"Charlottesville, VA",msa,VA,2014,265500.0,12
394459,"Charlottesville, VA",msa,VA,2015,276121.0,12
394459,"Charlottesville, VA",msa,VA,2016,286376.0,12
394459,"Charlottesville, VA",msa,VA,2017,300661.0,12
394459,"Charlottesville, VA",msa,VA,2018,313886.0,12
394459,"Charlottesville, VA",msa,VA,2019,325826.0,12
394459,"Charlottesville, VA",msa,VA,2020,353565.0,12
394459,"Charlottesville, VA",msa,VA,2021,389911.0,12
394459,"Charlottesville, VA",msa,VA,2022,425491.0,12
394459,"Charlottesville, VA",msa,VA,2023,443014.0,12
394459,"Charlottesville, VA",msa,VA,2024,467217.0,12
394459,"Charlottesville, VA",msa,VA,2025,471212.0,12
394459,"Charlottesville, VA",msa,VA,2026,472800.0,7
394460,"Chattanooga, TN",msa,TN,2000,124556.0,12
394460,"Chattanooga, TN",msa,TN,2001,130690.0,12
394460,"Chattanooga, TN",msa,TN,2002,135538.0,12
394460,"Chattanooga, TN",msa,TN,2003,141006.0,12
394460,"Chattanooga, TN",msa,TN,2004,148476.0,12
394460,"Chattanooga, TN",msa,TN,2005,158727.0,12
394460,"Chattanooga, TN",msa,TN,2006,165281.0,12
394460,"Chattanooga, TN",msa,TN,2007,168072.0,12
394460,"Chattanooga, TN",msa,TN,2008,163415.0,12
394460,"Chattanooga, TN",msa,TN,2009,156048.0,12
394460,"Chattanooga, TN",msa,TN,2010,153528.0,12
394460,"Chattanooga, TN",msa,TN,2011,146151.0,12
394460,"Chattanooga, TN",msa,TN,2012,146937.0,12
394460,"Chattanooga, TN",msa,TN,2013,154060.0,12
394460,"Chattanooga, TN",msa,TN,2014,157205.0,12
394460,"Chattanooga, TN",msa,TN,2015,164379.0,12
394460,"Chattanooga, TN",msa,TN,2016,173779.0,12
394460,"Chattanooga, TN",msa,TN,2017,185453.0,12
394460,"Chattanooga, TN",msa,TN,2018,194620.0,12
394460,"Chattanooga, TN",msa,TN,2019,209304.0,12
394460,"Chattanooga, TN",msa,TN,2020,231447.0,12
394460,"Chattanooga, TN",msa,TN,2021,272427.0,12
394460,"Chattanooga, TN",msa,TN,2022,298910.0,12
394460,"Chattanooga, TN",msa,TN,2023,315468.0,12
394460,"Chattanooga, TN",msa,TN,2024,327102.0,12
394460,"Chattanooga, TN",msa,TN,2025,325474.0,12
394460,"Chattanooga, TN",msa,TN,2026,326041.0,7
394462,"Cheyenne, WY",msa,WY,2002,147544.0,12
394462,"Cheyenne, WY",msa,WY,2003,155583.0,12
394462,"Cheyenne, WY",msa,WY,2004,169091.0,12
394462,"Cheyenne, WY",msa,WY,2005,176695.0,12
394462,"Cheyenne, WY",msa,WY,2006,188697.0,12
394462,"Cheyenne, WY",msa,WY,2007,195626.0,12
394462,"Cheyenne, WY",msa,WY,2008,198438.0,12
394462,"Cheyenne, WY",msa,WY,2009,201599.0,12
394462,"Cheyenne, WY",msa,WY,2010,206360.0,12
394462,"Cheyenne, WY",msa,WY,2011,205218.0,12
394462,"Cheyenne, WY",msa,WY,2012,214267.0,12
394462,"Cheyenne, WY",msa,WY,2013,219126.0,12
394462,"Cheyenne, WY",msa,WY,2014,228226.0,12
394462,"Cheyenne, WY",msa,WY,2015,247178.0,12
394462,"Cheyenne, WY",msa,WY,2016,256269.0,12
394462,"Cheyenne, WY",msa,WY,2017,267677.0,12
394462,"Cheyenne, WY",msa,WY,2018,279098.0,12
394462,"Cheyenne, WY",msa,WY,2019,310116.0,12
394462,"Cheyenne, WY",msa,WY,2020,334674.0,12
394462,"Cheyenne, WY",msa,WY,2021,347505.0,12
394462,"Cheyenne, WY",msa,WY,2022,362116.0,12
394462,"Cheyenne, WY",msa,WY,2023,368522.0,12
394462,"Cheyenne, WY",msa,WY,2024,376597.0,12
394462,"Cheyenne, WY",msa,WY,2025,388442.0,12
394462,"Cheyenne, WY",msa,WY,2026,393974.0,7
394463,"Chicago, IL",msa,IL,2000,170034.0,12
394463,"Chicago, IL",msa,IL,2001,184330.0,12
394463,"Chicago, IL",msa,IL,2002,198483.0,12
394463,"Chicago, IL",msa,IL,2003,213097.0,12
394463,"Chicago, IL",msa,IL,2004,231055.0,12
394463,"Chicago, IL",msa,IL,2005,252072.0,12
394463,"Chicago, IL",msa,IL,2006,262283.0,12
394463,"Chicago, IL",msa,IL,2007,259050.0,12
394463,"Chicago, IL",msa,IL,2008,234315.0,12
394463,"Chicago, IL",msa,IL,2009,208577.0,12
394463,"Chicago, IL",msa,IL,2010,194223.0,12
394463,"Chicago, IL",msa,IL,2011,177242.0,12
394463,"Chicago, IL",msa,IL,2012,171841.0,12
394463,"Chicago, IL",msa,IL,2013,190094.0,12
394463,"Chicago, IL",msa,IL,2014,202036.0,12
394463,"Chicago, IL",msa,IL,2015,211573.0,12
394463,"Chicago, IL",msa,IL,2016,221475.0,12
394463,"Chicago, IL",msa,IL,2017,233354.0,12
394463,"Chicago, IL",msa,IL,2018,241342.0,12
394463,"Chicago, IL",msa,IL,2019,246140.0,12
394463,"Chicago, IL",msa,IL,2020,260987.0,12
394463,"Chicago, IL",msa,IL,2021,287011.0,12
394463,"Chicago, IL",msa,IL,2022,304514.0,12
394463,"Chicago, IL",msa,IL,2023,321195.0,12
394463,"Chicago, IL",msa,IL,2024,338369.0,12
394463,"Chicago, IL",msa,IL,2025,351328.0,12
394463,"Chicago, IL",msa,IL,2026,360262.0,7
394464,"Chico, CA",msa,CA,2001,154511.0,12
394464,"Chico, CA",msa,CA,2002,176829.0,12
394464,"Chico, CA",msa,CA,2003,215648.0,12
394464,"Chico, CA",msa,CA,2004,254433.0,12
394464,"Chico, CA",msa,CA,2005,304283.0,12
394464,"Chico, CA",msa,CA,2006,301362.0,12
394464,"Chico, CA",msa,CA,2007,289401.0,12
394464,"Chico, CA",msa,CA,2008,245261.0,12
394464,"Chico, CA",msa,CA,2009,218432.0,12
394464,"Chico, CA",msa,CA,2010,206170.0,12
394464,"Chico, CA",msa,CA,2011,186019.0,12
394464,"Chico, CA",msa,CA,2012,195178.0,12
394464,"Chico, CA",msa,CA,2013,222509.0,12
394464,"Chico, CA",msa,CA,2014,235655.0,12
394464,"Chico, CA",msa,CA,2015,251280.0,12
394464,"Chico, CA",msa,CA,2016,269254.0,12
394464,"Chico, CA",msa,CA,2017,290049.0,12
394464,"Chico, CA",msa,CA,2018,305955.0,12
394464,"Chico, CA",msa,CA,2019,345610.0,12
394464,"Chico, CA",msa,CA,2020,368358.0,12
394464,"Chico, CA",msa,CA,2021,406581.0,12
394464,"Chico, CA",msa,CA,2022,417035.0,12
394464,"Chico, CA",msa,CA,2023,398471.0,12
394464,"Chico, CA",msa,CA,2024,400674.0,12
394464,"Chico, CA",msa,CA,2025,403407.0,12
394464,"Chico, CA",msa,CA,2026,401873.0,7
394465,"Chillicothe, OH",msa,OH,2000,98417.0,12
394465,"Chillicothe, OH",msa,OH,2001,102625.0,12
394465,"Chillicothe, OH",msa,OH,2002,105006.0,12
394465,"Chillicothe, OH",msa,OH,2003,108088.0,12
394465,"Chillicothe, OH",msa,OH,2004,111766.0,12
394465,"Chillicothe, OH",msa,OH,2005,113062.0,12
394465,"Chillicothe, OH",msa,OH,2006,112541.0,12
394465,"Chillicothe, OH",msa,OH,2007,111292.0,12
394465,"Chillicothe, OH",msa,OH,2008,111691.0,12
394465,"Chillicothe, OH",msa,OH,2009,108540.0,12
394465,"Chillicothe, OH",msa,OH,2010,107120.0,12
394465,"Chillicothe, OH",msa,OH,2011,105723.0,12
394465,"Chillicothe, OH",msa,OH,2012,104618.0,12
394465,"Chillicothe, OH",msa,OH,2013,105343.0,12
394465,"Chillicothe, OH",msa,OH,2014,105463.0,12
394465,"Chillicothe, OH",msa,OH,2015,112207.0,12
394465,"Chillicothe, OH",msa,OH,2016,115986.0,12
394465,"Chillicothe, OH",msa,OH,2017,115675.0,12
394465,"Chillicothe, OH",msa,OH,2018,124282.0,12
394465,"Chillicothe, OH",msa,OH,2019,132525.0,12
394465,"Chillicothe, OH",msa,OH,2020,149906.0,12
394465,"Chillicothe, OH",msa,OH,2021,164889.0,12
394465,"Chillicothe, OH",msa,OH,2022,174417.0,12
394465,"Chillicothe, OH",msa,OH,2023,187999.0,12
394465,"Chillicothe, OH",msa,OH,2024,199839.0,12
394465,"Chillicothe, OH",msa,OH,2025,204408.0,12
394465,"Chillicothe, OH",msa,OH,2026,208834.0,7
394466,"Cincinnati, OH",msa,OH,2000,136147.0,12
394466,"Cincinnati, OH",msa,OH,2001,141531.0,12
394466,"Cincinnati, OH",msa,OH,2002,146683.0,12
394466,"Cincinnati, OH",msa,OH,2003,152280.0,12
394466,"Cincinnati, OH",msa,OH,2004,157205.0,12
394466,"Cincinnati, OH",msa,OH,2005,162221.0,12
394466,"Cincinnati, OH",msa,OH,2006,165082.0,12
394466,"Cincinnati, OH",msa,OH,2007,162857.0,12
394466,"Cincinnati, OH",msa,OH,2008,156381.0,12
394466,"Cincinnati, OH",msa,OH,2009,150585.0,12
394466,"Cincinnati, OH",msa,OH,2010,147515.0,12
394466,"Cincinnati, OH",msa,OH,2011,139358.0,12
394466,"Cincinnati, OH",msa,OH,2012,140202.0,12
394466,"Cincinnati, OH",msa,OH,2013,146787.0,12
394466,"Cincinnati, OH",msa,OH,2014,151315.0,12
394466,"Cincinnati, OH",msa,OH,2015,159004.0,12
394466,"Cincinnati, OH",msa,OH,2016,167211.0,12
394466,"Cincinnati, OH",msa,OH,2017,176798.0,12
394466,"Cincinnati, OH",msa,OH,2018,188721.0,12
394466,"Cincinnati, OH",msa,OH,2019,200226.0,12
394466,"Cincinnati, OH",msa,OH,2020,224176.0,12
394466,"Cincinnati, OH",msa,OH,2021,249978.0,12
394466,"Cincinnati, OH",msa,OH,2022,272086.0,12
394466,"Cincinnati, OH",msa,OH,2023,286322.0,12
394466,"Cincinnati, OH",msa,OH,2024,298824.0,12
394466,"Cincinnati, OH",msa,OH,2025,307753.0,12
394466,"Cincinnati, OH",msa,OH,2026,311116.0,7
394469,"Clarksburg, WV",msa,WV,2000,67577.0,12
394469,"Clarksburg, WV",msa,WV,2001,71055.0,12
394469,"Clarksburg, WV",msa,WV,2002,73989.0,12
394469,"Clarksburg, WV",msa,WV,2003,77254.0,12
394469,"Clarksburg, WV",msa,WV,2004,83689.0,12
394469,"Clarksburg, WV",msa,WV,2005,92767.0,12
394469,"Clarksburg, WV",msa,WV,2006,96443.0,12
394469,"Clarksburg, WV",msa,WV,2007,98029.0,12
394469,"Clarksburg, WV",msa,WV,2008,97335.0,12
394469,"Clarksburg, WV",msa,WV,2009,95455.0,12
394469,"Clarksburg, WV",msa,WV,2010,94481.0,12
394469,"Clarksburg, WV",msa,WV,2011,92522.0,12
394469,"Clarksburg, WV",msa,WV,2012,97085.0,12
394469,"Clarksburg, WV",msa,WV,2013,96369.0,12
394469,"Clarksburg, WV",msa,WV,2014,97705.0,12
394469,"Clarksburg, WV",msa,WV,2015,105988.0,12
394469,"Clarksburg, WV",msa,WV,2016,108540.0,12
394469,"Clarksburg, WV",msa,WV,2017,112675.0,12
394469,"Clarksburg, WV",msa,WV,2018,116389.0,12
394469,"Clarksburg, WV",msa,WV,2019,117830.0,12
394469,"Clarksburg, WV",msa,WV,2020,128650.0,12
394469,"Clarksburg, WV",msa,WV,2021,137463.0,12
394469,"Clarksburg, WV",msa,WV,2022,143378.0,12
394469,"Clarksburg, WV",msa,WV,2023,146946.0,12
394469,"Clarksburg, WV",msa,WV,2024,152258.0,12
394469,"Clarksburg, WV",msa,WV,2025,151814.0,12
394469,"Clarksburg, WV",msa,WV,2026,156222.0,7
394470,"Clarksdale, MS",msa,MS,2016,54878.0,12
394470,"Clarksdale, MS",msa,MS,2017,55614.0,12
394470,"Clarksdale, MS",msa,MS,2018,56097.0,12
394470,"Clarksdale, MS",msa,MS,2019,59629.0,12
394470,"Clarksdale, MS",msa,MS,2020,74387.0,12
394470,"Clarksdale, MS",msa,MS,2021,91624.0,12
394470,"Clarksdale, MS",msa,MS,2022,77371.0,12
394470,"Clarksdale, MS",msa,MS,2023,59450.0,12
394470,"Clarksdale, MS",msa,MS,2024,55917.0,12
394470,"Clarksdale, MS",msa,MS,2025,52146.0,12
394470,"Clarksdale, MS",msa,MS,2026,52949.0,7
394471,"Clarksville, TN",msa,TN,2000,115391.0,12
394471,"Clarksville, TN",msa,TN,2001,118358.0,12
394471,"Clarksville, TN",msa,TN,2002,119914.0,12
394471,"Clarksville, TN",msa,TN,2003,122513.0,12
394471,"Clarksville, TN",msa,TN,2004,128442.0,12
394471,"Clarksville, TN",msa,TN,2005,138409.0,12
394471,"Clarksville, TN",msa,TN,2006,146906.0,12
394471,"Clarksville, TN",msa,TN,2007,154755.0,12
394471,"Clarksville, TN",msa,TN,2008,151492.0,12
394471,"Clarksville, TN",msa,TN,2009,152518.0,12
394471,"Clarksville, TN",msa,TN,2010,151721.0,12
394471,"Clarksville, TN",msa,TN,2011,153593.0,12
394471,"Clarksville, TN",msa,TN,2012,156747.0,12
394471,"Clarksville, TN",msa,TN,2013,153450.0,12
394471,"Clarksville, TN",msa,TN,2014,155176.0,12
394471,"Clarksville, TN",msa,TN,2015,155664.0,12
394471,"Clarksville, TN",msa,TN,2016,160408.0,12
394471,"Clarksville, TN",msa,TN,2017,165111.0,12
394471,"Clarksville, TN",msa,TN,2018,173569.0,12
394471,"Clarksville, TN",msa,TN,2019,185937.0,12
394471,"Clarksville, TN",msa,TN,2020,206951.0,12
394471,"Clarksville, TN",msa,TN,2021,246027.0,12
394471,"Clarksville, TN",msa,TN,2022,279340.0,12
394471,"Clarksville, TN",msa,TN,2023,287777.0,12
394471,"Clarksville, TN",msa,TN,2024,292979.0,12
394471,"Clarksville, TN",msa,TN,2025,291821.0,12
394471,"Clarksville, TN",msa,TN,2026,293172.0,7
394472,"Clearlake, CA",msa,CA,2007,172874.0,12
394472,"Clearlake, CA",msa,CA,2008,146149.0,12
394472,"Clearlake, CA",msa,CA,2009,133982.0,12
394472,"Clearlake, CA",msa,CA,2010,129198.0,12
394472,"Clearlake, CA",msa,CA,2011,123192.0,12
394472,"Clearlake, CA",msa,CA,2012,131532.0,12
394472,"Clearlake, CA",msa,CA,2013,157536.0,12
394472,"Clearlake, CA",msa,CA,2014,176000.0,12
394472,"Clearlake, CA",msa,CA,2015,196084.0,12
394472,"Clearlake, CA",msa,CA,2016,216998.0,12
394472,"Clearlake, CA",msa,CA,2017,240270.0,12
394472,"Clearlake, CA",msa,CA,2018,257543.0,12
394472,"Clearlake, CA",msa,CA,2019,268739.0,12
394472,"Clearlake, CA",msa,CA,2020,292156.0,12
394472,"Clearlake, CA",msa,CA,2021,336814.0,12
394472,"Clearlake, CA",msa,CA,2022,341720.0,12
394472,"Clearlake, CA",msa,CA,2023,323812.0,12
394472,"Clearlake, CA",msa,CA,2024,321619.0,12
394472,"Clearlake, CA",msa,CA,2025,309143.0,12
394472,"Clearlake, CA",msa,CA,2026,308936.0,7
394473,"Cleveland, MS",msa,MS,2016,145756.0,12
394473,"Cleveland, MS",msa,MS,2017,151114.0,12
394473,"Cleveland, MS",msa,MS,2018,159505.0,12
394473,"Cleveland, MS",msa,MS,2019,166644.0,12
394473,"Cleveland, MS",msa,MS,2020,166039.0,12
394473,"Cleveland, MS",msa,MS,2021,173267.0,12
394473,"Cleveland, MS",msa,MS,2022,145161.0,12
394473,"Cleveland, MS",msa,MS,2023,134322.0,12
394473,"Cleveland, MS",msa,MS,2024,133951.0,12
394473,"Cleveland, MS",msa,MS,2025,120989.0,12
394473,"Cleveland, MS",msa,MS,2026,117055.0,7
394475,"Cleveland, OH",msa,OH,2000,126521.0,12
394475,"Cleveland, OH",msa,OH,2001,131060.0,12
394475,"Cleveland, OH",msa,OH,2002,134545.0,12
394475,"Cleveland, OH",msa,OH,2003,140068.0,12
394475,"Cleveland, OH",msa,OH,2004,144709.0,12
394475,"Cleveland, OH",msa,OH,2005,149162.0,12
394475,"Cleveland, OH",msa,OH,2006,149472.0,12
394475,"Cleveland, OH",msa,OH,2007,144119.0,12
394475,"Cleveland, OH",msa,OH,2008,135978.0,12
394475,"Cleveland, OH",msa,OH,2009,129891.0,12
394475,"Cleveland, OH",msa,OH,2010,124825.0,12
394475,"Cleveland, OH",msa,OH,2011,117186.0,12
394475,"Cleveland, OH",msa,OH,2012,118562.0,12
394475,"Cleveland, OH",msa,OH,2013,122533.0,12
394475,"Cleveland, OH",msa,OH,2014,123831.0,12
394475,"Cleveland, OH",msa,OH,2015,130476.0,12
394475,"Cleveland, OH",msa,OH,2016,136682.0,12
394475,"Cleveland, OH",msa,OH,2017,144611.0,12
394475,"Cleveland, OH",msa,OH,2018,153297.0,12
394475,"Cleveland, OH",msa,OH,2019,160236.0,12
394475,"Cleveland, OH",msa,OH,2020,176191.0,12
394475,"Cleveland, OH",msa,OH,2021,193603.0,12
394475,"Cleveland, OH",msa,OH,2022,212156.0,12
394475,"Cleveland, OH",msa,OH,2023,224678.0,12
394475,"Cleveland, OH",msa,OH,2024,238753.0,12
394475,"Cleveland, OH",msa,OH,2025,249573.0,12
394475,"Cleveland, OH",msa,OH,2026,254473.0,7
394474,"Cleveland, TN",msa,TN,2000,105183.0,12
394474,"Cleveland, TN",msa,TN,2001,110210.0,12
394474,"Cleveland, TN",msa,TN,2002,112292.0,12
394474,"Cleveland, TN",msa,TN,2003,117488.0,12
394474,"Cleveland, TN",msa,TN,2004,124951.0,12
394474,"Cleveland, TN",msa,TN,2005,133776.0,12
394474,"Cleveland, TN",msa,TN,2006,142352.0,12
394474,"Cleveland, TN",msa,TN,2007,147201.0,12
394474,"Cleveland, TN",msa,TN,2008,146468.0,12
394474,"Cleveland, TN",msa,TN,2009,138350.0,12
394474,"Cleveland, TN",msa,TN,2010,141810.0,12
394474,"Cleveland, TN",msa,TN,2011,131085.0,12
394474,"Cleveland, TN",msa,TN,2012,130892.0,12
394474,"Cleveland, TN",msa,TN,2013,134466.0,12
394474,"Cleveland, TN",msa,TN,2014,141108.0,12
394474,"Cleveland, TN",msa,TN,2015,149181.0,12
394474,"Cleveland, TN",msa,TN,2016,158482.0,12
394474,"Cleveland, TN",msa,TN,2017,166645.0,12
394474,"Cleveland, TN",msa,TN,2018,177183.0,12
394474,"Cleveland, TN",msa,TN,2019,189706.0,12
394474,"Cleveland, TN",msa,TN,2020,212666.0,12
394474,"Cleveland, TN",msa,TN,2021,253988.0,12
394474,"Cleveland, TN",msa,TN,2022,276604.0,12
394474,"Cleveland, TN",msa,TN,2023,295236.0,12
394474,"Cleveland, TN",msa,TN,2024,308591.0,12
394474,"Cleveland, TN",msa,TN,2025,310139.0,12
394474,"Cleveland, TN",msa,TN,2026,313342.0,7
394476,"Clewiston, FL",msa,FL,2000,58976.0,12
394476,"Clewiston, FL",msa,FL,2001,64994.0,12
394476,"Clewiston, FL",msa,FL,2002,71320.0,12
394476,"Clewiston, FL",msa,FL,2003,79014.0,12
394476,"Clewiston, FL",msa,FL,2004,94393.0,12
394476,"Clewiston, FL",msa,FL,2005,119026.0,12
394476,"Clewiston, FL",msa,FL,2006,128004.0,12
394476,"Clewiston, FL",msa,FL,2007,117101.0,12
394476,"Clewiston, FL",msa,FL,2008,95167.0,12
394476,"Clewiston, FL",msa,FL,2009,82737.0,12
394476,"Clewiston, FL",msa,FL,2010,76842.0,12
394476,"Clewiston, FL",msa,FL,2011,71445.0,12
394476,"Clewiston, FL",msa,FL,2012,74328.0,12
394476,"Clewiston, FL",msa,FL,2013,84515.0,12
394476,"Clewiston, FL",msa,FL,2014,90639.0,12
394476,"Clewiston, FL",msa,FL,2015,104255.0,12
394476,"Clewiston, FL",msa,FL,2016,118696.0,12
394476,"Clewiston, FL",msa,FL,2017,131807.0,12
394476,"Clewiston, FL",msa,FL,2018,147730.0,12
394476,"Clewiston, FL",msa,FL,2019,160228.0,12
394476,"Clewiston, FL",msa,FL,2020,179693.0,12
394476,"Clewiston, FL",msa,FL,2021,218904.0,12
394476,"Clewiston, FL",msa,FL,2022,262618.0,12
394476,"Clewiston, FL",msa,FL,2023,291828.0,12
394476,"Clewiston, FL",msa,FL,2024,291085.0,12
394476,"Clewiston, FL",msa,FL,2025,282388.0,12
394476,"Clewiston, FL",msa,FL,2026,274157.0,7
394477,"Clinton, IA",msa,IA,2009,98435.0,12
394477,"Clinton, IA",msa,IA,2010,98730.0,12
394477,"Clinton, IA",msa,IA,2011,98768.0,12
394477,"Clinton, IA",msa,IA,2012,100877.0,12
394477,"Clinton, IA",msa,IA,2013,107010.0,12
394477,"Clinton, IA",msa,IA,2014,109570.0,12
394477,"Clinton, IA",msa,IA,2015,115982.0,12
394477,"Clinton, IA",msa,IA,2016,118513.0,12
394477,"Clinton, IA",msa,IA,2017,118225.0,12
394477,"Clinton, IA",msa,IA,2018,124010.0,12
394477,"Clinton, IA",msa,IA,2019,131575.0,12
394477,"Clinton, IA",msa,IA,2020,141853.0,12
394477,"Clinton, IA",msa,IA,2021,151480.0,12
394477,"Clinton, IA",msa,IA,2022,164332.0,12
394477,"Clinton, IA",msa,IA,2023,167589.0,12
394477,"Clinton, IA",msa,IA,2024,170458.0,12
394477,"Clinton, IA",msa,IA,2025,176250.0,12
394477,"Clinton, IA",msa,IA,2026,182553.0,7
394478,"Clovis, NM",msa,NM,2016,141147.0,12
394478,"Clovis, NM",msa,NM,2017,139290.0,12
394478,"Clovis, NM",msa,NM,2018,140954.0,12
394478,"Clovis, NM",msa,NM,2019,150383.0,12
394478,"Clovis, NM",msa,NM,2020,161515.0,12
394478,"Clovis, NM",msa,NM,2021,157091.0,12
394478,"Clovis, NM",msa,NM,2022,170832.0,12
394478,"Clovis, NM",msa,NM,2023,163072.0,12
394478,"Clovis, NM",msa,NM,2024,165557.0,12
394478,"Clovis, NM",msa,NM,2025,157735.0,12
394478,"Clovis, NM",msa,NM,2026,159948.0,7
394480,"Coeur d'Alene, ID",msa,ID,2007,232660.0,12
394480,"Coeur d'Alene, ID",msa,ID,2008,227579.0,12
394480,"Coeur d'Alene, ID",msa,ID,2009,201888.0,12
394480,"Coeur d'Alene, ID",msa,ID,2010,184605.0,12
394480,"Coeur d'Alene, ID",msa,ID,2011,167837.0,12
394480,"Coeur d'Alene, ID",msa,ID,2012,185657.0,12
394480,"Coeur d'Alene, ID",msa,ID,2013,207612.0,12
394480,"Coeur d'Alene, ID",msa,ID,2014,220673.0,12
394480,"Coeur d'Alene, ID",msa,ID,2015,238141.0,12
394480,"Coeur d'Alene, ID",msa,ID,2016,258485.0,12
394480,"Coeur d'Alene, ID",msa,ID,2017,287491.0,12
394480,"Coeur d'Alene, ID",msa,ID,2018,321186.0,12
394480,"Coeur d'Alene, ID",msa,ID,2019,357592.0,12
394480,"Coeur d'Alene, ID",msa,ID,2020,425347.0,12
394480,"Coeur d'Alene, ID",msa,ID,2021,563117.0,12
394480,"Coeur d'Alene, ID",msa,ID,2022,586167.0,12
394480,"Coeur d'Alene, ID",msa,ID,2023,581821.0,12
394480,"Coeur d'Alene, ID",msa,ID,2024,588400.0,12
394480,"Coeur d'Alene, ID",msa,ID,2025,600419.0,12
394480,"Coeur d'Alene, ID",msa,ID,2026,605399.0,7
394481,"Coffeyville, KS",msa,KS,2010,91264.0,12
394481,"Coffeyville, KS",msa,KS,2011,90046.0,12
394481,"Coffeyville, KS",msa,KS,2012,83194.0,12
394481,"Coffeyville, KS",msa,KS,2013,78284.0,12
394481,"Coffeyville, KS",msa,KS,2014,74129.0,12
394481,"Coffeyville, KS",msa,KS,2015,71359.0,12
394481,"Coffeyville, KS",msa,KS,2016,66182.0,12
394481,"Coffeyville, KS",msa,KS,2017,65209.0,12
394481,"Coffeyville, KS",msa,KS,2018,66069.0,12
394481,"Coffeyville, KS",msa,KS,2019,68898.0,12
394481,"Coffeyville, KS",msa,KS,2020,74116.0,12
394481,"Coffeyville, KS",msa,KS,2021,87764.0,12
394481,"Coffeyville, KS",msa,KS,2022,95987.0,12
394481,"Coffeyville, KS",msa,KS,2023,92055.0,12
394481,"Coffeyville, KS",msa,KS,2024,99344.0,12
394481,"Coffeyville, KS",msa,KS,2025,98888.0,12
394481,"Coffeyville, KS",msa,KS,2026,102921.0,7
394482,"Coldwater, MI",msa,MI,2000,117965.0,12
394482,"Coldwater, MI",msa,MI,2001,124576.0,12
394482,"Coldwater, MI",msa,MI,2002,129828.0,12
394482,"Coldwater, MI",msa,MI,2003,135205.0,12
394482,"Coldwater, MI",msa,MI,2004,141172.0,12
394482,"Coldwater, MI",msa,MI,2005,143392.0,12
394482,"Coldwater, MI",msa,MI,2006,140384.0,12
394482,"Coldwater, MI",msa,MI,2007,137311.0,12
394482,"Coldwater, MI",msa,MI,2008,128681.0,12
394482,"Coldwater, MI",msa,MI,2009,117635.0,12
394482,"Coldwater, MI",msa,MI,2010,116667.0,12
394482,"Coldwater, MI",msa,MI,2011,115332.0,12
394482,"Coldwater, MI",msa,MI,2012,114271.0,12
394482,"Coldwater, MI",msa,MI,2013,118340.0,12
394482,"Coldwater, MI",msa,MI,2014,121939.0,12
394482,"Coldwater, MI",msa,MI,2015,128939.0,12
394482,"Coldwater, MI",msa,MI,2016,130803.0,12
394482,"Coldwater, MI",msa,MI,2017,137872.0,12
394482,"Coldwater, MI",msa,MI,2018,148702.0,12
394482,"Coldwater, MI",msa,MI,2019,159831.0,12
394482,"Coldwater, MI",msa,MI,2020,169213.0,12
394482,"Coldwater, MI",msa,MI,2021,190730.0,12
394482,"Coldwater, MI",msa,MI,2022,194047.0,12
394482,"Coldwater, MI",msa,MI,2023,201861.0,12
394482,"Coldwater, MI",msa,MI,2024,199542.0,12
394482,"Coldwater, MI",msa,MI,2025,207255.0,12
394482,"Coldwater, MI",msa,MI,2026,211745.0,7
394483,"College Station, TX",msa,TX,2009,155495.0,12
394483,"College Station, TX",msa,TX,2010,159163.0,12
394483,"College Station, TX",msa,TX,2011,157092.0,12
394483,"College Station, TX",msa,TX,2012,162154.0,12
394483,"College Station, TX",msa,TX,2013,165969.0,12
394483,"College Station, TX",msa,TX,2014,179069.0,12
394483,"College Station, TX",msa,TX,2015,197284.0,12
394483,"College Station, TX",msa,TX,2016,213628.0,12
394483,"College Station, TX",msa,TX,2017,225116.0,12
394483,"College Station, TX",msa,TX,2018,233838.0,12
394483,"College Station, TX",msa,TX,2019,231889.0,12
394483,"College Station, TX",msa,TX,2020,245142.0,12
394483,"College Station, TX",msa,TX,2021,268812.0,12
394483,"College Station, TX",msa,TX,2022,291795.0,12
394483,"College Station, TX",msa,TX,2023,302041.0,12
394483,"College Station, TX",msa,TX,2024,307654.0,12
394483,"College Station, TX",msa,TX,2025,309318.0,12
394483,"College Station, TX",msa,TX,2026,310295.0,7
394484,"Colorado Springs, CO",msa,CO,2000,175116.0,12
394484,"Colorado Springs, CO",msa,CO,2001,191205.0,12
394484,"Colorado Springs, CO",msa,CO,2002,197396.0,12
394484,"Colorado Springs, CO",msa,CO,2003,203021.0,12
394484,"Colorado Springs, CO",msa,CO,2004,210295.0,12
394484,"Colorado Springs, CO",msa,CO,2005,223277.0,12
394484,"Colorado Springs, CO",msa,CO,2006,229821.0,12
394484,"Colorado Springs, CO",msa,CO,2007,231430.0,12
394484,"Colorado Springs, CO",msa,CO,2008,218844.0,12
394484,"Colorado Springs, CO",msa,CO,2009,217143.0,12
394484,"Colorado Springs, CO",msa,CO,2010,211931.0,12
394484,"Colorado Springs, CO",msa,CO,2011,204526.0,12
394484,"Colorado Springs, CO",msa,CO,2012,213537.0,12
394484,"Colorado Springs, CO",msa,CO,2013,223811.0,12
394484,"Colorado Springs, CO",msa,CO,2014,232243.0,12
394484,"Colorado Springs, CO",msa,CO,2015,248593.0,12
394484,"Colorado Springs, CO",msa,CO,2016,269832.0,12
394484,"Colorado Springs, CO",msa,CO,2017,294263.0,12
394484,"Colorado Springs, CO",msa,CO,2018,321829.0,12
394484,"Colorado Springs, CO",msa,CO,2019,342666.0,12
394484,"Colorado Springs, CO",msa,CO,2020,378102.0,12
394484,"Colorado Springs, CO",msa,CO,2021,452957.0,12
394484,"Colorado Springs, CO",msa,CO,2022,473704.0,12
394484,"Colorado Springs, CO",msa,CO,2023,470327.0,12
394484,"Colorado Springs, CO",msa,CO,2024,474388.0,12
394484,"Colorado Springs, CO",msa,CO,2025,463918.0,12
394484,"Colorado Springs, CO",msa,CO,2026,455359.0,7
394485,"Columbia, MO",msa,MO,2005,155091.0,12
394485,"Columbia, MO",msa,MO,2006,159253.0,12
394485,"Columbia, MO",msa,MO,2007,159370.0,12
394485,"Columbia, MO",msa,MO,2008,159572.0,12
394485,"Columbia, MO",msa,MO,2009,156529.0,12
394485,"Columbia, MO",msa,MO,2010,157354.0,12
394485,"Columbia, MO",msa,MO,2011,156586.0,12
394485,"Columbia, MO",msa,MO,2012,159991.0,12
394485,"Columbia, MO",msa,MO,2013,165065.0,12
394485,"Columbia, MO",msa,MO,2014,168781.0,12
394485,"Columbia, MO",msa,MO,2015,174642.0,12
394485,"Columbia, MO",msa,MO,2016,182151.0,12
394485,"Columbia, MO",msa,MO,2017,190610.0,12
394485,"Columbia, MO",msa,MO,2018,194858.0,12
394485,"Columbia, MO",msa,MO,2019,205185.0,12
394485,"Columbia, MO",msa,MO,2020,224808.0,12
394485,"Columbia, MO",msa,MO,2021,257882.0,12
394485,"Columbia, MO",msa,MO,2022,285324.0,12
394485,"Columbia, MO",msa,MO,2023,293014.0,12
394485,"Columbia, MO",msa,MO,2024,308575.0,12
394485,"Columbia, MO",msa,MO,2025,318228.0,12
394485,"Columbia, MO",msa,MO,2026,322991.0,7
394486,"Columbia, SC",msa,SC,2000,114292.0,12
394486,"Columbia, SC",msa,SC,2001,117805.0,12
394486,"Columbia, SC",msa,SC,2002,120291.0,12
394486,"Columbia, SC",msa,SC,2003,124796.0,12
394486,"Columbia, SC",msa,SC,2004,130309.0,12
394486,"Columbia, SC",msa,SC,2005,137015.0,12
394486,"Columbia, SC",msa,SC,2006,143858.0,12
394486,"Columbia, SC",msa,SC,2007,147159.0,12
394486,"Columbia, SC",msa,SC,2008,145156.0,12
394486,"Columbia, SC",msa,SC,2009,142617.0,12
394486,"Columbia, SC",msa,SC,2010,139942.0,12
394486,"Columbia, SC",msa,SC,2011,132799.0,12
394486,"Columbia, SC",msa,SC,2012,130312.0,12
394486,"Columbia, SC",msa,SC,2013,131458.0,12
394486,"Columbia, SC",msa,SC,2014,132595.0,12
394486,"Columbia, SC",msa,SC,2015,137436.0,12
394486,"Columbia, SC",msa,SC,2016,144294.0,12
394486,"Columbia, SC",msa,SC,2017,149952.0,12
394486,"Columbia, SC",msa,SC,2018,156815.0,12
394486,"Columbia, SC",msa,SC,2019,165448.0,12
394486,"Columbia, SC",msa,SC,2020,179709.0,12
394486,"Columbia, SC",msa,SC,2021,206109.0,12
394486,"Columbia, SC",msa,SC,2022,236874.0,12
394486,"Columbia, SC",msa,SC,2023,244868.0,12
394486,"Columbia, SC",msa,SC,2024,251619.0,12
394486,"Columbia, SC",msa,SC,2025,253781.0,12
394486,"Columbia, SC",msa,SC,2026,256240.0,7
394488,"Columbus, GA",msa,GA,2000,140897.0,12
394488,"Columbus, GA",msa,GA,2001,146998.0,12
394488,"Columbus, GA",msa,GA,2002,149303.0,12
394488,"Columbus, GA",msa,GA,2003,155069.0,12
394488,"Columbus, GA",msa,GA,2004,163702.0,12
394488,"Columbus, GA",msa,GA,2005,134718.0,12
394488,"Columbus, GA",msa,GA,2006,140928.0,12
394488,"Columbus, GA",msa,GA,2007,146903.0,12
394488,"Columbus, GA",msa,GA,2008,145542.0,12
394488,"Columbus, GA",msa,GA,2009,139001.0,12
394488,"Columbus, GA",msa,GA,2010,132005.0,12
394488,"Columbus, GA",msa,GA,2011,125764.0,12
394488,"Columbus, GA",msa,GA,2012,120590.0,12
394488,"Columbus, GA",msa,GA,2013,118562.0,12
394488,"Columbus, GA",msa,GA,2014,116603.0,12
394488,"Columbus, GA",msa,GA,2015,117217.0,12
394488,"Columbus, GA",msa,GA,2016,119038.0,12
394488,"Columbus, GA",msa,GA,2017,121023.0,12
394488,"Columbus, GA",msa,GA,2018,127811.0,12
394488,"Columbus, GA",msa,GA,2019,136078.0,12
394488,"Columbus, GA",msa,GA,2020,149554.0,12
394488,"Columbus, GA",msa,GA,2021,166821.0,12
394488,"Columbus, GA",msa,GA,2022,182791.0,12
394488,"Columbus, GA",msa,GA,2023,191815.0,12
394488,"Columbus, GA",msa,GA,2024,201834.0,12
394488,"Columbus, GA",msa,GA,2025,206016.0,12
394488,"Columbus, GA",msa,GA,2026,209704.0,7
394489,"Columbus, IN",msa,IN,2001,186399.0,12
394489,"Columbus, IN",msa,IN,2002,180621.0,12
394489,"Columbus, IN",msa,IN,2003,183826.0,12
394489,"Columbus, IN",msa,IN,2004,188198.0,12
394489,"Columbus, IN",msa,IN,2005,174940.0,12
394489,"Columbus, IN",msa,IN,2006,138373.0,12
394489,"Columbus, IN",msa,IN,2007,139107.0,12
394489,"Columbus, IN",msa,IN,2008,137747.0,12
394489,"Columbus, IN",msa,IN,2009,133757.0,12
394489,"Columbus, IN",msa,IN,2010,132418.0,12
394489,"Columbus, IN",msa,IN,2011,131606.0,12
394489,"Columbus, IN",msa,IN,2012,134388.0,12
394489,"Columbus, IN",msa,IN,2013,139039.0,12
394489,"Columbus, IN",msa,IN,2014,141755.0,12
394489,"Columbus, IN",msa,IN,2015,148233.0,12
394489,"Columbus, IN",msa,IN,2016,152242.0,12
394489,"Columbus, IN",msa,IN,2017,158152.0,12
394489,"Columbus, IN",msa,IN,2018,167574.0,12
394489,"Columbus, IN",msa,IN,2019,180725.0,12
394489,"Columbus, IN",msa,IN,2020,194541.0,12
394489,"Columbus, IN",msa,IN,2021,220342.0,12
394489,"Columbus, IN",msa,IN,2022,238788.0,12
394489,"Columbus, IN",msa,IN,2023,253364.0,12
394489,"Columbus, IN",msa,IN,2024,265349.0,12
394489,"Columbus, IN",msa,IN,2025,274138.0,12
394489,"Columbus, IN",msa,IN,2026,277086.0,7
394490,"Columbus, MS",msa,MS,2012,110172.0,12
394490,"Columbus, MS",msa,MS,2013,111495.0,12
394490,"Columbus, MS",msa,MS,2014,120655.0,12
394490,"Columbus, MS",msa,MS,2015,138709.0,12
394490,"Columbus, MS",msa,MS,2016,134648.0,12
394490,"Columbus, MS",msa,MS,2017,133668.0,12
394490,"Columbus, MS",msa,MS,2018,144041.0,12
394490,"Columbus, MS",msa,MS,2019,148098.0,12
394490,"Columbus, MS",msa,MS,2020,151804.0,12
394490,"Columbus, MS",msa,MS,2021,177189.0,12
394490,"Columbus, MS",msa,MS,2022,169322.0,12
394490,"Columbus, MS",msa,MS,2023,172869.0,12
394490,"Columbus, MS",msa,MS,2024,183398.0,12
394490,"Columbus, MS",msa,MS,2025,184915.0,12
394490,"Columbus, MS",msa,MS,2026,191764.0,7
394491,"Columbus, NE",msa,NE,2000,78398.0,12
394491,"Columbus, NE",msa,NE,2001,81395.0,12
394491,"Columbus, NE",msa,NE,2002,83511.0,12
394491,"Columbus, NE",msa,NE,2003,86273.0,12
394491,"Columbus, NE",msa,NE,2004,90160.0,12
394491,"Columbus, NE",msa,NE,2005,92433.0,12
394491,"Columbus, NE",msa,NE,2006,93834.0,12
394491,"Columbus, NE",msa,NE,2007,94710.0,12
394491,"Columbus, NE",msa,NE,2008,100862.0,12
394491,"Columbus, NE",msa,NE,2009,103331.0,12
394491,"Columbus, NE",msa,NE,2010,115272.0,12
394491,"Columbus, NE",msa,NE,2011,118593.0,12
394491,"Columbus, NE",msa,NE,2012,124493.0,12
394491,"Columbus, NE",msa,NE,2013,132914.0,12
394491,"Columbus, NE",msa,NE,2014,137325.0,12
394491,"Columbus, NE",msa,NE,2015,144195.0,12
394491,"Columbus, NE",msa,NE,2016,150283.0,12
394491,"Columbus, NE",msa,NE,2017,166947.0,12
394491,"Columbus, NE",msa,NE,2018,174112.0,12
394491,"Columbus, NE",msa,NE,2019,185928.0,12
394491,"Columbus, NE",msa,NE,2020,201960.0,12
394491,"Columbus, NE",msa,NE,2021,227043.0,12
394491,"Columbus, NE",msa,NE,2022,241884.0,12
394491,"Columbus, NE",msa,NE,2023,253031.0,12
394491,"Columbus, NE",msa,NE,2024,265104.0,12
394491,"Columbus, NE",msa,NE,2025,277812.0,12
394491,"Columbus, NE",msa,NE,2026,281368.0,7
394492,"Columbus, OH",msa,OH,2000,134273.0,12
394492,"Columbus, OH",msa,OH,2001,139946.0,12
394492,"Columbus, OH",msa,OH,2002,145120.0,12
394492,"Columbus, OH",msa,OH,2003,150885.0,12
394492,"Columbus, OH",msa,OH,2004,155906.0,12
394492,"Columbus, OH",msa,OH,2005,160250.0,12
394492,"Columbus, OH",msa,OH,2006,161358.0,12
394492,"Columbus, OH",msa,OH,2007,158642.0,12
394492,"Columbus, OH",msa,OH,2008,153342.0,12
394492,"Columbus, OH",msa,OH,2009,147213.0,12
394492,"Columbus, OH",msa,OH,2010,144248.0,12
394492,"Columbus, OH",msa,OH,2011,137380.0,12
394492,"Columbus, OH",msa,OH,2012,136413.0,12
394492,"Columbus, OH",msa,OH,2013,145180.0,12
394492,"Columbus, OH",msa,OH,2014,153975.0,12
394492,"Columbus, OH",msa,OH,2015,166061.0,12
394492,"Columbus, OH",msa,OH,2016,175008.0,12
394492,"Columbus, OH",msa,OH,2017,188172.0,12
394492,"Columbus, OH",msa,OH,2018,202212.0,12
394492,"Columbus, OH",msa,OH,2019,216432.0,12
394492,"Columbus, OH",msa,OH,2020,241371.0,12
394492,"Columbus, OH",msa,OH,2021,269345.0,12
394492,"Columbus, OH",msa,OH,2022,300638.0,12
394492,"Columbus, OH",msa,OH,2023,315657.0,12
394492,"Columbus, OH",msa,OH,2024,327287.0,12
394492,"Columbus, OH",msa,OH,2025,331609.0,12
394492,"Columbus, OH",msa,OH,2026,332765.0,7
394493,"Concord, NH",msa,NH,2000,140005.0,12
394493,"Concord, NH",msa,NH,2001,158025.0,12
394493,"Concord, NH",msa,NH,2002,183209.0,12
394493,"Concord, NH",msa,NH,2003,207728.0,12
394493,"Concord, NH",msa,NH,2004,232499.0,12
394493,"Concord, NH",msa,NH,2005,253304.0,12
394493,"Concord, NH",msa,NH,2006,256688.0,12
394493,"Concord, NH",msa,NH,2007,245736.0,12
394493,"Concord, NH",msa,NH,2008,220050.0,12
394493,"Concord, NH",msa,NH,2009,208738.0,12
394493,"Concord, NH",msa,NH,2010,204002.0,12
394493,"Concord, NH",msa,NH,2011,202628.0,12
394493,"Concord, NH",msa,NH,2012,202987.0,12
394493,"Concord, NH",msa,NH,2013,211180.0,12
394493,"Concord, NH",msa,NH,2014,217226.0,12
394493,"Concord, NH",msa,NH,2015,226580.0,12
394493,"Concord, NH",msa,NH,2016,233764.0,12
394493,"Concord, NH",msa,NH,2017,250934.0,12
394493,"Concord, NH",msa,NH,2018,265461.0,12
394493,"Concord, NH",msa,NH,2019,279503.0,12
394493,"Concord, NH",msa,NH,2020,316531.0,12
394493,"Concord, NH",msa,NH,2021,364358.0,12
394493,"Concord, NH",msa,NH,2022,414355.0,12
394493,"Concord, NH",msa,NH,2023,446407.0,12
394493,"Concord, NH",msa,NH,2024,476190.0,12
394493,"Concord, NH",msa,NH,2025,493226.0,12
394493,"Concord, NH",msa,NH,2026,498949.0,7
394494,"Connersville, IN",msa,IN,2010,64877.0,12
394494,"Connersville, IN",msa,IN,2011,63991.0,12
394494,"Connersville, IN",msa,IN,2012,65920.0,12
394494,"Connersville, IN",msa,IN,2013,70497.0,12
394494,"Connersville, IN",msa,IN,2014,75647.0,12
394494,"Connersville, IN",msa,IN,2015,69979.0,12
394494,"Connersville, IN",msa,IN,2016,70445.0,12
394494,"Connersville, IN",msa,IN,2017,72844.0,12
394494,"Connersville, IN",msa,IN,2018,83860.0,12
394494,"Connersville, IN",msa,IN,2019,88383.0,12
394494,"Connersville, IN",msa,IN,2020,102765.0,12
394494,"Connersville, IN",msa,IN,2021,113861.0,12
394494,"Connersville, IN",msa,IN,2022,134231.0,12
394494,"Connersville, IN",msa,IN,2023,139369.0,12
394494,"Connersville, IN",msa,IN,2024,151398.0,12
394494,"Connersville, IN",msa,IN,2025,163072.0,12
394494,"Connersville, IN",msa,IN,2026,163119.0,7
394495,"Cookeville, TN",msa,TN,2000,100612.0,12
394495,"Cookeville, TN",msa,TN,2001,103640.0,12
394495,"Cookeville, TN",msa,TN,2002,103394.0,12
394495,"Cookeville, TN",msa,TN,2003,106546.0,12
394495,"Cookeville, TN",msa,TN,2004,112004.0,12
394495,"Cookeville, TN",msa,TN,2005,121498.0,12
394495,"Cookeville, TN",msa,TN,2006,130587.0,12
394495,"Cookeville, TN",msa,TN,2007,135269.0,12
394495,"Cookeville, TN",msa,TN,2008,132616.0,12
394495,"Cookeville, TN",msa,TN,2009,129030.0,12
394495,"Cookeville, TN",msa,TN,2010,127599.0,12
394495,"Cookeville, TN",msa,TN,2011,122828.0,12
394495,"Cookeville, TN",msa,TN,2012,124701.0,12
394495,"Cookeville, TN",msa,TN,2013,129476.0,12
394495,"Cookeville, TN",msa,TN,2014,133084.0,12
394495,"Cookeville, TN",msa,TN,2015,139483.0,12
394495,"Cookeville, TN",msa,TN,2016,148782.0,12
394495,"Cookeville, TN",msa,TN,2017,157750.0,12
394495,"Cookeville, TN",msa,TN,2018,169162.0,12
394495,"Cookeville, TN",msa,TN,2019,186632.0,12
394495,"Cookeville, TN",msa,TN,2020,203606.0,12
394495,"Cookeville, TN",msa,TN,2021,249526.0,12
394495,"Cookeville, TN",msa,TN,2022,272244.0,12
394495,"Cookeville, TN",msa,TN,2023,279644.0,12
394495,"Cookeville, TN",msa,TN,2024,287156.0,12
394495,"Cookeville, TN",msa,TN,2025,292255.0,12
394495,"Cookeville, TN",msa,TN,2026,296324.0,7
394496,"Coos Bay, OR",msa,OR,2008,181626.0,12
394496,"Coos Bay, OR",msa,OR,2009,164274.0,12
394496,"Coos Bay, OR",msa,OR,2010,155566.0,12
394496,"Coos Bay, OR",msa,OR,2011,148580.0,12
394496,"Coos Bay, OR",msa,OR,2012,152541.0,12
394496,"Coos Bay, OR",msa,OR,2013,162431.0,12
394496,"Coos Bay, OR",msa,OR,2014,170028.0,12
394496,"Coos Bay, OR",msa,OR,2015,186776.0,12
394496,"Coos Bay, OR",msa,OR,2016,202610.0,12
394496,"Coos Bay, OR",msa,OR,2017,214871.0,12
394496,"Coos Bay, OR",msa,OR,2018,229944.0,12
394496,"Coos Bay, OR",msa,OR,2019,247918.0,12
394496,"Coos Bay, OR",msa,OR,2020,275907.0,12
394496,"Coos Bay, OR",msa,OR,2021,329221.0,12
394496,"Coos Bay, OR",msa,OR,2022,355779.0,12
394496,"Coos Bay, OR",msa,OR,2023,362443.0,12
394496,"Coos Bay, OR",msa,OR,2024,362402.0,12
394496,"Coos Bay, OR",msa,OR,2025,354887.0,12
394496,"Coos Bay, OR",msa,OR,2026,353451.0,7
394498,"Cordele, GA",msa,GA,2000,75188.0,12
394498,"Cordele, GA",msa,GA,2001,77790.0,12
394498,"Cordele, GA",msa,GA,2002,80848.0,12
394498,"Cordele, GA",msa,GA,2003,83598.0,12
394498,"Cordele, GA",msa,GA,2004,87398.0,12
394498,"Cordele, GA",msa,GA,2005,92541.0,12
394498,"Cordele, GA",msa,GA,2006,97006.0,12
394498,"Cordele, GA",msa,GA,2007,99297.0,12
394498,"Cordele, GA",msa,GA,2008,97105.0,12
394498,"Cordele, GA",msa,GA,2009,89957.0,12
394498,"Cordele, GA",msa,GA,2010,85712.0,12
394498,"Cordele, GA",msa,GA,2011,80692.0,12
394498,"Cordele, GA",msa,GA,2012,80486.0,12
394498,"Cordele, GA",msa,GA,2013,82731.0,12
394498,"Cordele, GA",msa,GA,2014,81729.0,12
394498,"Cordele, GA",msa,GA,2015,86300.0,12
394498,"Cordele, GA",msa,GA,2016,85237.0,12
394498,"Cordele, GA",msa,GA,2017,87447.0,12
394498,"Cordele, GA",msa,GA,2018,91165.0,12
394498,"Cordele, GA",msa,GA,2019,95948.0,12
394498,"Cordele, GA",msa,GA,2020,107651.0,12
394498,"Cordele, GA",msa,GA,2021,120060.0,12
394498,"Cordele, GA",msa,GA,2022,136504.0,12
394498,"Cordele, GA",msa,GA,2023,140089.0,12
394498,"Cordele, GA",msa,GA,2024,141508.0,12
394498,"Cordele, GA",msa,GA,2025,134299.0,12
394498,"Cordele, GA",msa,GA,2026,138946.0,7
394499,"Corinth, MS",msa,MS,2012,112570.0,12
394499,"Corinth, MS",msa,MS,2013,105185.0,12
394499,"Corinth, MS",msa,MS,2014,110886.0,12
394499,"Corinth, MS",msa,MS,2015,114471.0,12
394499,"Corinth, MS",msa,MS,2016,122333.0,12
394499,"Corinth, MS",msa,MS,2017,122598.0,12
394499,"Corinth, MS",msa,MS,2018,124909.0,12
394499,"Corinth, MS",msa,MS,2019,131256.0,12
394499,"Corinth, MS",msa,MS,2020,137933.0,12
394499,"Corinth, MS",msa,MS,2021,165006.0,12
394499,"Corinth, MS",msa,MS,2022,160310.0,12
394499,"Corinth, MS",msa,MS,2023,155684.0,12
394499,"Corinth, MS",msa,MS,2024,163440.0,12
394499,"Corinth, MS",msa,MS,2025,169926.0,12
394499,"Corinth, MS",msa,MS,2026,180560.0,7
394500,"Cornelia, GA",msa,GA,2008,133111.0,12
394500,"Cornelia, GA",msa,GA,2009,123810.0,12
394500,"Cornelia, GA",msa,GA,2010,118815.0,12
394500,"Cornelia, GA",msa,GA,2011,107055.0,12
394500,"Cornelia, GA",msa,GA,2012,107876.0,12
394500,"Cornelia, GA",msa,GA,2013,115359.0,12
394500,"Cornelia, GA",msa,GA,2014,126119.0,12
394500,"Cornelia, GA",msa,GA,2015,140065.0,12
394500,"Cornelia, GA",msa,GA,2016,145650.0,12
394500,"Cornelia, GA",msa,GA,2017,154403.0,12
394500,"Cornelia, GA",msa,GA,2018,165925.0,12
394500,"Cornelia, GA",msa,GA,2019,180605.0,12
394500,"Cornelia, GA",msa,GA,2020,208732.0,12
394500,"Cornelia, GA",msa,GA,2021,247089.0,12
394500,"Cornelia, GA",msa,GA,2022,279702.0,12
394500,"Cornelia, GA",msa,GA,2023,301176.0,12
394500,"Cornelia, GA",msa,GA,2024,315631.0,12
394500,"Cornelia, GA",msa,GA,2025,323530.0,12
394500,"Cornelia, GA",msa,GA,2026,325378.0,7
394501,"Corning, NY",msa,NY,2000,83705.0,12
394501,"Corning, NY",msa,NY,2001,91198.0,12
394501,"Corning, NY",msa,NY,2002,91373.0,12
394501,"Corning, NY",msa,NY,2003,90185.0,12
394501,"Corning, NY",msa,NY,2004,94789.0,12
394501,"Corning, NY",msa,NY,2005,103177.0,12
394501,"Corning, NY",msa,NY,2006,111013.0,12
394501,"Corning, NY",msa,NY,2007,115865.0,12
394501,"Corning, NY",msa,NY,2008,110951.0,12
394501,"Corning, NY",msa,NY,2009,100802.0,12
394501,"Corning, NY",msa,NY,2010,98412.0,12
394501,"Corning, NY",msa,NY,2011,98324.0,12
394501,"Corning, NY",msa,NY,2012,100874.0,12
394501,"Corning, NY",msa,NY,2013,103290.0,12
394501,"Corning, NY",msa,NY,2014,104400.0,12
394501,"Corning, NY",msa,NY,2015,105645.0,12
394501,"Corning, NY",msa,NY,2016,106625.0,12
394501,"Corning, NY",msa,NY,2017,111156.0,12
394501,"Corning, NY",msa,NY,2018,116375.0,12
394501,"Corning, NY",msa,NY,2019,121363.0,12
394501,"Corning, NY",msa,NY,2020,133312.0,12
394501,"Corning, NY",msa,NY,2021,142763.0,12
394501,"Corning, NY",msa,NY,2022,160295.0,12
394501,"Corning, NY",msa,NY,2023,163235.0,12
394501,"Corning, NY",msa,NY,2024,169950.0,12
394501,"Corning, NY",msa,NY,2025,168548.0,12
394501,"Corning, NY",msa,NY,2026,174591.0,7
394502,"Corpus Christi, TX",msa,TX,2004,121066.0,12
394502,"Corpus Christi, TX",msa,TX,2005,131729.0,12
394502,"Corpus Christi, TX",msa,TX,2006,140049.0,12
394502,"Corpus Christi, TX",msa,TX,2007,145813.0,12
394502,"Corpus Christi, TX",msa,TX,2008,140241.0,12
394502,"Corpus Christi, TX",msa,TX,2009,136512.0,12
394502,"Corpus Christi, TX",msa,TX,2010,133258.0,12
394502,"Corpus Christi, TX",msa,TX,2011,131770.0,12
394502,"Corpus Christi, TX",msa,TX,2012,132446.0,12
394502,"Corpus Christi, TX",msa,TX,2013,137072.0,12
394502,"Corpus Christi, TX",msa,TX,2014,148438.0,12
394502,"Corpus Christi, TX",msa,TX,2015,162706.0,12
394502,"Corpus Christi, TX",msa,TX,2016,170286.0,12
394502,"Corpus Christi, TX",msa,TX,2017,173211.0,12
394502,"Corpus Christi, TX",msa,TX,2018,176608.0,12
394502,"Corpus Christi, TX",msa,TX,2019,188507.0,12
394502,"Corpus Christi, TX",msa,TX,2020,198587.0,12
394502,"Corpus Christi, TX",msa,TX,2021,219859.0,12
394502,"Corpus Christi, TX",msa,TX,2022,232169.0,12
394502,"Corpus Christi, TX",msa,TX,2023,230465.0,12
394502,"Corpus Christi, TX",msa,TX,2024,228543.0,12
394502,"Corpus Christi, TX",msa,TX,2025,223351.0,12
394502,"Corpus Christi, TX",msa,TX,2026,224780.0,7
394503,"Corsicana, TX",msa,TX,2009,104023.0,12
394503,"Corsicana, TX",msa,TX,2010,102603.0,12
394503,"Corsicana, TX",msa,TX,2011,99970.0,12
394503,"Corsicana, TX",msa,TX,2012,97617.0,12
394503,"Corsicana, TX",msa,TX,2013,100197.0,12
394503,"Corsicana, TX",msa,TX,2014,104333.0,12
394503,"Corsicana, TX",msa,TX,2015,110292.0,12
394503,"Corsicana, TX",msa,TX,2016,120170.0,12
394503,"Corsicana, TX",msa,TX,2017,128105.0,12
394503,"Corsicana, TX",msa,TX,2018,140089.0,12
394503,"Corsicana, TX",msa,TX,2019,149608.0,12
394503,"Corsicana, TX",msa,TX,2020,164028.0,12
394503,"Corsicana, TX",msa,TX,2021,196836.0,12
394503,"Corsicana, TX",msa,TX,2022,219554.0,12
394503,"Corsicana, TX",msa,TX,2023,222050.0,12
394503,"Corsicana, TX",msa,TX,2024,230845.0,12
394503,"Corsicana, TX",msa,TX,2025,228586.0,12
394503,"Corsicana, TX",msa,TX,2026,232918.0,7
394504,"Cortland, NY",msa,NY,2000,69879.0,12
394504,"Cortland, NY",msa,NY,2001,75258.0,12
394504,"Cortland, NY",msa,NY,2002,82379.0,12
394504,"Cortland, NY",msa,NY,2003,89188.0,12
394504,"Cortland, NY",msa,NY,2004,99923.0,12
394504,"Cortland, NY",msa,NY,2005,107161.0,12
394504,"Cortland, NY",msa,NY,2006,115764.0,12
394504,"Cortland, NY",msa,NY,2007,124330.0,12
394504,"Cortland, NY",msa,NY,2008,120219.0,12
394504,"Cortland, NY",msa,NY,2009,113681.0,12
394504,"Cortland, NY",msa,NY,2010,113281.0,12
394504,"Cortland, NY",msa,NY,2011,111247.0,12
394504,"Cortland, NY",msa,NY,2012,111981.0,12
394504,"Cortland, NY",msa,NY,2013,111578.0,12
394504,"Cortland, NY",msa,NY,2014,111973.0,12
394504,"Cortland, NY",msa,NY,2015,116508.0,12
394504,"Cortland, NY",msa,NY,2016,122132.0,12
394504,"Cortland, NY",msa,NY,2017,123607.0,12
394504,"Cortland, NY",msa,NY,2018,129859.0,12
394504,"Cortland, NY",msa,NY,2019,132841.0,12
394504,"Cortland, NY",msa,NY,2020,145482.0,12
394504,"Cortland, NY",msa,NY,2021,159059.0,12
394504,"Cortland, NY",msa,NY,2022,174328.0,12
394504,"Cortland, NY",msa,NY,2023,180559.0,12
394504,"Cortland, NY",msa,NY,2024,191703.0,12
394504,"Cortland, NY",msa,NY,2025,202090.0,12
394504,"Cortland, NY",msa,NY,2026,209923.0,7
394505,"Corvallis, OR",msa,OR,2000,186949.0,12
394505,"Corvallis, OR",msa,OR,2001,197636.0,12
394505,"Corvallis, OR",msa,OR,2002,201836.0,12
394505,"Corvallis, OR",msa,OR,2003,214655.0,12
394505,"Corvallis, OR",msa,OR,2004,226475.0,12
394505,"Corvallis, OR",msa,OR,2005,250828.0,12
394505,"Corvallis, OR",msa,OR,2006,288371.0,12
394505,"Corvallis, OR",msa,OR,2007,311703.0,12
394505,"Corvallis, OR",msa,OR,2008,293487.0,12
394505,"Corvallis, OR",msa,OR,2009,276897.0,12
394505,"Corvallis, OR",msa,OR,2010,274909.0,12
394505,"Corvallis, OR",msa,OR,2011,261066.0,12
394505,"Corvallis, OR",msa,OR,2012,262531.0,12
394505,"Corvallis, OR",msa,OR,2013,276609.0,12
394505,"Corvallis, OR",msa,OR,2014,286083.0,12
394505,"Corvallis, OR",msa,OR,2015,309122.0,12
394505,"Corvallis, OR",msa,OR,2016,331063.0,12
394505,"Corvallis, OR",msa,OR,2017,355248.0,12
394505,"Corvallis, OR",msa,OR,2018,380273.0,12
394505,"Corvallis, OR",msa,OR,2019,398452.0,12
394505,"Corvallis, OR",msa,OR,2020,430610.0,12
394505,"Corvallis, OR",msa,OR,2021,495270.0,12
394505,"Corvallis, OR",msa,OR,2022,534624.0,12
394505,"Corvallis, OR",msa,OR,2023,554345.0,12
394505,"Corvallis, OR",msa,OR,2024,563887.0,12
394505,"Corvallis, OR",msa,OR,2025,565413.0,12
394505,"Corvallis, OR",msa,OR,2026,562325.0,7
394506,"Coshocton, OH",msa,OH,2009,84998.0,12
394506,"Coshocton, OH",msa,OH,2010,82940.0,12
394506,"Coshocton, OH",msa,OH,2011,81493.0,12
394506,"Coshocton, OH",msa,OH,2012,85994.0,12
394506,"Coshocton, OH",msa,OH,2013,88880.0,12
394506,"Coshocton, OH",msa,OH,2014,90672.0,12
394506,"Coshocton, OH",msa,OH,2015,96459.0,12
394506,"Coshocton, OH",msa,OH,2016,100610.0,12
394506,"Coshocton, OH",msa,OH,2017,101120.0,12
394506,"Coshocton, OH",msa,OH,2018,108012.0,12
394506,"Coshocton, OH",msa,OH,2019,118295.0,12
394506,"Coshocton, OH",msa,OH,2020,131410.0,12
394506,"Coshocton, OH",msa,OH,2021,145152.0,12
394506,"Coshocton, OH",msa,OH,2022,159620.0,12
394506,"Coshocton, OH",msa,OH,2023,166442.0,12
394506,"Coshocton, OH",msa,OH,2024,173650.0,12
394506,"Coshocton, OH",msa,OH,2025,183437.0,12
394506,"Coshocton, OH",msa,OH,2026,190355.0,7
753874,"Craig, CO",msa,CO,2000,107714.0,12
753874,"Craig, CO",msa,CO,2001,114849.0,12
753874,"Craig, CO",msa,CO,2002,121634.0,12
753874,"Craig, CO",msa,CO,2003,125546.0,12
753874,"Craig, CO",msa,CO,2004,134445.0,12
753874,"Craig, CO",msa,CO,2005,147582.0,12
753874,"Craig, CO",msa,CO,2006,156647.0,12
753874,"Craig, CO",msa,CO,2007,163294.0,12
753874,"Craig, CO",msa,CO,2008,164669.0,12
753874,"Craig, CO",msa,CO,2009,161689.0,12
753874,"Craig, CO",msa,CO,2010,160365.0,12
753874,"Craig, CO",msa,CO,2011,159495.0,12
753874,"Craig, CO",msa,CO,2012,160059.0,12
753874,"Craig, CO",msa,CO,2013,163694.0,12
753874,"Craig, CO",msa,CO,2014,158066.0,12
753874,"Craig, CO",msa,CO,2015,160717.0,12
753874,"Craig, CO",msa,CO,2016,163597.0,12
753874,"Craig, CO",msa,CO,2017,169278.0,12
753874,"Craig, CO",msa,CO,2018,177133.0,12
753874,"Craig, CO",msa,CO,2019,188936.0,12
753874,"Craig, CO",msa,CO,2020,207573.0,12
753874,"Craig, CO",msa,CO,2021,236519.0,12
753874,"Craig, CO",msa,CO,2022,269104.0,12
753874,"Craig, CO",msa,CO,2023,290099.0,12
753874,"Craig, CO",msa,CO,2024,297772.0,12
753874,"Craig, CO",msa,CO,2025,305774.0,12
753874,"Craig, CO",msa,CO,2026,308911.0,7
394507,"Crawfordsville, IN",msa,IN,2009,103689.0,12
394507,"Crawfordsville, IN",msa,IN,2010,102205.0,12
394507,"Crawfordsville, IN",msa,IN,2011,101359.0,12
394507,"Crawfordsville, IN",msa,IN,2012,101341.0,12
394507,"Crawfordsville, IN",msa,IN,2013,102009.0,12
394507,"Crawfordsville, IN",msa,IN,2014,107762.0,12
394507,"Crawfordsville, IN",msa,IN,2015,113972.0,12
394507,"Crawfordsville, IN",msa,IN,2016,118309.0,12
394507,"Crawfordsville, IN",msa,IN,2017,125010.0,12
394507,"Crawfordsville, IN",msa,IN,2018,131779.0,12
394507,"Crawfordsville, IN",msa,IN,2019,142812.0,12
394507,"Crawfordsville, IN",msa,IN,2020,155383.0,12
394507,"Crawfordsville, IN",msa,IN,2021,179828.0,12
394507,"Crawfordsville, IN",msa,IN,2022,196440.0,12
394507,"Crawfordsville, IN",msa,IN,2023,200311.0,12
394507,"Crawfordsville, IN",msa,IN,2024,215840.0,12
394507,"Crawfordsville, IN",msa,IN,2025,221897.0,12
394507,"Crawfordsville, IN",msa,IN,2026,227930.0,7
394508,"Crescent City, CA",msa,CA,2007,257294.0,12
394508,"Crescent City, CA",msa,CA,2008,201403.0,12
394508,"Crescent City, CA",msa,CA,2009,188623.0,12
394508,"Crescent City, CA",msa,CA,2010,183767.0,12
394508,"Crescent City, CA",msa,CA,2011,174662.0,12
394508,"Crescent City, CA",msa,CA,2012,178762.0,12
394508,"Crescent City, CA",msa,CA,2013,190676.0,12
394508,"Crescent City, CA",msa,CA,2014,197930.0,12
394508,"Crescent City, CA",msa,CA,2015,217015.0,12
394508,"Crescent City, CA",msa,CA,2016,217860.0,12
394508,"Crescent City, CA",msa,CA,2017,252529.0,12
394508,"Crescent City, CA",msa,CA,2018,264602.0,12
394508,"Crescent City, CA",msa,CA,2019,282563.0,12
394508,"Crescent City, CA",msa,CA,2020,304515.0,12
394508,"Crescent City, CA",msa,CA,2021,353316.0,12
394508,"Crescent City, CA",msa,CA,2022,347289.0,12
394508,"Crescent City, CA",msa,CA,2023,366629.0,12
394508,"Crescent City, CA",msa,CA,2024,375153.0,12
394508,"Crescent City, CA",msa,CA,2025,368780.0,12
394508,"Crescent City, CA",msa,CA,2026,365202.0,7
753875,"Crestview, FL",msa,FL,2000,152359.0,12
753875,"Crestview, FL",msa,FL,2001,160104.0,12
753875,"Crestview, FL",msa,FL,2002,167415.0,12
753875,"Crestview, FL",msa,FL,2003,184688.0,12
753875,"Crestview, FL",msa,FL,2004,231570.0,12
753875,"Crestview, FL",msa,FL,2005,314441.0,12
753875,"Crestview, FL",msa,FL,2006,315966.0,12
753875,"Crestview, FL",msa,FL,2007,285081.0,12
753875,"Crestview, FL",msa,FL,2008,243224.0,12
753875,"Crestview, FL",msa,FL,2009,222177.0,12
753875,"Crestview, FL",msa,FL,2010,212426.0,12
753875,"Crestview, FL",msa,FL,2011,198295.0,12
753875,"Crestview, FL",msa,FL,2012,205357.0,12
753875,"Crestview, FL",msa,FL,2013,222458.0,12
753875,"Crestview, FL",msa,FL,2014,231248.0,12
753875,"Crestview, FL",msa,FL,2015,244141.0,12
753875,"Crestview, FL",msa,FL,2016,253994.0,12
753875,"Crestview, FL",msa,FL,2017,272081.0,12
753875,"Crestview, FL",msa,FL,2018,290517.0,12
753875,"Crestview, FL",msa,FL,2019,306761.0,12
753875,"Crestview, FL",msa,FL,2020,339237.0,12
753875,"Crestview, FL",msa,FL,2021,416862.0,12
753875,"Crestview, FL",msa,FL,2022,469322.0,12
753875,"Crestview, FL",msa,FL,2023,467815.0,12
753875,"Crestview, FL",msa,FL,2024,456584.0,12
753875,"Crestview, FL",msa,FL,2025,439245.0,12
753875,"Crestview, FL",msa,FL,2026,442871.0,7
394509,"Crossville, TN",msa,TN,2000,107439.0,12
394509,"Crossville, TN",msa,TN,2001,109530.0,12
394509,"Crossville, TN",msa,TN,2002,110563.0,12
394509,"Crossville, TN",msa,TN,2003,117266.0,12
394509,"Crossville, TN",msa,TN,2004,122910.0,12
394509,"Crossville, TN",msa,TN,2005,137122.0,12
394509,"Crossville, TN",msa,TN,2006,157012.0,12
394509,"Crossville, TN",msa,TN,2007,164701.0,12
394509,"Crossville, TN",msa,TN,2008,146984.0,12
394509,"Crossville, TN",msa,TN,2009,145356.0,12
394509,"Crossville, TN",msa,TN,2010,143392.0,12
394509,"Crossville, TN",msa,TN,2011,134992.0,12
394509,"Crossville, TN",msa,TN,2012,127384.0,12
394509,"Crossville, TN",msa,TN,2013,125793.0,12
394509,"Crossville, TN",msa,TN,2014,131269.0,12
394509,"Crossville, TN",msa,TN,2015,141159.0,12
394509,"Crossville, TN",msa,TN,2016,148846.0,12
394509,"Crossville, TN",msa,TN,2017,153014.0,12
394509,"Crossville, TN",msa,TN,2018,164570.0,12
394509,"Crossville, TN",msa,TN,2019,179518.0,12
394509,"Crossville, TN",msa,TN,2020,200027.0,12
394509,"Crossville, TN",msa,TN,2021,251250.0,12
394509,"Crossville, TN",msa,TN,2022,278215.0,12
394509,"Crossville, TN",msa,TN,2023,300642.0,12
394509,"Crossville, TN",msa,TN,2024,308991.0,12
394509,"Crossville, TN",msa,TN,2025,307763.0,12
394509,"Crossville, TN",msa,TN,2026,311718.0,7
394511,"Cullman, AL",msa,AL,2000,100615.0,12
394511,"Cullman, AL",msa,AL,2001,106207.0,12
394511,"Cullman, AL",msa,AL,2002,108744.0,12
394511,"Cullman, AL",msa,AL,2003,110783.0,12
394511,"Cullman, AL",msa,AL,2004,115784.0,12
394511,"Cullman, AL",msa,AL,2005,125583.0,12
394511,"Cullman, AL",msa,AL,2006,134260.0,12
394511,"Cullman, AL",msa,AL,2007,137950.0,12
394511,"Cullman, AL",msa,AL,2008,138480.0,12
394511,"Cullman, AL",msa,AL,2009,133498.0,12
394511,"Cullman, AL",msa,AL,2010,129805.0,12
394511,"Cullman, AL",msa,AL,2011,127570.0,12
394511,"Cullman, AL",msa,AL,2012,128321.0,12
394511,"Cullman, AL",msa,AL,2013,132297.0,12
394511,"Cullman, AL",msa,AL,2014,139223.0,12
394511,"Cullman, AL",msa,AL,2015,146165.0,12
394511,"Cullman, AL",msa,AL,2016,155406.0,12
394511,"Cullman, AL",msa,AL,2017,157797.0,12
394511,"Cullman, AL",msa,AL,2018,163767.0,12
394511,"Cullman, AL",msa,AL,2019,176452.0,12
394511,"Cullman, AL",msa,AL,2020,191003.0,12
394511,"Cullman, AL",msa,AL,2021,223590.0,12
394511,"Cullman, AL",msa,AL,2022,238943.0,12
394511,"Cullman, AL",msa,AL,2023,240672.0,12
394511,"Cullman, AL",msa,AL,2024,241697.0,12
394511,"Cullman, AL",msa,AL,2025,251492.0,12
394511,"Cullman, AL",msa,AL,2026,257018.0,7
753877,"Cullowhee, NC",msa,NC,2009,206277.0,12
753877,"Cullowhee, NC",msa,NC,2010,199513.0,12
753877,"Cullowhee, NC",msa,NC,2011,189736.0,12
753877,"Cullowhee, NC",msa,NC,2012,196895.0,12
753877,"Cullowhee, NC",msa,NC,2013,206108.0,12
753877,"Cullowhee, NC",msa,NC,2014,208553.0,12
753877,"Cullowhee, NC",msa,NC,2015,215366.0,12
753877,"Cullowhee, NC",msa,NC,2016,217831.0,12
753877,"Cullowhee, NC",msa,NC,2017,229349.0,12
753877,"Cullowhee, NC",msa,NC,2018,243308.0,12
753877,"Cullowhee, NC",msa,NC,2019,245340.0,12
753877,"Cullowhee, NC",msa,NC,2020,279134.0,12
753877,"Cullowhee, NC",msa,NC,2021,337342.0,12
753877,"Cullowhee, NC",msa,NC,2022,379919.0,12
753877,"Cullowhee, NC",msa,NC,2023,397706.0,12
753877,"Cullowhee, NC",msa,NC,2024,412831.0,12
753877,"Cullowhee, NC",msa,NC,2025,414507.0,12
753877,"Cullowhee, NC",msa,NC,2026,411409.0,7
394513,"Cumberland, MD",msa,MD,2000,75231.0,12
394513,"Cumberland, MD",msa,MD,2001,80351.0,12
394513,"Cumberland, MD",msa,MD,2002,86402.0,12
394513,"Cumberland, MD",msa,MD,2003,83285.0,12
394513,"Cumberland, MD",msa,MD,2004,88630.0,12
394513,"Cumberland, MD",msa,MD,2005,100549.0,12
394513,"Cumberland, MD",msa,MD,2006,113094.0,12
394513,"Cumberland, MD",msa,MD,2007,117319.0,12
394513,"Cumberland, MD",msa,MD,2008,108719.0,12
394513,"Cumberland, MD",msa,MD,2009,98834.0,12
394513,"Cumberland, MD",msa,MD,2010,95306.0,12
394513,"Cumberland, MD",msa,MD,2011,93833.0,7
394513,"Cumberland, MD",msa,MD,2012,104051.0,12
394513,"Cumberland, MD",msa,MD,2013,102273.0,12
394513,"Cumberland, MD",msa,MD,2014,105747.0,12
394513,"Cumberland, MD",msa,MD,2015,105200.0,12
394513,"Cumberland, MD",msa,MD,2016,105926.0,12
394513,"Cumberland, MD",msa,MD,2017,104728.0,12
394513,"Cumberland, MD",msa,MD,2018,109568.0,12
394513,"Cumberland, MD",msa,MD,2019,116467.0,12
394513,"Cumberland, MD",msa,MD,2020,127953.0,12
394513,"Cumberland, MD",msa,MD,2021,142497.0,12
394513,"Cumberland, MD",msa,MD,2022,150067.0,12
394513,"Cumberland, MD",msa,MD,2023,153122.0,12
394513,"Cumberland, MD",msa,MD,2024,161589.0,12
394513,"Cumberland, MD",msa,MD,2025,166403.0,12
394513,"Cumberland, MD",msa,MD,2026,170975.0,7
394514,"Dallas, TX",msa,TX,2000,134600.0,12
394514,"Dallas, TX",msa,TX,2001,135453.0,12
394514,"Dallas, TX",msa,TX,2002,140772.0,12
394514,"Dallas, TX",msa,TX,2003,142962.0,12
394514,"Dallas, TX",msa,TX,2004,152673.0,12
394514,"Dallas, TX",msa,TX,2005,155995.0,12
394514,"Dallas, TX",msa,TX,2006,160685.0,12
394514,"Dallas, TX",msa,TX,2007,162745.0,12
394514,"Dallas, TX",msa,TX,2008,153881.0,12
394514,"Dallas, TX",msa,TX,2009,154267.0,12
394514,"Dallas, TX",msa,TX,2010,149930.0,12
394514,"Dallas, TX",msa,TX,2011,145830.0,12
394514,"Dallas, TX",msa,TX,2012,153013.0,12
394514,"Dallas, TX",msa,TX,2013,165651.0,12
394514,"Dallas, TX",msa,TX,2014,178914.0,12
394514,"Dallas, TX",msa,TX,2015,199828.0,12
394514,"Dallas, TX",msa,TX,2016,222103.0,12
394514,"Dallas, TX",msa,TX,2017,243475.0,12
394514,"Dallas, TX",msa,TX,2018,258061.0,12
394514,"Dallas, TX",msa,TX,2019,265366.0,12
394514,"Dallas, TX",msa,TX,2020,285701.0,12
394514,"Dallas, TX",msa,TX,2021,342861.0,12
394514,"Dallas, TX",msa,TX,2022,391364.0,12
394514,"Dallas, TX",msa,TX,2023,387370.0,12
394514,"Dallas, TX",msa,TX,2024,386750.0,12
394514,"Dallas, TX",msa,TX,2025,371752.0,12
394514,"Dallas, TX",msa,TX,2026,364793.0,7
394515,"Dalton, GA",msa,GA,2000,86213.0,12
394515,"Dalton, GA",msa,GA,2001,91207.0,12
394515,"Dalton, GA",msa,GA,2002,94935.0,12
394515,"Dalton, GA",msa,GA,2003,97815.0,12
394515,"Dalton, GA",msa,GA,2004,102579.0,12
394515,"Dalton, GA",msa,GA,2005,110015.0,12
394515,"Dalton, GA",msa,GA,2006,115074.0,12
394515,"Dalton, GA",msa,GA,2007,117279.0,12
394515,"Dalton, GA",msa,GA,2008,113385.0,12
394515,"Dalton, GA",msa,GA,2009,104963.0,12
394515,"Dalton, GA",msa,GA,2010,98574.0,12
394515,"Dalton, GA",msa,GA,2011,91507.0,12
394515,"Dalton, GA",msa,GA,2012,94882.0,12
394515,"Dalton, GA",msa,GA,2013,105674.0,12
394515,"Dalton, GA",msa,GA,2014,111073.0,12
394515,"Dalton, GA",msa,GA,2015,117309.0,12
394515,"Dalton, GA",msa,GA,2016,124960.0,12
394515,"Dalton, GA",msa,GA,2017,135521.0,12
394515,"Dalton, GA",msa,GA,2018,143052.0,12
394515,"Dalton, GA",msa,GA,2019,155832.0,12
394515,"Dalton, GA",msa,GA,2020,169076.0,12
394515,"Dalton, GA",msa,GA,2021,201790.0,12
394515,"Dalton, GA",msa,GA,2022,217246.0,12
394515,"Dalton, GA",msa,GA,2023,231346.0,12
394515,"Dalton, GA",msa,GA,2024,243059.0,12
394515,"Dalton, GA",msa,GA,2025,247177.0,12
394515,"Dalton, GA",msa,GA,2026,248317.0,7
394516,"Danville, IL",msa,IL,2000,52665.0,12
394516,"Danville, IL",msa,IL,2001,55987.0,12
394516,"Danville, IL",msa,IL,2002,58251.0,12
394516,"Danville, IL",msa,IL,2003,62569.0,12
394516,"Danville, IL",msa,IL,2004,62327.0,12
394516,"Danville, IL",msa,IL,2005,68496.0,12
394516,"Danville, IL",msa,IL,2006,69083.0,12
394516,"Danville, IL",msa,IL,2007,71874.0,12
394516,"Danville, IL",msa,IL,2008,68900.0,12
394516,"Danville, IL",msa,IL,2009,64285.0,12
394516,"Danville, IL",msa,IL,2010,62949.0,12
394516,"Danville, IL",msa,IL,2011,58930.0,12
394516,"Danville, IL",msa,IL,2012,66118.0,12
394516,"Danville, IL",msa,IL,2013,72964.0,12
394516,"Danville, IL",msa,IL,2014,75434.0,12
394516,"Danville, IL",msa,IL,2015,78622.0,12
394516,"Danville, IL",msa,IL,2016,79156.0,12
394516,"Danville, IL",msa,IL,2017,78968.0,12
394516,"Danville, IL",msa,IL,2018,78492.0,12
394516,"Danville, IL",msa,IL,2019,79666.0,12
394516,"Danville, IL",msa,IL,2020,85502.0,12
394516,"Danville, IL",msa,IL,2021,90817.0,12
394516,"Danville, IL",msa,IL,2022,94892.0,12
394516,"Danville, IL",msa,IL,2023,101629.0,12
394516,"Danville, IL",msa,IL,2024,103164.0,12
394516,"Danville, IL",msa,IL,2025,104484.0,12
394516,"Danville, IL",msa,IL,2026,105059.0,7
394517,"Danville, KY",msa,KY,2000,87546.0,12
394517,"Danville, KY",msa,KY,2001,91706.0,12
394517,"Danville, KY",msa,KY,2002,95028.0,12
394517,"Danville, KY",msa,KY,2003,98751.0,12
394517,"Danville, KY",msa,KY,2004,103915.0,12
394517,"Danville, KY",msa,KY,2005,107965.0,12
394517,"Danville, KY",msa,KY,2006,111431.0,12
394517,"Danville, KY",msa,KY,2007,113258.0,12
394517,"Danville, KY",msa,KY,2008,111804.0,12
394517,"Danville, KY",msa,KY,2009,109523.0,12
394517,"Danville, KY",msa,KY,2010,109096.0,12
394517,"Danville, KY",msa,KY,2011,105816.0,12
394517,"Danville, KY",msa,KY,2012,104944.0,12
394517,"Danville, KY",msa,KY,2013,108823.0,12
394517,"Danville, KY",msa,KY,2014,106468.0,12
394517,"Danville, KY",msa,KY,2015,112719.0,12
394517,"Danville, KY",msa,KY,2016,119076.0,12
394517,"Danville, KY",msa,KY,2017,123927.0,12
394517,"Danville, KY",msa,KY,2018,132318.0,12
394517,"Danville, KY",msa,KY,2019,138079.0,12
394517,"Danville, KY",msa,KY,2020,156119.0,12
394517,"Danville, KY",msa,KY,2021,176397.0,12
394517,"Danville, KY",msa,KY,2022,198520.0,12
394517,"Danville, KY",msa,KY,2023,207088.0,12
394517,"Danville, KY",msa,KY,2024,218179.0,12
394517,"Danville, KY",msa,KY,2025,224327.0,12
394517,"Danville, KY",msa,KY,2026,221443.0,7
394518,"Danville, VA",msa,VA,2000,75778.0,12
394518,"Danville, VA",msa,VA,2001,80061.0,12
394518,"Danville, VA",msa,VA,2002,84110.0,12
394518,"Danville, VA",msa,VA,2003,90153.0,12
394518,"Danville, VA",msa,VA,2004,101784.0,12
394518,"Danville, VA",msa,VA,2005,115133.0,12
394518,"Danville, VA",msa,VA,2006,116296.0,12
394518,"Danville, VA",msa,VA,2007,112325.0,12
394518,"Danville, VA",msa,VA,2008,105164.0,12
394518,"Danville, VA",msa,VA,2009,99982.0,12
394518,"Danville, VA",msa,VA,2010,98764.0,12
394518,"Danville, VA",msa,VA,2011,98516.0,12
394518,"Danville, VA",msa,VA,2012,98047.0,12
394518,"Danville, VA",msa,VA,2013,96853.0,12
394518,"Danville, VA",msa,VA,2014,94345.0,12
394518,"Danville, VA",msa,VA,2015,95063.0,12
394518,"Danville, VA",msa,VA,2016,96749.0,12
394518,"Danville, VA",msa,VA,2017,97550.0,12
394518,"Danville, VA",msa,VA,2018,98184.0,12
394518,"Danville, VA",msa,VA,2019,105411.0,12
394518,"Danville, VA",msa,VA,2020,116257.0,12
394518,"Danville, VA",msa,VA,2021,130656.0,12
394518,"Danville, VA",msa,VA,2022,149508.0,12
394518,"Danville, VA",msa,VA,2023,158681.0,12
394518,"Danville, VA",msa,VA,2024,167890.0,12
394518,"Danville, VA",msa,VA,2025,165508.0,12
394518,"Danville, VA",msa,VA,2026,167730.0,7
394519,"Daphne, AL",msa,AL,2000,141589.0,12
394519,"Daphne, AL",msa,AL,2001,147550.0,12
394519,"Daphne, AL",msa,AL,2002,151864.0,12
394519,"Daphne, AL",msa,AL,2003,156991.0,12
394519,"Daphne, AL",msa,AL,2004,170463.0,12
394519,"Daphne, AL",msa,AL,2005,200052.0,12
394519,"Daphne, AL",msa,AL,2006,228590.0,12
394519,"Daphne, AL",msa,AL,2007,227750.0,12
394519,"Daphne, AL",msa,AL,2008,213060.0,12
394519,"Daphne, AL",msa,AL,2009,198966.0,12
394519,"Daphne, AL",msa,AL,2010,175347.0,12
394519,"Daphne, AL",msa,AL,2011,165346.0,12
394519,"Daphne, AL",msa,AL,2012,173125.0,12
394519,"Daphne, AL",msa,AL,2013,183584.0,12
394519,"Daphne, AL",msa,AL,2014,191684.0,12
394519,"Daphne, AL",msa,AL,2015,205332.0,12
394519,"Daphne, AL",msa,AL,2016,214736.0,12
394519,"Daphne, AL",msa,AL,2017,225253.0,12
394519,"Daphne, AL",msa,AL,2018,236430.0,12
394519,"Daphne, AL",msa,AL,2019,252617.0,12
394519,"Daphne, AL",msa,AL,2020,280505.0,12
394519,"Daphne, AL",msa,AL,2021,335097.0,12
394519,"Daphne, AL",msa,AL,2022,367067.0,12
394519,"Daphne, AL",msa,AL,2023,377423.0,12
394519,"Daphne, AL",msa,AL,2024,378893.0,12
394519,"Daphne, AL",msa,AL,2025,375823.0,12
394519,"Daphne, AL",msa,AL,2026,376467.0,7
394520,"Davenport, IA",msa,IL,2004,118284.0,12
394520,"Davenport, IA",msa,IL,2005,126194.0,12
394520,"Davenport, IA",msa,IL,2006,129055.0,12
394520,"Davenport, IA",msa,IL,2007,131833.0,12
394520,"Davenport, IA",msa,IL,2008,128481.0,12
394520,"Davenport, IA",msa,IL,2009,127446.0,12
394520,"Davenport, IA",msa,IL,2010,127383.0,12
394520,"Davenport, IA",msa,IL,2011,123912.0,12
394520,"Davenport, IA",msa,IL,2012,126104.0,12
394520,"Davenport, IA",msa,IL,2013,129876.0,12
394520,"Davenport, IA",msa,IL,2014,132442.0,12
394520,"Davenport, IA",msa,IL,2015,135038.0,12
394520,"Davenport, IA",msa,IL,2016,137127.0,12
394520,"Davenport, IA",msa,IL,2017,140236.0,12
394520,"Davenport, IA",msa,IL,2018,143698.0,12
394520,"Davenport, IA",msa,IL,2019,149968.0,12
394520,"Davenport, IA",msa,IL,2020,158429.0,12
394520,"Davenport, IA",msa,IL,2021,168975.0,12
394520,"Davenport, IA",msa,IL,2022,177154.0,12
394520,"Davenport, IA",msa,IL,2023,182030.0,12
394520,"Davenport, IA",msa,IL,2024,185588.0,12
394520,"Davenport, IA",msa,IL,2025,193478.0,12
394520,"Davenport, IA",msa,IL,2026,198068.0,7
753878,"Dayton, TN",msa,TN,2000,78385.0,12
753878,"Dayton, TN",msa,TN,2001,81596.0,12
753878,"Dayton, TN",msa,TN,2002,84269.0,12
753878,"Dayton, TN",msa,TN,2003,87855.0,12
753878,"Dayton, TN",msa,TN,2004,92898.0,12
753878,"Dayton, TN",msa,TN,2005,100784.0,12
753878,"Dayton, TN",msa,TN,2006,108954.0,12
753878,"Dayton, TN",msa,TN,2007,112692.0,12
753878,"Dayton, TN",msa,TN,2008,114057.0,12
753878,"Dayton, TN",msa,TN,2009,110649.0,12
753878,"Dayton, TN",msa,TN,2010,111568.0,12
753878,"Dayton, TN",msa,TN,2011,109683.0,12
753878,"Dayton, TN",msa,TN,2012,111701.0,12
753878,"Dayton, TN",msa,TN,2013,110324.0,12
753878,"Dayton, TN",msa,TN,2014,115853.0,12
753878,"Dayton, TN",msa,TN,2015,128514.0,12
753878,"Dayton, TN",msa,TN,2016,134449.0,12
753878,"Dayton, TN",msa,TN,2017,143837.0,12
753878,"Dayton, TN",msa,TN,2018,147944.0,12
753878,"Dayton, TN",msa,TN,2019,170984.0,12
753878,"Dayton, TN",msa,TN,2020,182159.0,12
753878,"Dayton, TN",msa,TN,2021,221624.0,12
753878,"Dayton, TN",msa,TN,2022,235808.0,12
753878,"Dayton, TN",msa,TN,2023,246642.0,12
753878,"Dayton, TN",msa,TN,2024,256136.0,12
753878,"Dayton, TN",msa,TN,2025,257839.0,12
753878,"Dayton, TN",msa,TN,2026,264746.0,7
394522,"DeRidder, LA",msa,LA,2012,173810.0,12
394522,"DeRidder, LA",msa,LA,2013,201532.0,12
394522,"DeRidder, LA",msa,LA,2014,199295.0,12
394522,"DeRidder, LA",msa,LA,2015,219994.0,12
394522,"DeRidder, LA",msa,LA,2016,223115.0,12
394522,"DeRidder, LA",msa,LA,2017,212706.0,12
394522,"DeRidder, LA",msa,LA,2018,221210.0,12
394522,"DeRidder, LA",msa,LA,2019,254573.0,12
394522,"DeRidder, LA",msa,LA,2020,252139.0,12
394522,"DeRidder, LA",msa,LA,2021,228760.0,12
394522,"DeRidder, LA",msa,LA,2022,219297.0,12
394522,"DeRidder, LA",msa,LA,2023,203089.0,12
394522,"DeRidder, LA",msa,LA,2024,211849.0,12
394522,"DeRidder, LA",msa,LA,2025,212236.0,12
394522,"DeRidder, LA",msa,LA,2026,207270.0,7
394523,"Decatur, AL",msa,AL,2006,95429.0,12
394523,"Decatur, AL",msa,AL,2007,96910.0,12
394523,"Decatur, AL",msa,AL,2008,96484.0,12
394523,"Decatur, AL",msa,AL,2009,92421.0,12
394523,"Decatur, AL",msa,AL,2010,88968.0,12
394523,"Decatur, AL",msa,AL,2011,89553.0,12
394523,"Decatur, AL",msa,AL,2012,117431.0,12
394523,"Decatur, AL",msa,AL,2013,129205.0,12
394523,"Decatur, AL",msa,AL,2014,128094.0,12
394523,"Decatur, AL",msa,AL,2015,132313.0,12
394523,"Decatur, AL",msa,AL,2016,136398.0,12
394523,"Decatur, AL",msa,AL,2017,141821.0,12
394523,"Decatur, AL",msa,AL,2018,147170.0,12
394523,"Decatur, AL",msa,AL,2019,160555.0,12
394523,"Decatur, AL",msa,AL,2020,178711.0,12
394523,"Decatur, AL",msa,AL,2021,207900.0,12
394523,"Decatur, AL",msa,AL,2022,215936.0,12
394523,"Decatur, AL",msa,AL,2023,223374.0,12
394523,"Decatur, AL",msa,AL,2024,230770.0,12
394523,"Decatur, AL",msa,AL,2025,232127.0,12
394523,"Decatur, AL",msa,AL,2026,232764.0,7
394524,"Decatur, IL",msa,IL,2000,72100.0,12
394524,"Decatur, IL",msa,IL,2001,76191.0,12
394524,"Decatur, IL",msa,IL,2002,78350.0,12
394524,"Decatur, IL",msa,IL,2003,80259.0,12
394524,"Decatur, IL",msa,IL,2004,83152.0,12
394524,"Decatur, IL",msa,IL,2005,85861.0,12
394524,"Decatur, IL",msa,IL,2006,88755.0,12
394524,"Decatur, IL",msa,IL,2007,92374.0,12
394524,"Decatur, IL",msa,IL,2008,91813.0,12
394524,"Decatur, IL",msa,IL,2009,91610.0,11
394524,"Decatur, IL",msa,IL,2010,83871.0,12
394524,"Decatur, IL",msa,IL,2011,81213.0,12
394524,"Decatur, IL",msa,IL,2012,83631.0,12
394524,"Decatur, IL",msa,IL,2013,83447.0,12
394524,"Decatur, IL",msa,IL,2014,82396.0,12
394524,"Decatur, IL",msa,IL,2015,83398.0,12
394524,"Decatur, IL",msa,IL,2016,81436.0,12
394524,"Decatur, IL",msa,IL,2017,80271.0,12
394524,"Decatur, IL",msa,IL,2018,82920.0,12
394524,"Decatur, IL",msa,IL,2019,86620.0,12
394524,"Decatur, IL",msa,IL,2020,91576.0,12
394524,"Decatur, IL",msa,IL,2021,98380.0,12
394524,"Decatur, IL",msa,IL,2022,99258.0,12
394524,"Decatur, IL",msa,IL,2023,109115.0,12
394524,"Decatur, IL",msa,IL,2024,115320.0,12
394524,"Decatur, IL",msa,IL,2025,123609.0,12
394524,"Decatur, IL",msa,IL,2026,127196.0,7
394525,"Decatur, IN",msa,IN,2009,116762.0,12
394525,"Decatur, IN",msa,IN,2010,115203.0,12
394525,"Decatur, IN",msa,IN,2011,113862.0,12
394525,"Decatur, IN",msa,IN,2012,112456.0,12
394525,"Decatur, IN",msa,IN,2013,112642.0,12
394525,"Decatur, IN",msa,IN,2014,116979.0,12
394525,"Decatur, IN",msa,IN,2015,120387.0,12
394525,"Decatur, IN",msa,IN,2016,127032.0,12
394525,"Decatur, IN",msa,IN,2017,133585.0,12
394525,"Decatur, IN",msa,IN,2018,140794.0,12
394525,"Decatur, IN",msa,IN,2019,150088.0,12
394525,"Decatur, IN",msa,IN,2020,162007.0,12
394525,"Decatur, IN",msa,IN,2021,180042.0,12
394525,"Decatur, IN",msa,IN,2022,198935.0,12
394525,"Decatur, IN",msa,IN,2023,214192.0,12
394525,"Decatur, IN",msa,IN,2024,228943.0,12
394525,"Decatur, IN",msa,IN,2025,244638.0,12
394525,"Decatur, IN",msa,IN,2026,254871.0,7
394526,"Defiance, OH",msa,OH,2000,88353.0,12
394526,"Defiance, OH",msa,OH,2001,92102.0,12
394526,"Defiance, OH",msa,OH,2002,94168.0,12
394526,"Defiance, OH",msa,OH,2003,96837.0,12
394526,"Defiance, OH",msa,OH,2004,100602.0,12
394526,"Defiance, OH",msa,OH,2005,101773.0,12
394526,"Defiance, OH",msa,OH,2006,100258.0,12
394526,"Defiance, OH",msa,OH,2007,98139.0,12
394526,"Defiance, OH",msa,OH,2008,95961.0,12
394526,"Defiance, OH",msa,OH,2009,91792.0,12
394526,"Defiance, OH",msa,OH,2010,90257.0,12
394526,"Defiance, OH",msa,OH,2011,89684.0,12
394526,"Defiance, OH",msa,OH,2012,93266.0,12
394526,"Defiance, OH",msa,OH,2013,99683.0,12
394526,"Defiance, OH",msa,OH,2014,101239.0,12
394526,"Defiance, OH",msa,OH,2015,104137.0,12
394526,"Defiance, OH",msa,OH,2016,109229.0,12
394526,"Defiance, OH",msa,OH,2017,112742.0,12
394526,"Defiance, OH",msa,OH,2018,119999.0,12
394526,"Defiance, OH",msa,OH,2019,124434.0,12
394526,"Defiance, OH",msa,OH,2020,137315.0,12
394526,"Defiance, OH",msa,OH,2021,148935.0,12
394526,"Defiance, OH",msa,OH,2022,158180.0,12
394526,"Defiance, OH",msa,OH,2023,165791.0,12
394526,"Defiance, OH",msa,OH,2024,177537.0,12
394526,"Defiance, OH",msa,OH,2025,184961.0,12
394526,"Defiance, OH",msa,OH,2026,188522.0,7
394527,"Del Rio, TX",msa,TX,2009,130565.0,12
394527,"Del Rio, TX",msa,TX,2010,129462.0,12
394527,"Del Rio, TX",msa,TX,2011,128983.0,12
394527,"Del Rio, TX",msa,TX,2012,124372.0,12
394527,"Del Rio, TX",msa,TX,2013,122320.0,12
394527,"Del Rio, TX",msa,TX,2014,125714.0,12
394527,"Del Rio, TX",msa,TX,2015,131280.0,12
394527,"Del Rio, TX",msa,TX,2016,139126.0,12
394527,"Del Rio, TX",msa,TX,2017,140863.0,12
394527,"Del Rio, TX",msa,TX,2018,145303.0,12
394527,"Del Rio, TX",msa,TX,2019,163159.0,12
394527,"Del Rio, TX",msa,TX,2020,173663.0,12
394527,"Del Rio, TX",msa,TX,2021,198045.0,12
394527,"Del Rio, TX",msa,TX,2022,206545.0,12
394527,"Del Rio, TX",msa,TX,2023,208659.0,12
394527,"Del Rio, TX",msa,TX,2024,218014.0,12
394527,"Del Rio, TX",msa,TX,2025,211066.0,12
394527,"Del Rio, TX",msa,TX,2026,208545.0,7
394528,"Deltona, FL",msa,FL,2000,108583.0,12
394528,"Deltona, FL",msa,FL,2001,117319.0,12
394528,"Deltona, FL",msa,FL,2002,128955.0,12
394528,"Deltona, FL",msa,FL,2003,147022.0,12
394528,"Deltona, FL",msa,FL,2004,174706.0,12
394528,"Deltona, FL",msa,FL,2005,223024.0,12
394528,"Deltona, FL",msa,FL,2006,245659.0,12
394528,"Deltona, FL",msa,FL,2007,213203.0,12
394528,"Deltona, FL",msa,FL,2008,171214.0,12
394528,"Deltona, FL",msa,FL,2009,143696.0,12
394528,"Deltona, FL",msa,FL,2010,129772.0,12
394528,"Deltona, FL",msa,FL,2011,117517.0,12
394528,"Deltona, FL",msa,FL,2012,123022.0,12
394528,"Deltona, FL",msa,FL,2013,141130.0,12
394528,"Deltona, FL",msa,FL,2014,153144.0,12
394528,"Deltona, FL",msa,FL,2015,166534.0,12
394528,"Deltona, FL",msa,FL,2016,183593.0,12
394528,"Deltona, FL",msa,FL,2017,201595.0,12
394528,"Deltona, FL",msa,FL,2018,216581.0,12
394528,"Deltona, FL",msa,FL,2019,228714.0,12
394528,"Deltona, FL",msa,FL,2020,249551.0,12
394528,"Deltona, FL",msa,FL,2021,306797.0,12
394528,"Deltona, FL",msa,FL,2022,359116.0,12
394528,"Deltona, FL",msa,FL,2023,357196.0,12
394528,"Deltona, FL",msa,FL,2024,350918.0,12
394528,"Deltona, FL",msa,FL,2025,332969.0,12
394528,"Deltona, FL",msa,FL,2026,332955.0,7
394529,"Deming, NM",msa,NM,2012,150116.0,12
394529,"Deming, NM",msa,NM,2013,145719.0,12
394529,"Deming, NM",msa,NM,2014,140312.0,12
394529,"Deming, NM",msa,NM,2015,128369.0,12
394529,"Deming, NM",msa,NM,2016,116956.0,12
394529,"Deming, NM",msa,NM,2017,117720.0,12
394529,"Deming, NM",msa,NM,2018,129164.0,12
394529,"Deming, NM",msa,NM,2019,131590.0,12
394529,"Deming, NM",msa,NM,2020,144965.0,12
394529,"Deming, NM",msa,NM,2021,154162.0,12
394529,"Deming, NM",msa,NM,2022,164934.0,12
394529,"Deming, NM",msa,NM,2023,153451.0,12
394529,"Deming, NM",msa,NM,2024,161431.0,12
394529,"Deming, NM",msa,NM,2025,160380.0,12
394529,"Deming, NM",msa,NM,2026,165292.0,7
394530,"Denver, CO",msa,CO,2000,214919.0,12
394530,"Denver, CO",msa,CO,2001,236195.0,12
394530,"Denver, CO",msa,CO,2002,243493.0,12
394530,"Denver, CO",msa,CO,2003,245770.0,12
394530,"Denver, CO",msa,CO,2004,250844.0,12
394530,"Denver, CO",msa,CO,2005,255912.0,12
394530,"Denver, CO",msa,CO,2006,255621.0,12
394530,"Denver, CO",msa,CO,2007,250421.0,12
394530,"Denver, CO",msa,CO,2008,238661.0,12
394530,"Denver, CO",msa,CO,2009,236369.0,12
394530,"Denver, CO",msa,CO,2010,231790.0,12
394530,"Denver, CO",msa,CO,2011,225272.0,12
394530,"Denver, CO",msa,CO,2012,242383.0,12
394530,"Denver, CO",msa,CO,2013,268227.0,12
394530,"Denver, CO",msa,CO,2014,293867.0,12
394530,"Denver, CO",msa,CO,2015,336959.0,12
394530,"Denver, CO",msa,CO,2016,369878.0,12
394530,"Denver, CO",msa,CO,2017,398143.0,12
394530,"Denver, CO",msa,CO,2018,422370.0,12
394530,"Denver, CO",msa,CO,2019,439149.0,12
394530,"Denver, CO",msa,CO,2020,476833.0,12
394530,"Denver, CO",msa,CO,2021,558706.0,12
394530,"Denver, CO",msa,CO,2022,594608.0,12
394530,"Denver, CO",msa,CO,2023,594376.0,12
394530,"Denver, CO",msa,CO,2024,598358.0,12
394530,"Denver, CO",msa,CO,2025,579712.0,12
394530,"Denver, CO",msa,CO,2026,566529.0,7
394531,"Des Moines, IA",msa,IA,2000,124707.0,12
394531,"Des Moines, IA",msa,IA,2001,130684.0,12
394531,"Des Moines, IA",msa,IA,2002,136622.0,12
394531,"Des Moines, IA",msa,IA,2003,143563.0,12
394531,"Des Moines, IA",msa,IA,2004,149664.0,12
394531,"Des Moines, IA",msa,IA,2005,155338.0,12
394531,"Des Moines, IA",msa,IA,2006,159482.0,12
394531,"Des Moines, IA",msa,IA,2007,159872.0,12
394531,"Des Moines, IA",msa,IA,2008,155869.0,12
394531,"Des Moines, IA",msa,IA,2009,153055.0,12
394531,"Des Moines, IA",msa,IA,2010,148706.0,12
394531,"Des Moines, IA",msa,IA,2011,144858.0,12
394531,"Des Moines, IA",msa,IA,2012,149982.0,12
394531,"Des Moines, IA",msa,IA,2013,158551.0,12
394531,"Des Moines, IA",msa,IA,2014,165080.0,12
394531,"Des Moines, IA",msa,IA,2015,177446.0,12
394531,"Des Moines, IA",msa,IA,2016,189001.0,12
394531,"Des Moines, IA",msa,IA,2017,199295.0,12
394531,"Des Moines, IA",msa,IA,2018,208701.0,12
394531,"Des Moines, IA",msa,IA,2019,217196.0,12
394531,"Des Moines, IA",msa,IA,2020,229873.0,12
394531,"Des Moines, IA",msa,IA,2021,252726.0,12
394531,"Des Moines, IA",msa,IA,2022,273196.0,12
394531,"Des Moines, IA",msa,IA,2023,281948.0,12
394531,"Des Moines, IA",msa,IA,2024,291393.0,12
394531,"Des Moines, IA",msa,IA,2025,296584.0,12
394531,"Des Moines, IA",msa,IA,2026,295955.0,7
394532,"Detroit, MI",msa,MI,2000,135513.0,12
394532,"Detroit, MI",msa,MI,2001,143938.0,12
394532,"Detroit, MI",msa,MI,2002,149041.0,12
394532,"Detroit, MI",msa,MI,2003,154092.0,12
394532,"Detroit, MI",msa,MI,2004,159096.0,12
394532,"Detroit, MI",msa,MI,2005,162035.0,12
394532,"Detroit, MI",msa,MI,2006,158769.0,12
394532,"Detroit, MI",msa,MI,2007,145471.0,12
394532,"Detroit, MI",msa,MI,2008,118560.0,12
394532,"Detroit, MI",msa,MI,2009,93867.0,12
394532,"Detroit, MI",msa,MI,2010,87952.0,12
394532,"Detroit, MI",msa,MI,2011,82519.0,12
394532,"Detroit, MI",msa,MI,2012,90721.0,12
394532,"Detroit, MI",msa,MI,2013,112318.0,12
394532,"Detroit, MI",msa,MI,2014,124965.0,12
394532,"Detroit, MI",msa,MI,2015,136034.0,12
394532,"Detroit, MI",msa,MI,2016,147560.0,12
394532,"Detroit, MI",msa,MI,2017,161309.0,12
394532,"Detroit, MI",msa,MI,2018,173257.0,12
394532,"Detroit, MI",msa,MI,2019,183311.0,12
394532,"Detroit, MI",msa,MI,2020,199164.0,12
394532,"Detroit, MI",msa,MI,2021,222033.0,12
394532,"Detroit, MI",msa,MI,2022,237260.0,12
394532,"Detroit, MI",msa,MI,2023,247985.0,12
394532,"Detroit, MI",msa,MI,2024,259268.0,12
394532,"Detroit, MI",msa,MI,2025,268306.0,12
394532,"Detroit, MI",msa,MI,2026,270370.0,7
394533,"Dickinson, ND",msa,ND,2009,169727.0,12
394533,"Dickinson, ND",msa,ND,2010,179375.0,12
394533,"Dickinson, ND",msa,ND,2011,191100.0,12
394533,"Dickinson, ND",msa,ND,2012,225983.0,12
394533,"Dickinson, ND",msa,ND,2013,250310.0,12
394533,"Dickinson, ND",msa,ND,2014,267526.0,12
394533,"Dickinson, ND",msa,ND,2015,283085.0,12
394533,"Dickinson, ND",msa,ND,2016,261721.0,12
394533,"Dickinson, ND",msa,ND,2017,259292.0,12
394533,"Dickinson, ND",msa,ND,2018,246064.0,12
394533,"Dickinson, ND",msa,ND,2019,255511.0,12
394533,"Dickinson, ND",msa,ND,2020,258409.0,12
394533,"Dickinson, ND",msa,ND,2021,263490.0,12
394533,"Dickinson, ND",msa,ND,2022,273984.0,12
394533,"Dickinson, ND",msa,ND,2023,277526.0,12
394533,"Dickinson, ND",msa,ND,2024,298284.0,12
394533,"Dickinson, ND",msa,ND,2025,321252.0,12
394533,"Dickinson, ND",msa,ND,2026,329022.0,7
394535,"Dixon, IL",msa,IL,2006,142250.0,12
394535,"Dixon, IL",msa,IL,2007,142569.0,12
394535,"Dixon, IL",msa,IL,2008,133886.0,12
394535,"Dixon, IL",msa,IL,2009,126058.0,12
394535,"Dixon, IL",msa,IL,2010,122421.0,12
394535,"Dixon, IL",msa,IL,2011,112769.0,12
394535,"Dixon, IL",msa,IL,2012,113404.0,12
394535,"Dixon, IL",msa,IL,2013,86102.0,12
394535,"Dixon, IL",msa,IL,2014,72247.0,12
394535,"Dixon, IL",msa,IL,2015,75905.0,12
394535,"Dixon, IL",msa,IL,2016,93905.0,12
394535,"Dixon, IL",msa,IL,2017,118641.0,12
394535,"Dixon, IL",msa,IL,2018,121685.0,12
394535,"Dixon, IL",msa,IL,2019,125227.0,12
394535,"Dixon, IL",msa,IL,2020,135796.0,12
394535,"Dixon, IL",msa,IL,2021,147630.0,12
394535,"Dixon, IL",msa,IL,2022,151946.0,12
394535,"Dixon, IL",msa,IL,2023,160588.0,12
394535,"Dixon, IL",msa,IL,2024,168566.0,12
394535,"Dixon, IL",msa,IL,2025,182415.0,12
394535,"Dixon, IL",msa,IL,2026,188812.0,7
394536,"Dodge City, KS",msa,KS,2016,109794.0,12
394536,"Dodge City, KS",msa,KS,2017,116147.0,12
394536,"Dodge City, KS",msa,KS,2018,121869.0,12
394536,"Dodge City, KS",msa,KS,2019,126786.0,12
394536,"Dodge City, KS",msa,KS,2020,138507.0,12
394536,"Dodge City, KS",msa,KS,2021,156373.0,12
394536,"Dodge City, KS",msa,KS,2022,176345.0,12
394536,"Dodge City, KS",msa,KS,2023,198661.0,12
394536,"Dodge City, KS",msa,KS,2024,213550.0,12
394536,"Dodge City, KS",msa,KS,2025,216727.0,12
394536,"Dodge City, KS",msa,KS,2026,211857.0,7
394537,"Dothan, AL",msa,AL,2001,91967.0,12
394537,"Dothan, AL",msa,AL,2002,97344.0,12
394537,"Dothan, AL",msa,AL,2003,102605.0,12
394537,"Dothan, AL",msa,AL,2004,110155.0,12
394537,"Dothan, AL",msa,AL,2005,121658.0,12
394537,"Dothan, AL",msa,AL,2006,131735.0,12
394537,"Dothan, AL",msa,AL,2007,136499.0,12
394537,"Dothan, AL",msa,AL,2008,133117.0,12
394537,"Dothan, AL",msa,AL,2009,124862.0,12
394537,"Dothan, AL",msa,AL,2010,122968.0,12
394537,"Dothan, AL",msa,AL,2011,116628.0,12
394537,"Dothan, AL",msa,AL,2012,116346.0,12
394537,"Dothan, AL",msa,AL,2013,118051.0,12
394537,"Dothan, AL",msa,AL,2014,120951.0,12
394537,"Dothan, AL",msa,AL,2015,124586.0,12
394537,"Dothan, AL",msa,AL,2016,128662.0,12
394537,"Dothan, AL",msa,AL,2017,129375.0,12
394537,"Dothan, AL",msa,AL,2018,130845.0,12
394537,"Dothan, AL",msa,AL,2019,140184.0,12
394537,"Dothan, AL",msa,AL,2020,149460.0,12
394537,"Dothan, AL",msa,AL,2021,165454.0,12
394537,"Dothan, AL",msa,AL,2022,178359.0,12
394537,"Dothan, AL",msa,AL,2023,182062.0,12
394537,"Dothan, AL",msa,AL,2024,190747.0,12
394537,"Dothan, AL",msa,AL,2025,194658.0,12
394537,"Dothan, AL",msa,AL,2026,197173.0,7
394538,"Douglas, GA",msa,GA,2000,91796.0,12
394538,"Douglas, GA",msa,GA,2001,96384.0,12
394538,"Douglas, GA",msa,GA,2002,99902.0,12
394538,"Douglas, GA",msa,GA,2003,103108.0,12
394538,"Douglas, GA",msa,GA,2004,107844.0,12
394538,"Douglas, GA",msa,GA,2005,114079.0,12
394538,"Douglas, GA",msa,GA,2006,119482.0,12
394538,"Douglas, GA",msa,GA,2007,120736.0,12
394538,"Douglas, GA",msa,GA,2008,115376.0,12
394538,"Douglas, GA",msa,GA,2009,106591.0,12
394538,"Douglas, GA",msa,GA,2010,97876.0,12
394538,"Douglas, GA",msa,GA,2011,91570.0,12
394538,"Douglas, GA",msa,GA,2012,94073.0,12
394538,"Douglas, GA",msa,GA,2013,98411.0,12
394538,"Douglas, GA",msa,GA,2014,96866.0,12
394538,"Douglas, GA",msa,GA,2015,101320.0,12
394538,"Douglas, GA",msa,GA,2016,100266.0,12
394538,"Douglas, GA",msa,GA,2017,107364.0,12
394538,"Douglas, GA",msa,GA,2018,109589.0,12
394538,"Douglas, GA",msa,GA,2019,117549.0,12
394538,"Douglas, GA",msa,GA,2020,131150.0,12
394538,"Douglas, GA",msa,GA,2021,155385.0,12
394538,"Douglas, GA",msa,GA,2022,167897.0,12
394538,"Douglas, GA",msa,GA,2023,171449.0,12
394538,"Douglas, GA",msa,GA,2024,175242.0,12
394538,"Douglas, GA",msa,GA,2025,164832.0,12
394538,"Douglas, GA",msa,GA,2026,172577.0,7
394539,"Dover, DE",msa,DE,2009,198587.0,12
394539,"Dover, DE",msa,DE,2010,191206.0,12
394539,"Dover, DE",msa,DE,2011,180229.0,12
394539,"Dover, DE",msa,DE,2012,178205.0,12
394539,"Dover, DE",msa,DE,2013,187556.0,12
394539,"Dover, DE",msa,DE,2014,191341.0,12
394539,"Dover, DE",msa,DE,2015,202575.0,12
394539,"Dover, DE",msa,DE,2016,211267.0,12
394539,"Dover, DE",msa,DE,2017,213722.0,12
394539,"Dover, DE",msa,DE,2018,222035.0,12
394539,"Dover, DE",msa,DE,2019,235651.0,12
394539,"Dover, DE",msa,DE,2020,260969.0,12
394539,"Dover, DE",msa,DE,2021,298630.0,12
394539,"Dover, DE",msa,DE,2022,327680.0,12
394539,"Dover, DE",msa,DE,2023,349287.0,12
394539,"Dover, DE",msa,DE,2024,362545.0,12
394539,"Dover, DE",msa,DE,2025,370363.0,12
394539,"Dover, DE",msa,DE,2026,374662.0,7
394541,"DuBois, PA",msa,PA,2000,66751.0,12
394541,"DuBois, PA",msa,PA,2001,71701.0,12
394541,"DuBois, PA",msa,PA,2002,74324.0,12
394541,"DuBois, PA",msa,PA,2003,78006.0,12
394541,"DuBois, PA",msa,PA,2004,84913.0,12
394541,"DuBois, PA",msa,PA,2005,96091.0,12
394541,"DuBois, PA",msa,PA,2006,99756.0,12
394541,"DuBois, PA",msa,PA,2007,100986.0,12
394541,"DuBois, PA",msa,PA,2008,100194.0,12
394541,"DuBois, PA",msa,PA,2009,98931.0,12
394541,"DuBois, PA",msa,PA,2010,97823.0,12
394541,"DuBois, PA",msa,PA,2011,97473.0,12
394541,"DuBois, PA",msa,PA,2012,99877.0,12
394541,"DuBois, PA",msa,PA,2013,99153.0,12
394541,"DuBois, PA",msa,PA,2014,101029.0,12
394541,"DuBois, PA",msa,PA,2015,107363.0,12
394541,"DuBois, PA",msa,PA,2016,110396.0,12
394541,"DuBois, PA",msa,PA,2017,128192.0,12
394541,"DuBois, PA",msa,PA,2018,120573.0,12
394541,"DuBois, PA",msa,PA,2019,126963.0,12
394541,"DuBois, PA",msa,PA,2020,137885.0,12
394541,"DuBois, PA",msa,PA,2021,148490.0,12
394541,"DuBois, PA",msa,PA,2022,141001.0,12
394541,"DuBois, PA",msa,PA,2023,134542.0,12
394541,"DuBois, PA",msa,PA,2024,132192.0,12
394541,"DuBois, PA",msa,PA,2025,132007.0,12
394541,"DuBois, PA",msa,PA,2026,137759.0,7
394540,"Dublin, GA",msa,GA,2000,92249.0,12
394540,"Dublin, GA",msa,GA,2001,96808.0,12
394540,"Dublin, GA",msa,GA,2002,99885.0,12
394540,"Dublin, GA",msa,GA,2003,102843.0,12
394540,"Dublin, GA",msa,GA,2004,107400.0,12
394540,"Dublin, GA",msa,GA,2005,113207.0,12
394540,"Dublin, GA",msa,GA,2006,118405.0,12
394540,"Dublin, GA",msa,GA,2007,120134.0,12
394540,"Dublin, GA",msa,GA,2008,115802.0,12
394540,"Dublin, GA",msa,GA,2009,107895.0,12
394540,"Dublin, GA",msa,GA,2010,101105.0,12
394540,"Dublin, GA",msa,GA,2011,95132.0,12
394540,"Dublin, GA",msa,GA,2012,92517.0,12
394540,"Dublin, GA",msa,GA,2013,95147.0,12
394540,"Dublin, GA",msa,GA,2014,94710.0,12
394540,"Dublin, GA",msa,GA,2015,101785.0,12
394540,"Dublin, GA",msa,GA,2016,103607.0,12
394540,"Dublin, GA",msa,GA,2017,110663.0,12
394540,"Dublin, GA",msa,GA,2018,115297.0,12
394540,"Dublin, GA",msa,GA,2019,124866.0,12
394540,"Dublin, GA",msa,GA,2020,138241.0,12
394540,"Dublin, GA",msa,GA,2021,153812.0,12
394540,"Dublin, GA",msa,GA,2022,164773.0,12
394540,"Dublin, GA",msa,GA,2023,166927.0,12
394540,"Dublin, GA",msa,GA,2024,173395.0,12
394540,"Dublin, GA",msa,GA,2025,167170.0,12
394540,"Dublin, GA",msa,GA,2026,173581.0,7
394542,"Dubuque, IA",msa,IA,2009,152310.0,12
394542,"Dubuque, IA",msa,IA,2010,153618.0,12
394542,"Dubuque, IA",msa,IA,2011,154028.0,12
394542,"Dubuque, IA",msa,IA,2012,155204.0,12
394542,"Dubuque, IA",msa,IA,2013,156806.0,12
394542,"Dubuque, IA",msa,IA,2014,158002.0,12
394542,"Dubuque, IA",msa,IA,2015,162966.0,12
394542,"Dubuque, IA",msa,IA,2016,167813.0,12
394542,"Dubuque, IA",msa,IA,2017,173195.0,12
394542,"Dubuque, IA",msa,IA,2018,178353.0,12
394542,"Dubuque, IA",msa,IA,2019,189815.0,12
394542,"Dubuque, IA",msa,IA,2020,202769.0,12
394542,"Dubuque, IA",msa,IA,2021,221020.0,12
394542,"Dubuque, IA",msa,IA,2022,240702.0,12
394542,"Dubuque, IA",msa,IA,2023,247086.0,12
394542,"Dubuque, IA",msa,IA,2024,260213.0,12
394542,"Dubuque, IA",msa,IA,2025,276676.0,12
394542,"Dubuque, IA",msa,IA,2026,281598.0,7
394543,"Duluth, MN",msa,MN,2004,123037.0,12
394543,"Duluth, MN",msa,MN,2005,134270.0,12
394543,"Duluth, MN",msa,MN,2006,139398.0,12
394543,"Duluth, MN",msa,MN,2007,142074.0,12
394543,"Duluth, MN",msa,MN,2008,142341.0,12
394543,"Duluth, MN",msa,MN,2009,138659.0,12
394543,"Duluth, MN",msa,MN,2010,134740.0,12
394543,"Duluth, MN",msa,MN,2011,128587.0,12
394543,"Duluth, MN",msa,MN,2012,129423.0,12
394543,"Duluth, MN",msa,MN,2013,136548.0,12
394543,"Duluth, MN",msa,MN,2014,139112.0,12
394543,"Duluth, MN",msa,MN,2015,144417.0,12
394543,"Duluth, MN",msa,MN,2016,148204.0,12
394543,"Duluth, MN",msa,MN,2017,156078.0,12
394543,"Duluth, MN",msa,MN,2018,161864.0,12
394543,"Duluth, MN",msa,MN,2019,172563.0,12
394543,"Duluth, MN",msa,MN,2020,189894.0,12
394543,"Duluth, MN",msa,MN,2021,213645.0,12
394543,"Duluth, MN",msa,MN,2022,227802.0,12
394543,"Duluth, MN",msa,MN,2023,239663.0,12
394543,"Duluth, MN",msa,MN,2024,248913.0,12
394543,"Duluth, MN",msa,MN,2025,262891.0,12
394543,"Duluth, MN",msa,MN,2026,270683.0,7
394544,"Dumas, TX",msa,TX,2012,106822.0,12
394544,"Dumas, TX",msa,TX,2013,116345.0,12
394544,"Dumas, TX",msa,TX,2014,116815.0,12
394544,"Dumas, TX",msa,TX,2015,115375.0,12
394544,"Dumas, TX",msa,TX,2016,126020.0,12
394544,"Dumas, TX",msa,TX,2017,137391.0,12
394544,"Dumas, TX",msa,TX,2018,154104.0,12
394544,"Dumas, TX",msa,TX,2019,145349.0,12
394544,"Dumas, TX",msa,TX,2020,155298.0,12
394544,"Dumas, TX",msa,TX,2021,165690.0,12
394544,"Dumas, TX",msa,TX,2022,170848.0,12
394544,"Dumas, TX",msa,TX,2023,164208.0,12
394544,"Dumas, TX",msa,TX,2024,168736.0,12
394544,"Dumas, TX",msa,TX,2025,184078.0,12
394544,"Dumas, TX",msa,TX,2026,188537.0,7
394545,"Duncan, OK",msa,OK,2000,62008.0,12
394545,"Duncan, OK",msa,OK,2001,65052.0,12
394545,"Duncan, OK",msa,OK,2002,66900.0,12
394545,"Duncan, OK",msa,OK,2003,69034.0,12
394545,"Duncan, OK",msa,OK,2004,71836.0,12
394545,"Duncan, OK",msa,OK,2005,76174.0,12
394545,"Duncan, OK",msa,OK,2006,80568.0,12
394545,"Duncan, OK",msa,OK,2007,86879.0,12
394545,"Duncan, OK",msa,OK,2008,86130.0,12
394545,"Duncan, OK",msa,OK,2009,81919.0,12
394545,"Duncan, OK",msa,OK,2010,80270.0,12
394545,"Duncan, OK",msa,OK,2011,81106.0,12
394545,"Duncan, OK",msa,OK,2012,81415.0,12
394545,"Duncan, OK",msa,OK,2013,86981.0,12
394545,"Duncan, OK",msa,OK,2014,90324.0,12
394545,"Duncan, OK",msa,OK,2015,91467.0,12
394545,"Duncan, OK",msa,OK,2016,86161.0,12
394545,"Duncan, OK",msa,OK,2017,86782.0,12
394545,"Duncan, OK",msa,OK,2018,90163.0,12
394545,"Duncan, OK",msa,OK,2019,92325.0,12
394545,"Duncan, OK",msa,OK,2020,95098.0,12
394545,"Duncan, OK",msa,OK,2021,114168.0,12
394545,"Duncan, OK",msa,OK,2022,126538.0,12
394545,"Duncan, OK",msa,OK,2023,133655.0,12
394545,"Duncan, OK",msa,OK,2024,142022.0,12
394545,"Duncan, OK",msa,OK,2025,138756.0,12
394545,"Duncan, OK",msa,OK,2026,144228.0,7
394547,"Durango, CO",msa,CO,2009,313793.0,12
394547,"Durango, CO",msa,CO,2010,306061.0,12
394547,"Durango, CO",msa,CO,2011,299181.0,12
394547,"Durango, CO",msa,CO,2012,308710.0,12
394547,"Durango, CO",msa,CO,2013,328553.0,12
394547,"Durango, CO",msa,CO,2014,348815.0,12
394547,"Durango, CO",msa,CO,2015,368562.0,12
394547,"Durango, CO",msa,CO,2016,385017.0,12
394547,"Durango, CO",msa,CO,2017,405254.0,12
394547,"Durango, CO",msa,CO,2018,417658.0,12
394547,"Durango, CO",msa,CO,2019,427595.0,12
394547,"Durango, CO",msa,CO,2020,457821.0,12
394547,"Durango, CO",msa,CO,2021,551303.0,12
394547,"Durango, CO",msa,CO,2022,625902.0,12
394547,"Durango, CO",msa,CO,2023,654698.0,12
394547,"Durango, CO",msa,CO,2024,672060.0,12
394547,"Durango, CO",msa,CO,2025,680769.0,12
394547,"Durango, CO",msa,CO,2026,689390.0,7
394548,"Durant, OK",msa,OK,2000,76036.0,12
394548,"Durant, OK",msa,OK,2001,80188.0,12
394548,"Durant, OK",msa,OK,2002,83248.0,12
394548,"Durant, OK",msa,OK,2003,85955.0,12
394548,"Durant, OK",msa,OK,2004,90198.0,12
394548,"Durant, OK",msa,OK,2005,95016.0,12
394548,"Durant, OK",msa,OK,2006,99809.0,12
394548,"Durant, OK",msa,OK,2007,103182.0,12
394548,"Durant, OK",msa,OK,2008,109444.0,12
394548,"Durant, OK",msa,OK,2009,102030.0,12
394548,"Durant, OK",msa,OK,2010,101865.0,12
394548,"Durant, OK",msa,OK,2011,101147.0,12
394548,"Durant, OK",msa,OK,2012,106658.0,12
394548,"Durant, OK",msa,OK,2013,108081.0,12
394548,"Durant, OK",msa,OK,2014,111383.0,12
394548,"Durant, OK",msa,OK,2015,115368.0,12
394548,"Durant, OK",msa,OK,2016,121505.0,12
394548,"Durant, OK",msa,OK,2017,126392.0,12
394548,"Durant, OK",msa,OK,2018,137983.0,12
394548,"Durant, OK",msa,OK,2019,147413.0,12
394548,"Durant, OK",msa,OK,2020,169595.0,12
394548,"Durant, OK",msa,OK,2021,196183.0,12
394548,"Durant, OK",msa,OK,2022,220514.0,12
394548,"Durant, OK",msa,OK,2023,225120.0,12
394548,"Durant, OK",msa,OK,2024,227948.0,12
394548,"Durant, OK",msa,OK,2025,230251.0,12
394548,"Durant, OK",msa,OK,2026,228565.0,7
394549,"Durham, NC",msa,NC,2000,169985.0,12
394549,"Durham, NC",msa,NC,2001,175845.0,12
394549,"Durham, NC",msa,NC,2002,181012.0,12
394549,"Durham, NC",msa,NC,2003,184821.0,12
394549,"Durham, NC",msa,NC,2004,190900.0,12
394549,"Durham, NC",msa,NC,2005,199806.0,12
394549,"Durham, NC",msa,NC,2006,206735.0,12
394549,"Durham, NC",msa,NC,2007,214357.0,12
394549,"Durham, NC",msa,NC,2008,209957.0,12
394549,"Durham, NC",msa,NC,2009,202375.0,12
394549,"Durham, NC",msa,NC,2010,199377.0,12
394549,"Durham, NC",msa,NC,2011,187396.0,12
394549,"Durham, NC",msa,NC,2012,183457.0,12
394549,"Durham, NC",msa,NC,2013,192237.0,12
394549,"Durham, NC",msa,NC,2014,199386.0,12
394549,"Durham, NC",msa,NC,2015,210460.0,12
394549,"Durham, NC",msa,NC,2016,225276.0,12
394549,"Durham, NC",msa,NC,2017,241145.0,12
394549,"Durham, NC",msa,NC,2018,258173.0,12
394549,"Durham, NC",msa,NC,2019,271912.0,12
394549,"Durham, NC",msa,NC,2020,298127.0,12
394549,"Durham, NC",msa,NC,2021,357809.0,12
394549,"Durham, NC",msa,NC,2022,404839.0,12
394549,"Durham, NC",msa,NC,2023,416900.0,12
394549,"Durham, NC",msa,NC,2024,423345.0,12
394549,"Durham, NC",msa,NC,2025,419024.0,12
394549,"Durham, NC",msa,NC,2026,411325.0,7
394550,"Dyersburg, TN",msa,TN,2000,103806.0,12
394550,"Dyersburg, TN",msa,TN,2001,106900.0,12
394550,"Dyersburg, TN",msa,TN,2002,108307.0,12
394550,"Dyersburg, TN",msa,TN,2003,100603.0,12
394550,"Dyersburg, TN",msa,TN,2004,101272.0,12
394550,"Dyersburg, TN",msa,TN,2005,109466.0,12
394550,"Dyersburg, TN",msa,TN,2006,115372.0,12
394550,"Dyersburg, TN",msa,TN,2007,115914.0,12
394550,"Dyersburg, TN",msa,TN,2008,112267.0,12
394550,"Dyersburg, TN",msa,TN,2009,106392.0,12
394550,"Dyersburg, TN",msa,TN,2010,103998.0,12
394550,"Dyersburg, TN",msa,TN,2011,101215.0,12
394550,"Dyersburg, TN",msa,TN,2012,102752.0,12
394550,"Dyersburg, TN",msa,TN,2013,103615.0,12
394550,"Dyersburg, TN",msa,TN,2014,105883.0,12
394550,"Dyersburg, TN",msa,TN,2015,113202.0,12
394550,"Dyersburg, TN",msa,TN,2016,117011.0,12
394550,"Dyersburg, TN",msa,TN,2017,116573.0,12
394550,"Dyersburg, TN",msa,TN,2018,126802.0,12
394550,"Dyersburg, TN",msa,TN,2019,135480.0,12
394550,"Dyersburg, TN",msa,TN,2020,143597.0,12
394550,"Dyersburg, TN",msa,TN,2021,160824.0,12
394550,"Dyersburg, TN",msa,TN,2022,163797.0,12
394550,"Dyersburg, TN",msa,TN,2023,172695.0,12
394550,"Dyersburg, TN",msa,TN,2024,179188.0,12
394550,"Dyersburg, TN",msa,TN,2025,171453.0,12
394550,"Dyersburg, TN",msa,TN,2026,176866.0,7
394551,"Eagle Pass, TX",msa,TX,2009,132495.0,12
394551,"Eagle Pass, TX",msa,TX,2010,132693.0,12
394551,"Eagle Pass, TX",msa,TX,2011,131786.0,12
394551,"Eagle Pass, TX",msa,TX,2012,136327.0,12
394551,"Eagle Pass, TX",msa,TX,2013,149317.0,12
394551,"Eagle Pass, TX",msa,TX,2014,161312.0,12
394551,"Eagle Pass, TX",msa,TX,2015,168868.0,12
394551,"Eagle Pass, TX",msa,TX,2016,165671.0,12
394551,"Eagle Pass, TX",msa,TX,2017,167167.0,12
394551,"Eagle Pass, TX",msa,TX,2018,162635.0,12
394551,"Eagle Pass, TX",msa,TX,2019,159287.0,12
394551,"Eagle Pass, TX",msa,TX,2020,169446.0,12
394551,"Eagle Pass, TX",msa,TX,2021,188211.0,12
394551,"Eagle Pass, TX",msa,TX,2022,195260.0,12
394551,"Eagle Pass, TX",msa,TX,2023,207546.0,12
394551,"Eagle Pass, TX",msa,TX,2024,221602.0,12
394551,"Eagle Pass, TX",msa,TX,2025,226298.0,12
394551,"Eagle Pass, TX",msa,TX,2026,222307.0,7
394553,"East Stroudsburg, PA",msa,PA,2005,185531.0,12
394553,"East Stroudsburg, PA",msa,PA,2006,198912.0,12
394553,"East Stroudsburg, PA",msa,PA,2007,202399.0,12
394553,"East Stroudsburg, PA",msa,PA,2008,189877.0,12
394553,"East Stroudsburg, PA",msa,PA,2009,172177.0,12
394553,"East Stroudsburg, PA",msa,PA,2010,165942.0,12
394553,"East Stroudsburg, PA",msa,PA,2011,152381.0,12
394553,"East Stroudsburg, PA",msa,PA,2012,147958.0,12
394553,"East Stroudsburg, PA",msa,PA,2013,147675.0,12
394553,"East Stroudsburg, PA",msa,PA,2014,145055.0,12
394553,"East Stroudsburg, PA",msa,PA,2015,143352.0,12
394553,"East Stroudsburg, PA",msa,PA,2016,145287.0,12
394553,"East Stroudsburg, PA",msa,PA,2017,153972.0,12
394553,"East Stroudsburg, PA",msa,PA,2018,166023.0,12
394553,"East Stroudsburg, PA",msa,PA,2019,181070.0,12
394553,"East Stroudsburg, PA",msa,PA,2020,205245.0,12
394553,"East Stroudsburg, PA",msa,PA,2021,256796.0,12
394553,"East Stroudsburg, PA",msa,PA,2022,293041.0,12
394553,"East Stroudsburg, PA",msa,PA,2023,299709.0,12
394553,"East Stroudsburg, PA",msa,PA,2024,309926.0,12
394553,"East Stroudsburg, PA",msa,PA,2025,310152.0,12
394553,"East Stroudsburg, PA",msa,PA,2026,313021.0,7
394554,"Easton, MD",msa,MD,2000,207282.0,12
394554,"Easton, MD",msa,MD,2001,227128.0,12
394554,"Easton, MD",msa,MD,2002,246496.0,12
394554,"Easton, MD",msa,MD,2003,288943.0,12
394554,"Easton, MD",msa,MD,2004,336484.0,12
394554,"Easton, MD",msa,MD,2005,396410.0,12
394554,"Easton, MD",msa,MD,2006,437130.0,9
394554,"Easton, MD",msa,MD,2007,410333.0,12
394554,"Easton, MD",msa,MD,2008,377034.0,12
394554,"Easton, MD",msa,MD,2009,346493.0,12
394554,"Easton, MD",msa,MD,2010,326129.0,12
394554,"Easton, MD",msa,MD,2011,309254.0,12
394554,"Easton, MD",msa,MD,2012,295010.0,12
394554,"Easton, MD",msa,MD,2013,304802.0,12
394554,"Easton, MD",msa,MD,2014,310127.0,12
394554,"Easton, MD",msa,MD,2015,319307.0,12
394554,"Easton, MD",msa,MD,2016,322121.0,12
394554,"Easton, MD",msa,MD,2017,330758.0,12
394554,"Easton, MD",msa,MD,2018,338128.0,12
394554,"Easton, MD",msa,MD,2019,347499.0,12
394554,"Easton, MD",msa,MD,2020,375431.0,12
394554,"Easton, MD",msa,MD,2021,429602.0,12
394554,"Easton, MD",msa,MD,2022,453466.0,12
394554,"Easton, MD",msa,MD,2023,475379.0,12
394554,"Easton, MD",msa,MD,2024,497728.0,12
394554,"Easton, MD",msa,MD,2025,496207.0,12
394554,"Easton, MD",msa,MD,2026,495620.0,7
394555,"Eau Claire, WI",msa,WI,2009,154565.0,12
394555,"Eau Claire, WI",msa,WI,2010,150614.0,12
394555,"Eau Claire, WI",msa,WI,2011,144986.0,12
394555,"Eau Claire, WI",msa,WI,2012,148515.0,12
394555,"Eau Claire, WI",msa,WI,2013,154394.0,12
394555,"Eau Claire, WI",msa,WI,2014,158301.0,12
394555,"Eau Claire, WI",msa,WI,2015,166815.0,12
394555,"Eau Claire, WI",msa,WI,2016,175012.0,12
394555,"Eau Claire, WI",msa,WI,2017,187088.0,12
394555,"Eau Claire, WI",msa,WI,2018,198054.0,12
394555,"Eau Claire, WI",msa,WI,2019,211443.0,12
394555,"Eau Claire, WI",msa,WI,2020,235298.0,12
394555,"Eau Claire, WI",msa,WI,2021,262480.0,12
394555,"Eau Claire, WI",msa,WI,2022,284102.0,12
394555,"Eau Claire, WI",msa,WI,2023,300241.0,12
394555,"Eau Claire, WI",msa,WI,2024,314894.0,12
394555,"Eau Claire, WI",msa,WI,2025,323734.0,12
394555,"Eau Claire, WI",msa,WI,2026,327568.0,7
394556,"Edwards, CO",msa,CO,2000,327007.0,12
394556,"Edwards, CO",msa,CO,2001,334815.0,12
394556,"Edwards, CO",msa,CO,2002,341894.0,12
394556,"Edwards, CO",msa,CO,2003,355450.0,12
394556,"Edwards, CO",msa,CO,2004,383844.0,12
394556,"Edwards, CO",msa,CO,2005,461891.0,12
394556,"Edwards, CO",msa,CO,2006,546041.0,12
394556,"Edwards, CO",msa,CO,2007,592107.0,12
394556,"Edwards, CO",msa,CO,2008,538809.0,12
394556,"Edwards, CO",msa,CO,2009,495687.0,12
394556,"Edwards, CO",msa,CO,2010,471429.0,12
394556,"Edwards, CO",msa,CO,2011,403972.0,12
394556,"Edwards, CO",msa,CO,2012,444142.0,12
394556,"Edwards, CO",msa,CO,2013,488909.0,12
394556,"Edwards, CO",msa,CO,2014,525144.0,12
394556,"Edwards, CO",msa,CO,2015,571661.0,12
394556,"Edwards, CO",msa,CO,2016,602160.0,12
394556,"Edwards, CO",msa,CO,2017,632087.0,12
394556,"Edwards, CO",msa,CO,2018,674219.0,12
394556,"Edwards, CO",msa,CO,2019,691329.0,12
394556,"Edwards, CO",msa,CO,2020,761139.0,12
394556,"Edwards, CO",msa,CO,2021,985273.0,12
394556,"Edwards, CO",msa,CO,2022,1133768.0,12
394556,"Edwards, CO",msa,CO,2023,1196035.0,12
394556,"Edwards, CO",msa,CO,2024,1277547.0,12
394556,"Edwards, CO",msa,CO,2025,1282252.0,12
394556,"Edwards, CO",msa,CO,2026,1298470.0,7
394557,"Effingham, IL",msa,IL,2009,131097.0,12
394557,"Effingham, IL",msa,IL,2010,127749.0,12
394557,"Effingham, IL",msa,IL,2011,125778.0,12
394557,"Effingham, IL",msa,IL,2012,128698.0,12
394557,"Effingham, IL",msa,IL,2013,132643.0,12
394557,"Effingham, IL",msa,IL,2014,134111.0,12
394557,"Effingham, IL",msa,IL,2015,141191.0,12
394557,"Effingham, IL",msa,IL,2016,141444.0,12
394557,"Effingham, IL",msa,IL,2017,149976.0,12
394557,"Effingham, IL",msa,IL,2018,154373.0,12
394557,"Effingham, IL",msa,IL,2019,162517.0,12
394557,"Effingham, IL",msa,IL,2020,173213.0,12
394557,"Effingham, IL",msa,IL,2021,191253.0,12
394557,"Effingham, IL",msa,IL,2022,206119.0,12
394557,"Effingham, IL",msa,IL,2023,208236.0,12
394557,"Effingham, IL",msa,IL,2024,210950.0,12
394557,"Effingham, IL",msa,IL,2025,221120.0,12
394557,"Effingham, IL",msa,IL,2026,224308.0,7
394558,"El Campo, TX",msa,TX,2009,140015.0,12
394558,"El Campo, TX",msa,TX,2010,134901.0,12
394558,"El Campo, TX",msa,TX,2011,132723.0,12
394558,"El Campo, TX",msa,TX,2012,132448.0,12
394558,"El Campo, TX",msa,TX,2013,137818.0,12
394558,"El Campo, TX",msa,TX,2014,151078.0,12
394558,"El Campo, TX",msa,TX,2015,167221.0,12
394558,"El Campo, TX",msa,TX,2016,178191.0,12
394558,"El Campo, TX",msa,TX,2017,180937.0,12
394558,"El Campo, TX",msa,TX,2018,190369.0,12
394558,"El Campo, TX",msa,TX,2019,211038.0,12
394558,"El Campo, TX",msa,TX,2020,225291.0,12
394558,"El Campo, TX",msa,TX,2021,241470.0,12
394558,"El Campo, TX",msa,TX,2022,255909.0,12
394558,"El Campo, TX",msa,TX,2023,245158.0,12
394558,"El Campo, TX",msa,TX,2024,250458.0,12
394558,"El Campo, TX",msa,TX,2025,244863.0,12
394558,"El Campo, TX",msa,TX,2026,248247.0,7
394559,"El Centro, CA",msa,CA,2001,103455.0,12
394559,"El Centro, CA",msa,CA,2002,109149.0,12
394559,"El Centro, CA",msa,CA,2003,120553.0,12
394559,"El Centro, CA",msa,CA,2004,144929.0,12
394559,"El Centro, CA",msa,CA,2005,191373.0,12
394559,"El Centro, CA",msa,CA,2006,209438.0,12
394559,"El Centro, CA",msa,CA,2007,191294.0,12
394559,"El Centro, CA",msa,CA,2008,149150.0,12
394559,"El Centro, CA",msa,CA,2009,134893.0,12
394559,"El Centro, CA",msa,CA,2010,130388.0,12
394559,"El Centro, CA",msa,CA,2011,125206.0,12
394559,"El Centro, CA",msa,CA,2012,136451.0,12
394559,"El Centro, CA",msa,CA,2013,155275.0,12
394559,"El Centro, CA",msa,CA,2014,175584.0,12
394559,"El Centro, CA",msa,CA,2015,192543.0,12
394559,"El Centro, CA",msa,CA,2016,203898.0,12
394559,"El Centro, CA",msa,CA,2017,218985.0,12
394559,"El Centro, CA",msa,CA,2018,226567.0,12
394559,"El Centro, CA",msa,CA,2019,250855.0,12
394559,"El Centro, CA",msa,CA,2020,267436.0,12
394559,"El Centro, CA",msa,CA,2021,303015.0,12
394559,"El Centro, CA",msa,CA,2022,312804.0,12
394559,"El Centro, CA",msa,CA,2023,333356.0,12
394559,"El Centro, CA",msa,CA,2024,353956.0,12
394559,"El Centro, CA",msa,CA,2025,378707.0,12
394559,"El Centro, CA",msa,CA,2026,385963.0,7
394560,"El Dorado, AR",msa,AR,2003,85568.0,12
394560,"El Dorado, AR",msa,AR,2004,90359.0,12
394560,"El Dorado, AR",msa,AR,2005,96335.0,12
394560,"El Dorado, AR",msa,AR,2006,99904.0,12
394560,"El Dorado, AR",msa,AR,2007,101285.0,12
394560,"El Dorado, AR",msa,AR,2008,100671.0,12
394560,"El Dorado, AR",msa,AR,2009,93415.0,12
394560,"El Dorado, AR",msa,AR,2010,91973.0,12
394560,"El Dorado, AR",msa,AR,2011,89551.0,12
394560,"El Dorado, AR",msa,AR,2012,93551.0,12
394560,"El Dorado, AR",msa,AR,2013,95988.0,12
394560,"El Dorado, AR",msa,AR,2014,97490.0,12
394560,"El Dorado, AR",msa,AR,2015,99789.0,12
394560,"El Dorado, AR",msa,AR,2016,102362.0,12
394560,"El Dorado, AR",msa,AR,2017,106688.0,12
394560,"El Dorado, AR",msa,AR,2018,107852.0,12
394560,"El Dorado, AR",msa,AR,2019,116846.0,12
394560,"El Dorado, AR",msa,AR,2020,128180.0,12
394560,"El Dorado, AR",msa,AR,2021,140141.0,12
394560,"El Dorado, AR",msa,AR,2022,129152.0,12
394560,"El Dorado, AR",msa,AR,2023,130326.0,12
394560,"El Dorado, AR",msa,AR,2024,129136.0,12
394560,"El Dorado, AR",msa,AR,2025,126437.0,12
394560,"El Dorado, AR",msa,AR,2026,127339.0,7
394561,"El Paso, TX",msa,TX,2000,97986.0,12
394561,"El Paso, TX",msa,TX,2001,95812.0,12
394561,"El Paso, TX",msa,TX,2002,97687.0,12
394561,"El Paso, TX",msa,TX,2003,101191.0,12
394561,"El Paso, TX",msa,TX,2004,111450.0,12
394561,"El Paso, TX",msa,TX,2005,119718.0,12
394561,"El Paso, TX",msa,TX,2006,137245.0,12
394561,"El Paso, TX",msa,TX,2007,146653.0,12
394561,"El Paso, TX",msa,TX,2008,138468.0,12
394561,"El Paso, TX",msa,TX,2009,134784.0,12
394561,"El Paso, TX",msa,TX,2010,133900.0,12
394561,"El Paso, TX",msa,TX,2011,131542.0,12
394561,"El Paso, TX",msa,TX,2012,127215.0,12
394561,"El Paso, TX",msa,TX,2013,127070.0,12
394561,"El Paso, TX",msa,TX,2014,127936.0,12
394561,"El Paso, TX",msa,TX,2015,131271.0,12
394561,"El Paso, TX",msa,TX,2016,134970.0,12
394561,"El Paso, TX",msa,TX,2017,137832.0,12
394561,"El Paso, TX",msa,TX,2018,141587.0,12
394561,"El Paso, TX",msa,TX,2019,145785.0,12
394561,"El Paso, TX",msa,TX,2020,159237.0,12
394561,"El Paso, TX",msa,TX,2021,182333.0,12
394561,"El Paso, TX",msa,TX,2022,208333.0,12
394561,"El Paso, TX",msa,TX,2023,220653.0,12
394561,"El Paso, TX",msa,TX,2024,227961.0,12
394561,"El Paso, TX",msa,TX,2025,229806.0,12
394561,"El Paso, TX",msa,TX,2026,233302.0,7
394562,"Elizabeth City, NC",msa,NC,2008,196834.0,12
394562,"Elizabeth City, NC",msa,NC,2009,185683.0,12
394562,"Elizabeth City, NC",msa,NC,2010,176784.0,12
394562,"Elizabeth City, NC",msa,NC,2011,170025.0,12
394562,"Elizabeth City, NC",msa,NC,2012,170552.0,12
394562,"Elizabeth City, NC",msa,NC,2013,156422.0,12
394562,"Elizabeth City, NC",msa,NC,2014,151898.0,12
394562,"Elizabeth City, NC",msa,NC,2015,154259.0,12
394562,"Elizabeth City, NC",msa,NC,2016,151249.0,12
394562,"Elizabeth City, NC",msa,NC,2017,157333.0,12
394562,"Elizabeth City, NC",msa,NC,2018,165711.0,12
394562,"Elizabeth City, NC",msa,NC,2019,166298.0,12
394562,"Elizabeth City, NC",msa,NC,2020,186093.0,12
394562,"Elizabeth City, NC",msa,NC,2021,209588.0,12
394562,"Elizabeth City, NC",msa,NC,2022,235196.0,12
394562,"Elizabeth City, NC",msa,NC,2023,248814.0,12
394562,"Elizabeth City, NC",msa,NC,2024,260846.0,12
394562,"Elizabeth City, NC",msa,NC,2025,268679.0,12
394562,"Elizabeth City, NC",msa,NC,2026,273372.0,7
394563,"Elizabethtown, KY",msa,KY,2000,108662.0,12
394563,"Elizabethtown, KY",msa,KY,2001,110954.0,12
394563,"Elizabethtown, KY",msa,KY,2002,114778.0,12
394563,"Elizabethtown, KY",msa,KY,2003,119357.0,12
394563,"Elizabethtown, KY",msa,KY,2004,125160.0,12
394563,"Elizabethtown, KY",msa,KY,2005,134333.0,12
394563,"Elizabethtown, KY",msa,KY,2006,140348.0,12
394563,"Elizabethtown, KY",msa,KY,2007,141517.0,12
394563,"Elizabethtown, KY",msa,KY,2008,138925.0,12
394563,"Elizabethtown, KY",msa,KY,2009,138934.0,12
394563,"Elizabethtown, KY",msa,KY,2010,140300.0,12
394563,"Elizabethtown, KY",msa,KY,2011,126438.0,12
394563,"Elizabethtown, KY",msa,KY,2012,133165.0,12
394563,"Elizabethtown, KY",msa,KY,2013,132303.0,12
394563,"Elizabethtown, KY",msa,KY,2014,133935.0,12
394563,"Elizabethtown, KY",msa,KY,2015,133442.0,12
394563,"Elizabethtown, KY",msa,KY,2016,139055.0,12
394563,"Elizabethtown, KY",msa,KY,2017,148578.0,12
394563,"Elizabethtown, KY",msa,KY,2018,155487.0,12
394563,"Elizabethtown, KY",msa,KY,2019,165240.0,12
394563,"Elizabethtown, KY",msa,KY,2020,183914.0,12
394563,"Elizabethtown, KY",msa,KY,2021,206838.0,12
394563,"Elizabethtown, KY",msa,KY,2022,229969.0,12
394563,"Elizabethtown, KY",msa,KY,2023,237700.0,12
394563,"Elizabethtown, KY",msa,KY,2024,248855.0,12
394563,"Elizabethtown, KY",msa,KY,2025,253743.0,12
394563,"Elizabethtown, KY",msa,KY,2026,250243.0,7
394564,"Elk City, OK",msa,OK,2000,98419.0,12
394564,"Elk City, OK",msa,OK,2001,103619.0,12
394564,"Elk City, OK",msa,OK,2002,106484.0,12
394564,"Elk City, OK",msa,OK,2003,109838.0,12
394564,"Elk City, OK",msa,OK,2004,114660.0,12
394564,"Elk City, OK",msa,OK,2005,116989.0,12
394564,"Elk City, OK",msa,OK,2006,123718.0,12
394564,"Elk City, OK",msa,OK,2007,129534.0,12
394564,"Elk City, OK",msa,OK,2008,124409.0,12
394564,"Elk City, OK",msa,OK,2009,125125.0,12
394564,"Elk City, OK",msa,OK,2010,115447.0,12
394564,"Elk City, OK",msa,OK,2011,114736.0,12
394564,"Elk City, OK",msa,OK,2012,121296.0,12
394564,"Elk City, OK",msa,OK,2013,124956.0,12
394564,"Elk City, OK",msa,OK,2014,132500.0,12
394564,"Elk City, OK",msa,OK,2015,135391.0,12
394564,"Elk City, OK",msa,OK,2016,124161.0,12
394564,"Elk City, OK",msa,OK,2017,119749.0,12
394564,"Elk City, OK",msa,OK,2018,119017.0,12
394564,"Elk City, OK",msa,OK,2019,115187.0,12
394564,"Elk City, OK",msa,OK,2020,118982.0,12
394564,"Elk City, OK",msa,OK,2021,126090.0,12
394564,"Elk City, OK",msa,OK,2022,131813.0,12
394564,"Elk City, OK",msa,OK,2023,136147.0,12
394564,"Elk City, OK",msa,OK,2024,144775.0,12
394564,"Elk City, OK",msa,OK,2025,149816.0,12
394564,"Elk City, OK",msa,OK,2026,156780.0,7
394565,"Elkhart, IN",msa,IN,2005,116421.0,12
394565,"Elkhart, IN",msa,IN,2006,121498.0,12
394565,"Elkhart, IN",msa,IN,2007,123146.0,12
394565,"Elkhart, IN",msa,IN,2008,118518.0,12
394565,"Elkhart, IN",msa,IN,2009,116594.0,12
394565,"Elkhart, IN",msa,IN,2010,109662.0,12
394565,"Elkhart, IN",msa,IN,2011,106794.0,12
394565,"Elkhart, IN",msa,IN,2012,111655.0,12
394565,"Elkhart, IN",msa,IN,2013,116899.0,12
394565,"Elkhart, IN",msa,IN,2014,121802.0,12
394565,"Elkhart, IN",msa,IN,2015,129075.0,12
394565,"Elkhart, IN",msa,IN,2016,138803.0,12
394565,"Elkhart, IN",msa,IN,2017,147389.0,12
394565,"Elkhart, IN",msa,IN,2018,159315.0,12
394565,"Elkhart, IN",msa,IN,2019,167658.0,12
394565,"Elkhart, IN",msa,IN,2020,183678.0,12
394565,"Elkhart, IN",msa,IN,2021,208172.0,12
394565,"Elkhart, IN",msa,IN,2022,231036.0,12
394565,"Elkhart, IN",msa,IN,2023,238016.0,12
394565,"Elkhart, IN",msa,IN,2024,248263.0,12
394565,"Elkhart, IN",msa,IN,2025,261521.0,12
394565,"Elkhart, IN",msa,IN,2026,268109.0,7
753879,"Elkins, WV",msa,WV,2016,112585.0,12
753879,"Elkins, WV",msa,WV,2017,119336.0,12
753879,"Elkins, WV",msa,WV,2018,125131.0,12
753879,"Elkins, WV",msa,WV,2019,113807.0,12
753879,"Elkins, WV",msa,WV,2020,126146.0,12
753879,"Elkins, WV",msa,WV,2021,134805.0,12
753879,"Elkins, WV",msa,WV,2022,145597.0,12
753879,"Elkins, WV",msa,WV,2023,148985.0,12
753879,"Elkins, WV",msa,WV,2024,161504.0,12
753879,"Elkins, WV",msa,WV,2025,161942.0,12
753879,"Elkins, WV",msa,WV,2026,162252.0,7
394566,"Elko, NV",msa,NV,2009,235500.0,12
394566,"Elko, NV",msa,NV,2010,222442.0,12
394566,"Elko, NV",msa,NV,2011,209275.0,12
394566,"Elko, NV",msa,NV,2012,222616.0,12
394566,"Elko, NV",msa,NV,2013,232089.0,12
394566,"Elko, NV",msa,NV,2014,236497.0,12
394566,"Elko, NV",msa,NV,2015,243812.0,12
394566,"Elko, NV",msa,NV,2016,245465.0,12
394566,"Elko, NV",msa,NV,2017,249596.0,12
394566,"Elko, NV",msa,NV,2018,258334.0,12
394566,"Elko, NV",msa,NV,2019,270158.0,12
394566,"Elko, NV",msa,NV,2020,286991.0,12
394566,"Elko, NV",msa,NV,2021,320741.0,12
394566,"Elko, NV",msa,NV,2022,337335.0,12
394566,"Elko, NV",msa,NV,2023,346893.0,12
394566,"Elko, NV",msa,NV,2024,360138.0,12
394566,"Elko, NV",msa,NV,2025,367446.0,12
394566,"Elko, NV",msa,NV,2026,372246.0,7
394567,"Ellensburg, WA",msa,WA,2009,237907.0,12
394567,"Ellensburg, WA",msa,WA,2010,220755.0,12
394567,"Ellensburg, WA",msa,WA,2011,209980.0,12
394567,"Ellensburg, WA",msa,WA,2012,210438.0,12
394567,"Ellensburg, WA",msa,WA,2013,220164.0,12
394567,"Ellensburg, WA",msa,WA,2014,230241.0,12
394567,"Ellensburg, WA",msa,WA,2015,247417.0,12
394567,"Ellensburg, WA",msa,WA,2016,266509.0,12
394567,"Ellensburg, WA",msa,WA,2017,293258.0,12
394567,"Ellensburg, WA",msa,WA,2018,329064.0,12
394567,"Ellensburg, WA",msa,WA,2019,344447.0,12
394567,"Ellensburg, WA",msa,WA,2020,393520.0,12
394567,"Ellensburg, WA",msa,WA,2021,471733.0,12
394567,"Ellensburg, WA",msa,WA,2022,510017.0,12
394567,"Ellensburg, WA",msa,WA,2023,505720.0,12
394567,"Ellensburg, WA",msa,WA,2024,507672.0,12
394567,"Ellensburg, WA",msa,WA,2025,504145.0,12
394567,"Ellensburg, WA",msa,WA,2026,502439.0,7
394568,"Elmira, NY",msa,NY,2000,61768.0,12
394568,"Elmira, NY",msa,NY,2001,65107.0,12
394568,"Elmira, NY",msa,NY,2002,68760.0,10
394568,"Elmira, NY",msa,NY,2003,76229.0,12
394568,"Elmira, NY",msa,NY,2004,81795.0,12
394568,"Elmira, NY",msa,NY,2005,85697.0,12
394568,"Elmira, NY",msa,NY,2006,87785.0,12
394568,"Elmira, NY",msa,NY,2007,89240.0,12
394568,"Elmira, NY",msa,NY,2008,90434.0,12
394568,"Elmira, NY",msa,NY,2009,93696.0,12
394568,"Elmira, NY",msa,NY,2010,93873.0,12
394568,"Elmira, NY",msa,NY,2011,97738.0,12
394568,"Elmira, NY",msa,NY,2012,99766.0,12
394568,"Elmira, NY",msa,NY,2013,102438.0,12
394568,"Elmira, NY",msa,NY,2014,99691.0,12
394568,"Elmira, NY",msa,NY,2015,100195.0,12
394568,"Elmira, NY",msa,NY,2016,102079.0,12
394568,"Elmira, NY",msa,NY,2017,104018.0,12
394568,"Elmira, NY",msa,NY,2018,109501.0,12
394568,"Elmira, NY",msa,NY,2019,112793.0,12
394568,"Elmira, NY",msa,NY,2020,122311.0,12
394568,"Elmira, NY",msa,NY,2021,133707.0,12
394568,"Elmira, NY",msa,NY,2022,145459.0,12
394568,"Elmira, NY",msa,NY,2023,150423.0,12
394568,"Elmira, NY",msa,NY,2024,157321.0,12
394568,"Elmira, NY",msa,NY,2025,158573.0,12
394568,"Elmira, NY",msa,NY,2026,166759.0,7
394569,"Emporia, KS",msa,KS,2010,96252.0,12
394569,"Emporia, KS",msa,KS,2011,94959.0,12
394569,"Emporia, KS",msa,KS,2012,93542.0,12
394569,"Emporia, KS",msa,KS,2013,96045.0,12
394569,"Emporia, KS",msa,KS,2014,98718.0,12
394569,"Emporia, KS",msa,KS,2015,100656.0,12
394569,"Emporia, KS",msa,KS,2016,103870.0,12
394569,"Emporia, KS",msa,KS,2017,106543.0,12
394569,"Emporia, KS",msa,KS,2018,113044.0,12
394569,"Emporia, KS",msa,KS,2019,123245.0,12
394569,"Emporia, KS",msa,KS,2020,136845.0,12
394569,"Emporia, KS",msa,KS,2021,153432.0,12
394569,"Emporia, KS",msa,KS,2022,164120.0,12
394569,"Emporia, KS",msa,KS,2023,169687.0,12
394569,"Emporia, KS",msa,KS,2024,182184.0,12
394569,"Emporia, KS",msa,KS,2025,185588.0,12
394569,"Emporia, KS",msa,KS,2026,188712.0,7
394570,"Enid, OK",msa,OK,2000,74493.0,12
394570,"Enid, OK",msa,OK,2001,77592.0,12
394570,"Enid, OK",msa,OK,2002,79871.0,12
394570,"Enid, OK",msa,OK,2003,81425.0,9
394570,"Enid, OK",msa,OK,2004,85223.0,12
394570,"Enid, OK",msa,OK,2005,84844.0,12
394570,"Enid, OK",msa,OK,2006,90855.0,12
394570,"Enid, OK",msa,OK,2007,96167.0,12
394570,"Enid, OK",msa,OK,2008,89542.0,12
394570,"Enid, OK",msa,OK,2009,87528.0,12
394570,"Enid, OK",msa,OK,2010,84098.0,12
394570,"Enid, OK",msa,OK,2011,82412.0,12
394570,"Enid, OK",msa,OK,2012,85152.0,12
394570,"Enid, OK",msa,OK,2013,89442.0,12
394570,"Enid, OK",msa,OK,2014,93566.0,12
394570,"Enid, OK",msa,OK,2015,100843.0,12
394570,"Enid, OK",msa,OK,2016,105032.0,12
394570,"Enid, OK",msa,OK,2017,108548.0,12
394570,"Enid, OK",msa,OK,2018,106168.0,12
394570,"Enid, OK",msa,OK,2019,106542.0,12
394570,"Enid, OK",msa,OK,2020,112868.0,12
394570,"Enid, OK",msa,OK,2021,120213.0,12
394570,"Enid, OK",msa,OK,2022,124468.0,12
394570,"Enid, OK",msa,OK,2023,131420.0,12
394570,"Enid, OK",msa,OK,2024,135622.0,12
394570,"Enid, OK",msa,OK,2025,140046.0,12
394570,"Enid, OK",msa,OK,2026,142443.0,7
394571,"Enterprise, AL",msa,AL,2012,121571.0,12
394571,"Enterprise, AL",msa,AL,2013,126908.0,12
394571,"Enterprise, AL",msa,AL,2014,121784.0,12
394571,"Enterprise, AL",msa,AL,2015,123487.0,12
394571,"Enterprise, AL",msa,AL,2016,122145.0,12
394571,"Enterprise, AL",msa,AL,2017,126662.0,12
394571,"Enterprise, AL",msa,AL,2018,128296.0,12
394571,"Enterprise, AL",msa,AL,2019,133616.0,12
394571,"Enterprise, AL",msa,AL,2020,143955.0,12
394571,"Enterprise, AL",msa,AL,2021,159691.0,12
394571,"Enterprise, AL",msa,AL,2022,170193.0,12
394571,"Enterprise, AL",msa,AL,2023,179290.0,12
394571,"Enterprise, AL",msa,AL,2024,185667.0,12
394571,"Enterprise, AL",msa,AL,2025,183604.0,12
394571,"Enterprise, AL",msa,AL,2026,183803.0,7
394572,"Erie, PA",msa,PA,2000,91516.0,12
394572,"Erie, PA",msa,PA,2001,95183.0,12
394572,"Erie, PA",msa,PA,2002,98576.0,12
394572,"Erie, PA",msa,PA,2003,102373.0,12
394572,"Erie, PA",msa,PA,2004,107578.0,12
394572,"Erie, PA",msa,PA,2005,112081.0,12
394572,"Erie, PA",msa,PA,2006,114540.0,12
394572,"Erie, PA",msa,PA,2007,114994.0,12
394572,"Erie, PA",msa,PA,2008,115214.0,12
394572,"Erie, PA",msa,PA,2009,118003.0,12
394572,"Erie, PA",msa,PA,2010,118709.0,12
394572,"Erie, PA",msa,PA,2011,119206.0,12
394572,"Erie, PA",msa,PA,2012,120765.0,12
394572,"Erie, PA",msa,PA,2013,122895.0,12
394572,"Erie, PA",msa,PA,2014,122689.0,12
394572,"Erie, PA",msa,PA,2015,124803.0,12
394572,"Erie, PA",msa,PA,2016,128519.0,12
394572,"Erie, PA",msa,PA,2017,131441.0,12
394572,"Erie, PA",msa,PA,2018,132637.0,12
394572,"Erie, PA",msa,PA,2019,137625.0,12
394572,"Erie, PA",msa,PA,2020,149920.0,12
394572,"Erie, PA",msa,PA,2021,164849.0,12
394572,"Erie, PA",msa,PA,2022,180919.0,12
394572,"Erie, PA",msa,PA,2023,193631.0,12
394572,"Erie, PA",msa,PA,2024,207592.0,12
394572,"Erie, PA",msa,PA,2025,219439.0,12
394572,"Erie, PA",msa,PA,2026,226767.0,7
394573,"Escanaba, MI",msa,MI,2011,100431.0,12
394573,"Escanaba, MI",msa,MI,2012,107762.0,12
394573,"Escanaba, MI",msa,MI,2013,112508.0,12
394573,"Escanaba, MI",msa,MI,2014,104538.0,12
394573,"Escanaba, MI",msa,MI,2015,111420.0,12
394573,"Escanaba, MI",msa,MI,2016,108819.0,12
394573,"Escanaba, MI",msa,MI,2017,114790.0,12
394573,"Escanaba, MI",msa,MI,2018,116144.0,12
394573,"Escanaba, MI",msa,MI,2019,123364.0,12
394573,"Escanaba, MI",msa,MI,2020,135116.0,12
394573,"Escanaba, MI",msa,MI,2021,149369.0,12
394573,"Escanaba, MI",msa,MI,2022,158417.0,12
394573,"Escanaba, MI",msa,MI,2023,168889.0,12
394573,"Escanaba, MI",msa,MI,2024,184438.0,12
394573,"Escanaba, MI",msa,MI,2025,200815.0,12
394573,"Escanaba, MI",msa,MI,2026,208170.0,7
394574,"Espa±ola, NM",msa,NM,2012,201158.0,12
394574,"Espa±ola, NM",msa,NM,2013,192398.0,12
394574,"Espa±ola, NM",msa,NM,2014,200134.0,12
394574,"Espa±ola, NM",msa,NM,2015,201030.0,12
394574,"Espa±ola, NM",msa,NM,2016,211843.0,12
394574,"Espa±ola, NM",msa,NM,2017,210002.0,12
394574,"Espa±ola, NM",msa,NM,2018,225538.0,12
394574,"Espa±ola, NM",msa,NM,2019,237589.0,12
394574,"Espa±ola, NM",msa,NM,2020,271606.0,12
394574,"Espa±ola, NM",msa,NM,2021,302754.0,12
394574,"Espa±ola, NM",msa,NM,2022,301751.0,12
394574,"Espa±ola, NM",msa,NM,2023,313991.0,12
394574,"Espa±ola, NM",msa,NM,2024,325238.0,12
394574,"Espa±ola, NM",msa,NM,2025,333584.0,12
394574,"Espa±ola, NM",msa,NM,2026,339798.0,7
394576,"Eugene, OR",msa,OR,2000,154676.0,12
394576,"Eugene, OR",msa,OR,2001,157000.0,12
394576,"Eugene, OR",msa,OR,2002,162201.0,12
394576,"Eugene, OR",msa,OR,2003,173741.0,12
394576,"Eugene, OR",msa,OR,2004,192544.0,12
394576,"Eugene, OR",msa,OR,2005,227194.0,12
394576,"Eugene, OR",msa,OR,2006,256999.0,12
394576,"Eugene, OR",msa,OR,2007,261826.0,12
394576,"Eugene, OR",msa,OR,2008,236834.0,12
394576,"Eugene, OR",msa,OR,2009,220892.0,12
394576,"Eugene, OR",msa,OR,2010,207672.0,12
394576,"Eugene, OR",msa,OR,2011,190778.0,12
394576,"Eugene, OR",msa,OR,2012,191320.0,12
394576,"Eugene, OR",msa,OR,2013,206074.0,12
394576,"Eugene, OR",msa,OR,2014,219441.0,12
394576,"Eugene, OR",msa,OR,2015,236144.0,12
394576,"Eugene, OR",msa,OR,2016,258228.0,12
394576,"Eugene, OR",msa,OR,2017,281462.0,12
394576,"Eugene, OR",msa,OR,2018,301580.0,12
394576,"Eugene, OR",msa,OR,2019,320274.0,12
394576,"Eugene, OR",msa,OR,2020,359822.0,12
394576,"Eugene, OR",msa,OR,2021,420795.0,12
394576,"Eugene, OR",msa,OR,2022,449399.0,12
394576,"Eugene, OR",msa,OR,2023,455981.0,12
394576,"Eugene, OR",msa,OR,2024,462194.0,12
394576,"Eugene, OR",msa,OR,2025,461225.0,12
394576,"Eugene, OR",msa,OR,2026,461511.0,7
394577,"Eureka, CA",msa,CA,2001,183411.0,12
394577,"Eureka, CA",msa,CA,2002,210402.0,12
394577,"Eureka, CA",msa,CA,2003,258833.0,12
394577,"Eureka, CA",msa,CA,2004,317277.0,12
394577,"Eureka, CA",msa,CA,2005,392066.0,12
394577,"Eureka, CA",msa,CA,2006,396909.0,12
394577,"Eureka, CA",msa,CA,2007,394467.0,12
394577,"Eureka, CA",msa,CA,2008,360168.0,12
394577,"Eureka, CA",msa,CA,2009,328462.0,12
394577,"Eureka, CA",msa,CA,2010,331727.0,12
394577,"Eureka, CA",msa,CA,2011,310256.0,12
394577,"Eureka, CA",msa,CA,2012,288470.0,12
394577,"Eureka, CA",msa,CA,2013,304173.0,12
394577,"Eureka, CA",msa,CA,2014,309441.0,12
394577,"Eureka, CA",msa,CA,2015,326478.0,12
394577,"Eureka, CA",msa,CA,2016,353308.0,12
394577,"Eureka, CA",msa,CA,2017,383126.0,12
394577,"Eureka, CA",msa,CA,2018,386721.0,12
394577,"Eureka, CA",msa,CA,2019,415874.0,12
394577,"Eureka, CA",msa,CA,2020,426126.0,12
394577,"Eureka, CA",msa,CA,2021,478557.0,12
394577,"Eureka, CA",msa,CA,2022,487722.0,12
394577,"Eureka, CA",msa,CA,2023,464091.0,12
394577,"Eureka, CA",msa,CA,2024,452459.0,12
394577,"Eureka, CA",msa,CA,2025,429784.0,12
394577,"Eureka, CA",msa,CA,2026,422965.0,7
394578,"Evanston, WY",msa,WY,2009,161759.0,12
394578,"Evanston, WY",msa,WY,2010,161632.0,12
394578,"Evanston, WY",msa,WY,2011,164522.0,12
394578,"Evanston, WY",msa,WY,2012,175814.0,12
394578,"Evanston, WY",msa,WY,2013,178718.0,12
394578,"Evanston, WY",msa,WY,2014,178523.0,12
394578,"Evanston, WY",msa,WY,2015,182162.0,12
394578,"Evanston, WY",msa,WY,2016,186425.0,12
394578,"Evanston, WY",msa,WY,2017,189221.0,12
394578,"Evanston, WY",msa,WY,2018,193987.0,12
394578,"Evanston, WY",msa,WY,2019,202282.0,12
394578,"Evanston, WY",msa,WY,2020,221664.0,12
394578,"Evanston, WY",msa,WY,2021,260819.0,12
394578,"Evanston, WY",msa,WY,2022,297873.0,12
394578,"Evanston, WY",msa,WY,2023,304778.0,12
394578,"Evanston, WY",msa,WY,2024,318797.0,12
394578,"Evanston, WY",msa,WY,2025,329551.0,12
394578,"Evanston, WY",msa,WY,2026,337810.0,7
394579,"Evansville, IN",msa,IN,2000,102018.0,12
394579,"Evansville, IN",msa,IN,2001,106240.0,12
394579,"Evansville, IN",msa,IN,2002,107316.0,12
394579,"Evansville, IN",msa,IN,2003,108899.0,12
394579,"Evansville, IN",msa,IN,2004,111983.0,12
394579,"Evansville, IN",msa,IN,2005,115331.0,12
394579,"Evansville, IN",msa,IN,2006,116490.0,12
394579,"Evansville, IN",msa,IN,2007,117668.0,12
394579,"Evansville, IN",msa,IN,2008,114587.0,12
394579,"Evansville, IN",msa,IN,2009,110405.0,12
394579,"Evansville, IN",msa,IN,2010,111949.0,12
394579,"Evansville, IN",msa,IN,2011,111407.0,12
394579,"Evansville, IN",msa,IN,2012,112232.0,12
394579,"Evansville, IN",msa,IN,2013,114310.0,12
394579,"Evansville, IN",msa,IN,2014,117263.0,12
394579,"Evansville, IN",msa,IN,2015,121793.0,12
394579,"Evansville, IN",msa,IN,2016,128102.0,12
394579,"Evansville, IN",msa,IN,2017,133699.0,12
394579,"Evansville, IN",msa,IN,2018,139911.0,12
394579,"Evansville, IN",msa,IN,2019,146705.0,12
394579,"Evansville, IN",msa,IN,2020,160041.0,12
394579,"Evansville, IN",msa,IN,2021,179853.0,12
394579,"Evansville, IN",msa,IN,2022,193955.0,12
394579,"Evansville, IN",msa,IN,2023,204659.0,12
394579,"Evansville, IN",msa,IN,2024,215078.0,12
394579,"Evansville, IN",msa,IN,2025,223717.0,12
394579,"Evansville, IN",msa,IN,2026,228373.0,7
394580,"Fairbanks, AK",msa,AK,2005,202405.0,12
394580,"Fairbanks, AK",msa,AK,2006,220838.0,12
394580,"Fairbanks, AK",msa,AK,2007,236869.0,12
394580,"Fairbanks, AK",msa,AK,2008,232132.0,12
394580,"Fairbanks, AK",msa,AK,2009,228146.0,12
394580,"Fairbanks, AK",msa,AK,2010,231032.0,12
394580,"Fairbanks, AK",msa,AK,2011,229463.0,12
394580,"Fairbanks, AK",msa,AK,2012,229023.0,12
394580,"Fairbanks, AK",msa,AK,2013,226404.0,12
394580,"Fairbanks, AK",msa,AK,2014,224491.0,12
394580,"Fairbanks, AK",msa,AK,2015,233107.0,12
394580,"Fairbanks, AK",msa,AK,2016,243260.0,12
394580,"Fairbanks, AK",msa,AK,2017,256986.0,12
394580,"Fairbanks, AK",msa,AK,2018,257446.0,12
394580,"Fairbanks, AK",msa,AK,2019,280000.0,12
394580,"Fairbanks, AK",msa,AK,2020,287653.0,12
394580,"Fairbanks, AK",msa,AK,2021,301543.0,12
394580,"Fairbanks, AK",msa,AK,2022,306404.0,12
394580,"Fairbanks, AK",msa,AK,2023,300206.0,12
394580,"Fairbanks, AK",msa,AK,2024,308689.0,12
394580,"Fairbanks, AK",msa,AK,2025,303000.0,12
394580,"Fairbanks, AK",msa,AK,2026,317116.0,7
753880,"Fairfield, IA",msa,IA,2009,91050.0,12
753880,"Fairfield, IA",msa,IA,2010,90028.0,12
753880,"Fairfield, IA",msa,IA,2011,92382.0,12
753880,"Fairfield, IA",msa,IA,2012,96522.0,12
753880,"Fairfield, IA",msa,IA,2013,108427.0,12
753880,"Fairfield, IA",msa,IA,2014,110750.0,12
753880,"Fairfield, IA",msa,IA,2015,117124.0,12
753880,"Fairfield, IA",msa,IA,2016,121801.0,12
753880,"Fairfield, IA",msa,IA,2017,123356.0,12
753880,"Fairfield, IA",msa,IA,2018,128157.0,12
753880,"Fairfield, IA",msa,IA,2019,133181.0,12
753880,"Fairfield, IA",msa,IA,2020,142032.0,12
753880,"Fairfield, IA",msa,IA,2021,156630.0,12
753880,"Fairfield, IA",msa,IA,2022,172472.0,12
753880,"Fairfield, IA",msa,IA,2023,167196.0,12
753880,"Fairfield, IA",msa,IA,2024,175606.0,12
753880,"Fairfield, IA",msa,IA,2025,184289.0,12
753880,"Fairfield, IA",msa,IA,2026,186550.0,7
394582,"Fairmont, WV",msa,WV,2004,85927.0,12
394582,"Fairmont, WV",msa,WV,2005,95163.0,12
394582,"Fairmont, WV",msa,WV,2006,98058.0,12
394582,"Fairmont, WV",msa,WV,2007,101761.0,12
394582,"Fairmont, WV",msa,WV,2008,104778.0,12
394582,"Fairmont, WV",msa,WV,2009,102046.0,12
394582,"Fairmont, WV",msa,WV,2010,101063.0,12
394582,"Fairmont, WV",msa,WV,2011,100442.0,12
394582,"Fairmont, WV",msa,WV,2012,108812.0,12
394582,"Fairmont, WV",msa,WV,2013,99643.0,12
394582,"Fairmont, WV",msa,WV,2014,101607.0,12
394582,"Fairmont, WV",msa,WV,2015,109209.0,12
394582,"Fairmont, WV",msa,WV,2016,108706.0,12
394582,"Fairmont, WV",msa,WV,2017,112455.0,12
394582,"Fairmont, WV",msa,WV,2018,119650.0,12
394582,"Fairmont, WV",msa,WV,2019,123250.0,12
394582,"Fairmont, WV",msa,WV,2020,134743.0,12
394582,"Fairmont, WV",msa,WV,2021,144311.0,12
394582,"Fairmont, WV",msa,WV,2022,154016.0,12
394582,"Fairmont, WV",msa,WV,2023,155644.0,12
394582,"Fairmont, WV",msa,WV,2024,161995.0,12
394582,"Fairmont, WV",msa,WV,2025,163175.0,12
394582,"Fairmont, WV",msa,WV,2026,168926.0,7
394584,"Fallon, NV",msa,NV,2009,149922.0,12
394584,"Fallon, NV",msa,NV,2010,133249.0,12
394584,"Fallon, NV",msa,NV,2011,119844.0,12
394584,"Fallon, NV",msa,NV,2012,127639.0,12
394584,"Fallon, NV",msa,NV,2013,144840.0,12
394584,"Fallon, NV",msa,NV,2014,154189.0,12
394584,"Fallon, NV",msa,NV,2015,172130.0,12
394584,"Fallon, NV",msa,NV,2016,188545.0,12
394584,"Fallon, NV",msa,NV,2017,209677.0,12
394584,"Fallon, NV",msa,NV,2018,242135.0,12
394584,"Fallon, NV",msa,NV,2019,260608.0,12
394584,"Fallon, NV",msa,NV,2020,284844.0,12
394584,"Fallon, NV",msa,NV,2021,349235.0,12
394584,"Fallon, NV",msa,NV,2022,362555.0,12
394584,"Fallon, NV",msa,NV,2023,362974.0,12
394584,"Fallon, NV",msa,NV,2024,379102.0,12
394584,"Fallon, NV",msa,NV,2025,388177.0,12
394584,"Fallon, NV",msa,NV,2026,395544.0,7
394585,"Fargo, ND",msa,ND,2009,190696.0,12
394585,"Fargo, ND",msa,ND,2010,189945.0,12
394585,"Fargo, ND",msa,ND,2011,179069.0,12
394585,"Fargo, ND",msa,ND,2012,180765.0,12
394585,"Fargo, ND",msa,ND,2013,190852.0,12
394585,"Fargo, ND",msa,ND,2014,203767.0,12
394585,"Fargo, ND",msa,ND,2015,225926.0,12
394585,"Fargo, ND",msa,ND,2016,239065.0,12
394585,"Fargo, ND",msa,ND,2017,241518.0,12
394585,"Fargo, ND",msa,ND,2018,241884.0,12
394585,"Fargo, ND",msa,ND,2019,255788.0,12
394585,"Fargo, ND",msa,ND,2020,261950.0,12
394585,"Fargo, ND",msa,ND,2021,283839.0,12
394585,"Fargo, ND",msa,ND,2022,301017.0,12
394585,"Fargo, ND",msa,ND,2023,303990.0,12
394585,"Fargo, ND",msa,ND,2024,316256.0,12
394585,"Fargo, ND",msa,ND,2025,327260.0,12
394585,"Fargo, ND",msa,ND,2026,330476.0,7
394586,"Faribault, MN",msa,MN,2000,136595.0,12
394586,"Faribault, MN",msa,MN,2001,148724.0,12
394586,"Faribault, MN",msa,MN,2002,160567.0,12
394586,"Faribault, MN",msa,MN,2003,174883.0,12
394586,"Faribault, MN",msa,MN,2004,188222.0,12
394586,"Faribault, MN",msa,MN,2005,204245.0,12
394586,"Faribault, MN",msa,MN,2006,205806.0,12
394586,"Faribault, MN",msa,MN,2007,198982.0,12
394586,"Faribault, MN",msa,MN,2008,188709.0,12
394586,"Faribault, MN",msa,MN,2009,173782.0,12
394586,"Faribault, MN",msa,MN,2010,170246.0,12
394586,"Faribault, MN",msa,MN,2011,152028.0,12
394586,"Faribault, MN",msa,MN,2012,162296.0,12
394586,"Faribault, MN",msa,MN,2013,172120.0,12
394586,"Faribault, MN",msa,MN,2014,180654.0,12
394586,"Faribault, MN",msa,MN,2015,190383.0,12
394586,"Faribault, MN",msa,MN,2016,204509.0,12
394586,"Faribault, MN",msa,MN,2017,222403.0,12
394586,"Faribault, MN",msa,MN,2018,234754.0,12
394586,"Faribault, MN",msa,MN,2019,246630.0,12
394586,"Faribault, MN",msa,MN,2020,268454.0,12
394586,"Faribault, MN",msa,MN,2021,299774.0,12
394586,"Faribault, MN",msa,MN,2022,317405.0,12
394586,"Faribault, MN",msa,MN,2023,328129.0,12
394586,"Faribault, MN",msa,MN,2024,340280.0,12
394586,"Faribault, MN",msa,MN,2025,353735.0,12
394586,"Faribault, MN",msa,MN,2026,355932.0,7
394587,"Farmington, MO",msa,MO,2011,81402.0,12
394587,"Farmington, MO",msa,MO,2012,82762.0,12
394587,"Farmington, MO",msa,MO,2013,85660.0,12
394587,"Farmington, MO",msa,MO,2014,91593.0,12
394587,"Farmington, MO",msa,MO,2015,104669.0,12
394587,"Farmington, MO",msa,MO,2016,112980.0,12
394587,"Farmington, MO",msa,MO,2017,113534.0,12
394587,"Farmington, MO",msa,MO,2018,120299.0,12
394587,"Farmington, MO",msa,MO,2019,125719.0,12
394587,"Farmington, MO",msa,MO,2020,140141.0,12
394587,"Farmington, MO",msa,MO,2021,158891.0,12
394587,"Farmington, MO",msa,MO,2022,173725.0,12
394587,"Farmington, MO",msa,MO,2023,179797.0,12
394587,"Farmington, MO",msa,MO,2024,188256.0,12
394587,"Farmington, MO",msa,MO,2025,191530.0,12
394587,"Farmington, MO",msa,MO,2026,194693.0,7
394588,"Farmington, NM",msa,NM,2009,163243.0,12
394588,"Farmington, NM",msa,NM,2010,156029.0,12
394588,"Farmington, NM",msa,NM,2011,159744.0,12
394588,"Farmington, NM",msa,NM,2012,166606.0,12
394588,"Farmington, NM",msa,NM,2013,166328.0,12
394588,"Farmington, NM",msa,NM,2014,179313.0,12
394588,"Farmington, NM",msa,NM,2015,179537.0,12
394588,"Farmington, NM",msa,NM,2016,179409.0,12
394588,"Farmington, NM",msa,NM,2017,182457.0,12
394588,"Farmington, NM",msa,NM,2018,187438.0,12
394588,"Farmington, NM",msa,NM,2019,195995.0,12
394588,"Farmington, NM",msa,NM,2020,200465.0,12
394588,"Farmington, NM",msa,NM,2021,215497.0,12
394588,"Farmington, NM",msa,NM,2022,235551.0,12
394588,"Farmington, NM",msa,NM,2023,246971.0,12
394588,"Farmington, NM",msa,NM,2024,262411.0,12
394588,"Farmington, NM",msa,NM,2025,267301.0,12
394588,"Farmington, NM",msa,NM,2026,276704.0,7
394590,"Fayetteville, AR",msa,AR,2000,127658.0,12
394590,"Fayetteville, AR",msa,AR,2001,132074.0,12
394590,"Fayetteville, AR",msa,AR,2002,137165.0,12
394590,"Fayetteville, AR",msa,AR,2003,134230.0,12
394590,"Fayetteville, AR",msa,AR,2004,149346.0,12
394590,"Fayetteville, AR",msa,AR,2005,168039.0,12
394590,"Fayetteville, AR",msa,AR,2006,176399.0,12
394590,"Fayetteville, AR",msa,AR,2007,171723.0,12
394590,"Fayetteville, AR",msa,AR,2008,160542.0,12
394590,"Fayetteville, AR",msa,AR,2009,151038.0,12
394590,"Fayetteville, AR",msa,AR,2010,140753.0,12
394590,"Fayetteville, AR",msa,AR,2011,135337.0,12
394590,"Fayetteville, AR",msa,AR,2012,142287.0,12
394590,"Fayetteville, AR",msa,AR,2013,151069.0,12
394590,"Fayetteville, AR",msa,AR,2014,157081.0,12
394590,"Fayetteville, AR",msa,AR,2015,165594.0,12
394590,"Fayetteville, AR",msa,AR,2016,179224.0,12
394590,"Fayetteville, AR",msa,AR,2017,191457.0,12
394590,"Fayetteville, AR",msa,AR,2018,200184.0,12
394590,"Fayetteville, AR",msa,AR,2019,211907.0,12
394590,"Fayetteville, AR",msa,AR,2020,236271.0,12
394590,"Fayetteville, AR",msa,AR,2021,286654.0,12
394590,"Fayetteville, AR",msa,AR,2022,326410.0,12
394590,"Fayetteville, AR",msa,AR,2023,339660.0,12
394590,"Fayetteville, AR",msa,AR,2024,352687.0,12
394590,"Fayetteville, AR",msa,AR,2025,364698.0,12
394590,"Fayetteville, AR",msa,AR,2026,368527.0,7
394589,"Fayetteville, NC",msa,NC,2000,116683.0,12
394589,"Fayetteville, NC",msa,NC,2001,116399.0,12
394589,"Fayetteville, NC",msa,NC,2002,118301.0,12
394589,"Fayetteville, NC",msa,NC,2003,120817.0,12
394589,"Fayetteville, NC",msa,NC,2004,125809.0,12
394589,"Fayetteville, NC",msa,NC,2005,131770.0,12
394589,"Fayetteville, NC",msa,NC,2006,139760.0,12
394589,"Fayetteville, NC",msa,NC,2007,146995.0,12
394589,"Fayetteville, NC",msa,NC,2008,149181.0,12
394589,"Fayetteville, NC",msa,NC,2009,149216.0,12
394589,"Fayetteville, NC",msa,NC,2010,150265.0,12
394589,"Fayetteville, NC",msa,NC,2011,146620.0,12
394589,"Fayetteville, NC",msa,NC,2012,143233.0,12
394589,"Fayetteville, NC",msa,NC,2013,141737.0,12
394589,"Fayetteville, NC",msa,NC,2014,140160.0,12
394589,"Fayetteville, NC",msa,NC,2015,139130.0,12
394589,"Fayetteville, NC",msa,NC,2016,140544.0,12
394589,"Fayetteville, NC",msa,NC,2017,144841.0,12
394589,"Fayetteville, NC",msa,NC,2018,149556.0,12
394589,"Fayetteville, NC",msa,NC,2019,156676.0,12
394589,"Fayetteville, NC",msa,NC,2020,172811.0,12
394589,"Fayetteville, NC",msa,NC,2021,194789.0,12
394589,"Fayetteville, NC",msa,NC,2022,231421.0,12
394589,"Fayetteville, NC",msa,NC,2023,248814.0,12
394589,"Fayetteville, NC",msa,NC,2024,257035.0,12
394589,"Fayetteville, NC",msa,NC,2025,257506.0,12
394589,"Fayetteville, NC",msa,NC,2026,257053.0,7
394591,"Fergus Falls, MN",msa,MN,2012,153732.0,12
394591,"Fergus Falls, MN",msa,MN,2013,159006.0,12
394591,"Fergus Falls, MN",msa,MN,2014,164242.0,12
394591,"Fergus Falls, MN",msa,MN,2015,174699.0,12
394591,"Fergus Falls, MN",msa,MN,2016,184968.0,12
394591,"Fergus Falls, MN",msa,MN,2017,193883.0,12
394591,"Fergus Falls, MN",msa,MN,2018,203542.0,12
394591,"Fergus Falls, MN",msa,MN,2019,218417.0,12
394591,"Fergus Falls, MN",msa,MN,2020,239920.0,12
394591,"Fergus Falls, MN",msa,MN,2021,272772.0,12
394591,"Fergus Falls, MN",msa,MN,2022,289624.0,12
394591,"Fergus Falls, MN",msa,MN,2023,301558.0,12
394591,"Fergus Falls, MN",msa,MN,2024,319396.0,12
394591,"Fergus Falls, MN",msa,MN,2025,328450.0,12
394591,"Fergus Falls, MN",msa,MN,2026,340820.0,7
394592,"Fernley, NV",msa,NV,2007,206730.0,12
394592,"Fernley, NV",msa,NV,2008,158982.0,12
394592,"Fernley, NV",msa,NV,2009,130634.0,12
394592,"Fernley, NV",msa,NV,2010,116336.0,12
394592,"Fernley, NV",msa,NV,2011,104347.0,12
394592,"Fernley, NV",msa,NV,2012,114724.0,12
394592,"Fernley, NV",msa,NV,2013,149808.0,12
394592,"Fernley, NV",msa,NV,2014,164358.0,12
394592,"Fernley, NV",msa,NV,2015,189248.0,12
394592,"Fernley, NV",msa,NV,2016,215166.0,12
394592,"Fernley, NV",msa,NV,2017,247660.0,12
394592,"Fernley, NV",msa,NV,2018,279853.0,12
394592,"Fernley, NV",msa,NV,2019,294556.0,12
394592,"Fernley, NV",msa,NV,2020,325096.0,12
394592,"Fernley, NV",msa,NV,2021,402649.0,12
394592,"Fernley, NV",msa,NV,2022,409898.0,12
394592,"Fernley, NV",msa,NV,2023,398693.0,12
394592,"Fernley, NV",msa,NV,2024,413258.0,12
394592,"Fernley, NV",msa,NV,2025,414548.0,12
394592,"Fernley, NV",msa,NV,2026,422126.0,7
394593,"Findlay, OH",msa,OH,2000,123008.0,12
394593,"Findlay, OH",msa,OH,2001,125199.0,12
394593,"Findlay, OH",msa,OH,2002,127722.0,12
394593,"Findlay, OH",msa,OH,2003,133741.0,12
394593,"Findlay, OH",msa,OH,2004,138001.0,12
394593,"Findlay, OH",msa,OH,2005,140441.0,12
394593,"Findlay, OH",msa,OH,2006,144321.0,12
394593,"Findlay, OH",msa,OH,2007,137438.0,12
394593,"Findlay, OH",msa,OH,2008,139669.0,12
394593,"Findlay, OH",msa,OH,2009,135713.0,12
394593,"Findlay, OH",msa,OH,2010,129723.0,12
394593,"Findlay, OH",msa,OH,2011,123595.0,12
394593,"Findlay, OH",msa,OH,2012,119697.0,12
394593,"Findlay, OH",msa,OH,2013,124124.0,12
394593,"Findlay, OH",msa,OH,2014,128951.0,12
394593,"Findlay, OH",msa,OH,2015,137039.0,12
394593,"Findlay, OH",msa,OH,2016,142995.0,12
394593,"Findlay, OH",msa,OH,2017,149710.0,12
394593,"Findlay, OH",msa,OH,2018,156497.0,12
394593,"Findlay, OH",msa,OH,2019,161909.0,12
394593,"Findlay, OH",msa,OH,2020,179880.0,12
394593,"Findlay, OH",msa,OH,2021,193342.0,12
394593,"Findlay, OH",msa,OH,2022,209199.0,12
394593,"Findlay, OH",msa,OH,2023,220947.0,12
394593,"Findlay, OH",msa,OH,2024,232541.0,12
394593,"Findlay, OH",msa,OH,2025,238357.0,12
394593,"Findlay, OH",msa,OH,2026,243653.0,7
394594,"Fitzgerald, GA",msa,GA,2000,64376.0,12
394594,"Fitzgerald, GA",msa,GA,2001,68274.0,12
394594,"Fitzgerald, GA",msa,GA,2002,70737.0,12
394594,"Fitzgerald, GA",msa,GA,2003,71860.0,12
394594,"Fitzgerald, GA",msa,GA,2004,75141.0,12
394594,"Fitzgerald, GA",msa,GA,2005,79980.0,12
394594,"Fitzgerald, GA",msa,GA,2006,83238.0,12
394594,"Fitzgerald, GA",msa,GA,2007,85004.0,12
394594,"Fitzgerald, GA",msa,GA,2008,82613.0,12
394594,"Fitzgerald, GA",msa,GA,2009,76995.0,12
394594,"Fitzgerald, GA",msa,GA,2010,74097.0,12
394594,"Fitzgerald, GA",msa,GA,2011,69153.0,12
394594,"Fitzgerald, GA",msa,GA,2012,69735.0,12
394594,"Fitzgerald, GA",msa,GA,2013,70706.0,12
394594,"Fitzgerald, GA",msa,GA,2014,68093.0,12
394594,"Fitzgerald, GA",msa,GA,2015,68496.0,12
394594,"Fitzgerald, GA",msa,GA,2016,70670.0,12
394594,"Fitzgerald, GA",msa,GA,2017,72191.0,12
394594,"Fitzgerald, GA",msa,GA,2018,77660.0,12
394594,"Fitzgerald, GA",msa,GA,2019,79379.0,12
394594,"Fitzgerald, GA",msa,GA,2020,91485.0,12
394594,"Fitzgerald, GA",msa,GA,2021,110382.0,12
394594,"Fitzgerald, GA",msa,GA,2022,128977.0,12
394594,"Fitzgerald, GA",msa,GA,2023,125124.0,12
394594,"Fitzgerald, GA",msa,GA,2024,131405.0,12
394594,"Fitzgerald, GA",msa,GA,2025,125106.0,12
394594,"Fitzgerald, GA",msa,GA,2026,126062.0,7
394595,"Flagstaff, AZ",msa,AZ,2000,156302.0,12
394595,"Flagstaff, AZ",msa,AZ,2001,165918.0,12
394595,"Flagstaff, AZ",msa,AZ,2002,176205.0,12
394595,"Flagstaff, AZ",msa,AZ,2003,193539.0,12
394595,"Flagstaff, AZ",msa,AZ,2004,224652.0,12
394595,"Flagstaff, AZ",msa,AZ,2005,294066.0,12
394595,"Flagstaff, AZ",msa,AZ,2006,324728.0,12
394595,"Flagstaff, AZ",msa,AZ,2007,321756.0,12
394595,"Flagstaff, AZ",msa,AZ,2008,282245.0,12
394595,"Flagstaff, AZ",msa,AZ,2009,260138.0,12
394595,"Flagstaff, AZ",msa,AZ,2010,234351.0,12
394595,"Flagstaff, AZ",msa,AZ,2011,219398.0,12
394595,"Flagstaff, AZ",msa,AZ,2012,231898.0,12
394595,"Flagstaff, AZ",msa,AZ,2013,255666.0,12
394595,"Flagstaff, AZ",msa,AZ,2014,274997.0,12
394595,"Flagstaff, AZ",msa,AZ,2015,296271.0,12
394595,"Flagstaff, AZ",msa,AZ,2016,317005.0,12
394595,"Flagstaff, AZ",msa,AZ,2017,339106.0,12
394595,"Flagstaff, AZ",msa,AZ,2018,356527.0,12
394595,"Flagstaff, AZ",msa,AZ,2019,376387.0,12
394595,"Flagstaff, AZ",msa,AZ,2020,421405.0,12
394595,"Flagstaff, AZ",msa,AZ,2021,537336.0,12
394595,"Flagstaff, AZ",msa,AZ,2022,584815.0,12
394595,"Flagstaff, AZ",msa,AZ,2023,606734.0,12
394595,"Flagstaff, AZ",msa,AZ,2024,627706.0,12
394595,"Flagstaff, AZ",msa,AZ,2025,634908.0,12
394595,"Flagstaff, AZ",msa,AZ,2026,628778.0,7
394596,"Flint, MI",msa,MI,2000,93110.0,12
394596,"Flint, MI",msa,MI,2001,97927.0,12
394596,"Flint, MI",msa,MI,2002,101516.0,12
394596,"Flint, MI",msa,MI,2003,106452.0,12
394596,"Flint, MI",msa,MI,2004,111050.0,12
394596,"Flint, MI",msa,MI,2005,114814.0,12
394596,"Flint, MI",msa,MI,2006,111880.0,12
394596,"Flint, MI",msa,MI,2007,103885.0,12
394596,"Flint, MI",msa,MI,2008,83063.0,12
394596,"Flint, MI",msa,MI,2009,68419.0,12
394596,"Flint, MI",msa,MI,2010,58383.0,12
394596,"Flint, MI",msa,MI,2011,49545.0,12
394596,"Flint, MI",msa,MI,2012,58040.0,12
394596,"Flint, MI",msa,MI,2013,67436.0,12
394596,"Flint, MI",msa,MI,2014,75758.0,12
394596,"Flint, MI",msa,MI,2015,83374.0,12
394596,"Flint, MI",msa,MI,2016,93452.0,12
394596,"Flint, MI",msa,MI,2017,103571.0,12
394596,"Flint, MI",msa,MI,2018,113429.0,12
394596,"Flint, MI",msa,MI,2019,123750.0,12
394596,"Flint, MI",msa,MI,2020,140105.0,12
394596,"Flint, MI",msa,MI,2021,159246.0,12
394596,"Flint, MI",msa,MI,2022,167915.0,12
394596,"Flint, MI",msa,MI,2023,177677.0,12
394596,"Flint, MI",msa,MI,2024,185286.0,12
394596,"Flint, MI",msa,MI,2025,195289.0,12
394596,"Flint, MI",msa,MI,2026,199857.0,7
394598,"Florence, AL",msa,AL,2010,108731.0,12
394598,"Florence, AL",msa,AL,2011,108308.0,12
394598,"Florence, AL",msa,AL,2012,115522.0,12
394598,"Florence, AL",msa,AL,2013,125321.0,12
394598,"Florence, AL",msa,AL,2014,123755.0,12
394598,"Florence, AL",msa,AL,2015,128589.0,12
394598,"Florence, AL",msa,AL,2016,131889.0,12
394598,"Florence, AL",msa,AL,2017,134658.0,12
394598,"Florence, AL",msa,AL,2018,136169.0,12
394598,"Florence, AL",msa,AL,2019,142678.0,12
394598,"Florence, AL",msa,AL,2020,158634.0,12
394598,"Florence, AL",msa,AL,2021,182731.0,12
394598,"Florence, AL",msa,AL,2022,198000.0,12
394598,"Florence, AL",msa,AL,2023,206734.0,12
394598,"Florence, AL",msa,AL,2024,214058.0,12
394598,"Florence, AL",msa,AL,2025,213989.0,12
394598,"Florence, AL",msa,AL,2026,219560.0,7
394597,"Florence, SC",msa,SC,2005,110812.0,12
394597,"Florence, SC",msa,SC,2006,118917.0,12
394597,"Florence, SC",msa,SC,2007,121859.0,12
394597,"Florence, SC",msa,SC,2008,117415.0,12
394597,"Florence, SC",msa,SC,2009,112486.0,12
394597,"Florence, SC",msa,SC,2010,109290.0,12
394597,"Florence, SC",msa,SC,2011,107673.0,12
394597,"Florence, SC",msa,SC,2012,109404.0,12
394597,"Florence, SC",msa,SC,2013,111462.0,12
394597,"Florence, SC",msa,SC,2014,112378.0,12
394597,"Florence, SC",msa,SC,2015,115176.0,12
394597,"Florence, SC",msa,SC,2016,118593.0,12
394597,"Florence, SC",msa,SC,2017,119558.0,12
394597,"Florence, SC",msa,SC,2018,123875.0,12
394597,"Florence, SC",msa,SC,2019,130304.0,12
394597,"Florence, SC",msa,SC,2020,141069.0,12
394597,"Florence, SC",msa,SC,2021,159686.0,12
394597,"Florence, SC",msa,SC,2022,176177.0,12
394597,"Florence, SC",msa,SC,2023,179653.0,12
394597,"Florence, SC",msa,SC,2024,183625.0,12
394597,"Florence, SC",msa,SC,2025,187234.0,12
394597,"Florence, SC",msa,SC,2026,193768.0,7
394599,"Fond du Lac, WI",msa,WI,2008,147731.0,12
394599,"Fond du Lac, WI",msa,WI,2009,141489.0,12
394599,"Fond du Lac, WI",msa,WI,2010,138624.0,12
394599,"Fond du Lac, WI",msa,WI,2011,138033.0,12
394599,"Fond du Lac, WI",msa,WI,2012,139853.0,12
394599,"Fond du Lac, WI",msa,WI,2013,143982.0,12
394599,"Fond du Lac, WI",msa,WI,2014,144824.0,12
394599,"Fond du Lac, WI",msa,WI,2015,147686.0,12
394599,"Fond du Lac, WI",msa,WI,2016,151215.0,12
394599,"Fond du Lac, WI",msa,WI,2017,159793.0,12
394599,"Fond du Lac, WI",msa,WI,2018,168817.0,12
394599,"Fond du Lac, WI",msa,WI,2019,179216.0,12
394599,"Fond du Lac, WI",msa,WI,2020,194455.0,12
394599,"Fond du Lac, WI",msa,WI,2021,217839.0,12
394599,"Fond du Lac, WI",msa,WI,2022,238307.0,12
394599,"Fond du Lac, WI",msa,WI,2023,256428.0,12
394599,"Fond du Lac, WI",msa,WI,2024,274990.0,12
394599,"Fond du Lac, WI",msa,WI,2025,288898.0,12
394599,"Fond du Lac, WI",msa,WI,2026,296786.0,7
394600,"Forest City, NC",msa,NC,2000,75709.0,12
394600,"Forest City, NC",msa,NC,2001,78135.0,12
394600,"Forest City, NC",msa,NC,2002,78965.0,12
394600,"Forest City, NC",msa,NC,2003,80428.0,12
394600,"Forest City, NC",msa,NC,2004,83687.0,12
394600,"Forest City, NC",msa,NC,2005,89806.0,12
394600,"Forest City, NC",msa,NC,2006,96383.0,12
394600,"Forest City, NC",msa,NC,2007,100663.0,12
394600,"Forest City, NC",msa,NC,2008,101131.0,12
394600,"Forest City, NC",msa,NC,2009,97175.0,12
394600,"Forest City, NC",msa,NC,2010,101165.0,12
394600,"Forest City, NC",msa,NC,2011,98426.0,12
394600,"Forest City, NC",msa,NC,2012,100157.0,12
394600,"Forest City, NC",msa,NC,2013,102134.0,12
394600,"Forest City, NC",msa,NC,2014,104445.0,12
394600,"Forest City, NC",msa,NC,2015,107697.0,12
394600,"Forest City, NC",msa,NC,2016,113001.0,12
394600,"Forest City, NC",msa,NC,2017,121960.0,12
394600,"Forest City, NC",msa,NC,2018,130544.0,12
394600,"Forest City, NC",msa,NC,2019,143950.0,12
394600,"Forest City, NC",msa,NC,2020,163235.0,12
394600,"Forest City, NC",msa,NC,2021,183835.0,12
394600,"Forest City, NC",msa,NC,2022,211753.0,12
394600,"Forest City, NC",msa,NC,2023,213624.0,12
394600,"Forest City, NC",msa,NC,2024,217568.0,12
394600,"Forest City, NC",msa,NC,2025,216731.0,12
394600,"Forest City, NC",msa,NC,2026,219997.0,7
394601,"Forrest City, AR",msa,AR,2000,58941.0,12
394601,"Forrest City, AR",msa,AR,2001,60992.0,12
394601,"Forrest City, AR",msa,AR,2002,62524.0,12
394601,"Forrest City, AR",msa,AR,2003,65040.0,12
394601,"Forrest City, AR",msa,AR,2004,68638.0,12
394601,"Forrest City, AR",msa,AR,2005,73106.0,12
394601,"Forrest City, AR",msa,AR,2006,76071.0,12
394601,"Forrest City, AR",msa,AR,2007,76994.0,12
394601,"Forrest City, AR",msa,AR,2008,75244.0,12
394601,"Forrest City, AR",msa,AR,2009,72262.0,12
394601,"Forrest City, AR",msa,AR,2010,70548.0,12
394601,"Forrest City, AR",msa,AR,2011,69265.0,12
394601,"Forrest City, AR",msa,AR,2012,72582.0,12
394601,"Forrest City, AR",msa,AR,2013,73204.0,12
394601,"Forrest City, AR",msa,AR,2014,70652.0,12
394601,"Forrest City, AR",msa,AR,2015,74018.0,12
394601,"Forrest City, AR",msa,AR,2016,78795.0,12
394601,"Forrest City, AR",msa,AR,2017,79520.0,12
394601,"Forrest City, AR",msa,AR,2018,80688.0,12
394601,"Forrest City, AR",msa,AR,2019,86515.0,12
394601,"Forrest City, AR",msa,AR,2020,90712.0,12
394601,"Forrest City, AR",msa,AR,2021,90608.0,12
394601,"Forrest City, AR",msa,AR,2022,86151.0,12
394601,"Forrest City, AR",msa,AR,2023,89728.0,12
394601,"Forrest City, AR",msa,AR,2024,87120.0,12
394601,"Forrest City, AR",msa,AR,2025,81167.0,12
394601,"Forrest City, AR",msa,AR,2026,82022.0,7
394602,"Fort Collins, CO",msa,CO,2000,211186.0,12
394602,"Fort Collins, CO",msa,CO,2001,233831.0,12
394602,"Fort Collins, CO",msa,CO,2002,243603.0,12
394602,"Fort Collins, CO",msa,CO,2003,246598.0,12
394602,"Fort Collins, CO",msa,CO,2004,253393.0,12
394602,"Fort Collins, CO",msa,CO,2005,256711.0,12
394602,"Fort Collins, CO",msa,CO,2006,257015.0,12
394602,"Fort Collins, CO",msa,CO,2007,260015.0,12
394602,"Fort Collins, CO",msa,CO,2008,244923.0,12
394602,"Fort Collins, CO",msa,CO,2009,243528.0,12
394602,"Fort Collins, CO",msa,CO,2010,240003.0,12
394602,"Fort Collins, CO",msa,CO,2011,240478.0,12
394602,"Fort Collins, CO",msa,CO,2012,251908.0,12
394602,"Fort Collins, CO",msa,CO,2013,267543.0,12
394602,"Fort Collins, CO",msa,CO,2014,290057.0,12
394602,"Fort Collins, CO",msa,CO,2015,329047.0,12
394602,"Fort Collins, CO",msa,CO,2016,361421.0,12
394602,"Fort Collins, CO",msa,CO,2017,386991.0,12
394602,"Fort Collins, CO",msa,CO,2018,407718.0,12
394602,"Fort Collins, CO",msa,CO,2019,424313.0,12
394602,"Fort Collins, CO",msa,CO,2020,450130.0,12
394602,"Fort Collins, CO",msa,CO,2021,521752.0,12
394602,"Fort Collins, CO",msa,CO,2022,564848.0,12
394602,"Fort Collins, CO",msa,CO,2023,560832.0,12
394602,"Fort Collins, CO",msa,CO,2024,569409.0,12
394602,"Fort Collins, CO",msa,CO,2025,560665.0,12
394602,"Fort Collins, CO",msa,CO,2026,554636.0,7
394604,"Fort Leonard Wood, MO",msa,MO,2009,146783.0,12
394604,"Fort Leonard Wood, MO",msa,MO,2010,145346.0,12
394604,"Fort Leonard Wood, MO",msa,MO,2011,140834.0,12
394604,"Fort Leonard Wood, MO",msa,MO,2012,138950.0,12
394604,"Fort Leonard Wood, MO",msa,MO,2013,143225.0,12
394604,"Fort Leonard Wood, MO",msa,MO,2014,137974.0,12
394604,"Fort Leonard Wood, MO",msa,MO,2015,130809.0,12
394604,"Fort Leonard Wood, MO",msa,MO,2016,125991.0,12
394604,"Fort Leonard Wood, MO",msa,MO,2017,134160.0,12
394604,"Fort Leonard Wood, MO",msa,MO,2018,138444.0,12
394604,"Fort Leonard Wood, MO",msa,MO,2019,137347.0,12
394604,"Fort Leonard Wood, MO",msa,MO,2020,148917.0,12
394604,"Fort Leonard Wood, MO",msa,MO,2021,174620.0,12
394604,"Fort Leonard Wood, MO",msa,MO,2022,188027.0,12
394604,"Fort Leonard Wood, MO",msa,MO,2023,203009.0,12
394604,"Fort Leonard Wood, MO",msa,MO,2024,211080.0,12
394604,"Fort Leonard Wood, MO",msa,MO,2025,221559.0,12
394604,"Fort Leonard Wood, MO",msa,MO,2026,229488.0,7
394605,"Fort Madison, IA",msa,IA,2009,73994.0,12
394605,"Fort Madison, IA",msa,IA,2010,74174.0,12
394605,"Fort Madison, IA",msa,IA,2011,75803.0,12
394605,"Fort Madison, IA",msa,IA,2012,82484.0,12
394605,"Fort Madison, IA",msa,IA,2013,89309.0,12
394605,"Fort Madison, IA",msa,IA,2014,89500.0,12
394605,"Fort Madison, IA",msa,IA,2015,95824.0,12
394605,"Fort Madison, IA",msa,IA,2016,96848.0,12
394605,"Fort Madison, IA",msa,IA,2017,98470.0,12
394605,"Fort Madison, IA",msa,IA,2018,98498.0,12
394605,"Fort Madison, IA",msa,IA,2019,103235.0,12
394605,"Fort Madison, IA",msa,IA,2020,110860.0,12
394605,"Fort Madison, IA",msa,IA,2021,114867.0,12
394605,"Fort Madison, IA",msa,IA,2022,120041.0,12
394605,"Fort Madison, IA",msa,IA,2023,120389.0,12
394605,"Fort Madison, IA",msa,IA,2024,122946.0,12
394605,"Fort Madison, IA",msa,IA,2025,123474.0,12
394605,"Fort Madison, IA",msa,IA,2026,125128.0,7
394606,"Fort Morgan, CO",msa,CO,2012,128994.0,12
394606,"Fort Morgan, CO",msa,CO,2013,134129.0,12
394606,"Fort Morgan, CO",msa,CO,2014,147168.0,12
394606,"Fort Morgan, CO",msa,CO,2015,160349.0,12
394606,"Fort Morgan, CO",msa,CO,2016,178534.0,12
394606,"Fort Morgan, CO",msa,CO,2017,198771.0,12
394606,"Fort Morgan, CO",msa,CO,2018,223213.0,12
394606,"Fort Morgan, CO",msa,CO,2019,243030.0,12
394606,"Fort Morgan, CO",msa,CO,2020,271204.0,12
394606,"Fort Morgan, CO",msa,CO,2021,312591.0,12
394606,"Fort Morgan, CO",msa,CO,2022,334654.0,12
394606,"Fort Morgan, CO",msa,CO,2023,325294.0,12
394606,"Fort Morgan, CO",msa,CO,2024,337770.0,12
394606,"Fort Morgan, CO",msa,CO,2025,333970.0,12
394606,"Fort Morgan, CO",msa,CO,2026,335021.0,7
394608,"Fort Polk South, LA",msa,LA,2010,127802.0,12
394608,"Fort Polk South, LA",msa,LA,2011,136341.0,12
394608,"Fort Polk South, LA",msa,LA,2012,136017.0,12
394608,"Fort Polk South, LA",msa,LA,2013,155792.0,12
394608,"Fort Polk South, LA",msa,LA,2014,164043.0,12
394608,"Fort Polk South, LA",msa,LA,2015,164732.0,12
394608,"Fort Polk South, LA",msa,LA,2016,151814.0,12
394608,"Fort Polk South, LA",msa,LA,2017,151916.0,12
394608,"Fort Polk South, LA",msa,LA,2018,141180.0,12
394608,"Fort Polk South, LA",msa,LA,2019,159246.0,12
394608,"Fort Polk South, LA",msa,LA,2020,169928.0,12
394608,"Fort Polk South, LA",msa,LA,2021,165359.0,12
394608,"Fort Polk South, LA",msa,LA,2022,168851.0,12
394608,"Fort Polk South, LA",msa,LA,2023,166331.0,12
394608,"Fort Polk South, LA",msa,LA,2024,168747.0,12
394608,"Fort Polk South, LA",msa,LA,2025,160796.0,12
394608,"Fort Polk South, LA",msa,LA,2026,164095.0,7
394609,"Fort Smith, AR",msa,AR,2000,91211.0,12
394609,"Fort Smith, AR",msa,AR,2001,95301.0,12
394609,"Fort Smith, AR",msa,AR,2002,98564.0,12
394609,"Fort Smith, AR",msa,AR,2003,101996.0,12
394609,"Fort Smith, AR",msa,AR,2004,105758.0,12
394609,"Fort Smith, AR",msa,AR,2005,111817.0,12
394609,"Fort Smith, AR",msa,AR,2006,117445.0,12
394609,"Fort Smith, AR",msa,AR,2007,119933.0,12
394609,"Fort Smith, AR",msa,AR,2008,119447.0,12
394609,"Fort Smith, AR",msa,AR,2009,118498.0,12
394609,"Fort Smith, AR",msa,AR,2010,115832.0,12
394609,"Fort Smith, AR",msa,AR,2011,115092.0,12
394609,"Fort Smith, AR",msa,AR,2012,113382.0,12
394609,"Fort Smith, AR",msa,AR,2013,112217.0,12
394609,"Fort Smith, AR",msa,AR,2014,113255.0,12
394609,"Fort Smith, AR",msa,AR,2015,116738.0,12
394609,"Fort Smith, AR",msa,AR,2016,121564.0,12
394609,"Fort Smith, AR",msa,AR,2017,123703.0,12
394609,"Fort Smith, AR",msa,AR,2018,128098.0,12
394609,"Fort Smith, AR",msa,AR,2019,137559.0,12
394609,"Fort Smith, AR",msa,AR,2020,148748.0,12
394609,"Fort Smith, AR",msa,AR,2021,170741.0,12
394609,"Fort Smith, AR",msa,AR,2022,182595.0,12
394609,"Fort Smith, AR",msa,AR,2023,187507.0,12
394609,"Fort Smith, AR",msa,AR,2024,193310.0,12
394609,"Fort Smith, AR",msa,AR,2025,199400.0,12
394609,"Fort Smith, AR",msa,AR,2026,204837.0,7
394612,"Fort Wayne, IN",msa,IN,2003,106604.0,12
394612,"Fort Wayne, IN",msa,IN,2004,111372.0,12
394612,"Fort Wayne, IN",msa,IN,2005,114205.0,12
394612,"Fort Wayne, IN",msa,IN,2006,115988.0,12
394612,"Fort Wayne, IN",msa,IN,2007,115099.0,12
394612,"Fort Wayne, IN",msa,IN,2008,112736.0,12
394612,"Fort Wayne, IN",msa,IN,2009,110565.0,12
394612,"Fort Wayne, IN",msa,IN,2010,110189.0,12
394612,"Fort Wayne, IN",msa,IN,2011,109783.0,12
394612,"Fort Wayne, IN",msa,IN,2012,110734.0,12
394612,"Fort Wayne, IN",msa,IN,2013,112945.0,12
394612,"Fort Wayne, IN",msa,IN,2014,116039.0,12
394612,"Fort Wayne, IN",msa,IN,2015,120884.0,12
394612,"Fort Wayne, IN",msa,IN,2016,128516.0,12
394612,"Fort Wayne, IN",msa,IN,2017,137046.0,12
394612,"Fort Wayne, IN",msa,IN,2018,147020.0,12
394612,"Fort Wayne, IN",msa,IN,2019,159146.0,12
394612,"Fort Wayne, IN",msa,IN,2020,175438.0,12
394612,"Fort Wayne, IN",msa,IN,2021,199600.0,12
394612,"Fort Wayne, IN",msa,IN,2022,221069.0,12
394612,"Fort Wayne, IN",msa,IN,2023,237150.0,12
394612,"Fort Wayne, IN",msa,IN,2024,249877.0,12
394612,"Fort Wayne, IN",msa,IN,2025,256622.0,12
394612,"Fort Wayne, IN",msa,IN,2026,261006.0,7
394613,"Frankfort, IN",msa,IN,2000,85667.0,12
394613,"Frankfort, IN",msa,IN,2001,89157.0,12
394613,"Frankfort, IN",msa,IN,2002,91082.0,12
394613,"Frankfort, IN",msa,IN,2003,92932.0,12
394613,"Frankfort, IN",msa,IN,2004,95850.0,12
394613,"Frankfort, IN",msa,IN,2005,98684.0,12
394613,"Frankfort, IN",msa,IN,2006,100065.0,12
394613,"Frankfort, IN",msa,IN,2007,100833.0,12
394613,"Frankfort, IN",msa,IN,2008,100033.0,12
394613,"Frankfort, IN",msa,IN,2009,96869.0,12
394613,"Frankfort, IN",msa,IN,2010,95740.0,12
394613,"Frankfort, IN",msa,IN,2011,93880.0,12
394613,"Frankfort, IN",msa,IN,2012,94051.0,12
394613,"Frankfort, IN",msa,IN,2013,93241.0,12
394613,"Frankfort, IN",msa,IN,2014,98500.0,12
394613,"Frankfort, IN",msa,IN,2015,103540.0,12
394613,"Frankfort, IN",msa,IN,2016,106815.0,12
394613,"Frankfort, IN",msa,IN,2017,109925.0,12
394613,"Frankfort, IN",msa,IN,2018,118965.0,12
394613,"Frankfort, IN",msa,IN,2019,129823.0,12
394613,"Frankfort, IN",msa,IN,2020,146990.0,12
394613,"Frankfort, IN",msa,IN,2021,167757.0,12
394613,"Frankfort, IN",msa,IN,2022,186768.0,12
394613,"Frankfort, IN",msa,IN,2023,196758.0,12
394613,"Frankfort, IN",msa,IN,2024,214009.0,12
394613,"Frankfort, IN",msa,IN,2025,221694.0,12
394613,"Frankfort, IN",msa,IN,2026,229738.0,7
394614,"Frankfort, KY",msa,KY,2000,101475.0,12
394614,"Frankfort, KY",msa,KY,2001,105843.0,12
394614,"Frankfort, KY",msa,KY,2002,109707.0,12
394614,"Frankfort, KY",msa,KY,2003,114253.0,12
394614,"Frankfort, KY",msa,KY,2004,120049.0,12
394614,"Frankfort, KY",msa,KY,2005,124620.0,12
394614,"Frankfort, KY",msa,KY,2006,129299.0,12
394614,"Frankfort, KY",msa,KY,2007,132239.0,12
394614,"Frankfort, KY",msa,KY,2008,131730.0,12
394614,"Frankfort, KY",msa,KY,2009,129312.0,12
394614,"Frankfort, KY",msa,KY,2010,128562.0,12
394614,"Frankfort, KY",msa,KY,2011,125455.0,12
394614,"Frankfort, KY",msa,KY,2012,126406.0,12
394614,"Frankfort, KY",msa,KY,2013,123156.0,12
394614,"Frankfort, KY",msa,KY,2014,124933.0,12
394614,"Frankfort, KY",msa,KY,2015,132547.0,12
394614,"Frankfort, KY",msa,KY,2016,136742.0,12
394614,"Frankfort, KY",msa,KY,2017,141815.0,12
394614,"Frankfort, KY",msa,KY,2018,145058.0,12
394614,"Frankfort, KY",msa,KY,2019,151278.0,12
394614,"Frankfort, KY",msa,KY,2020,174210.0,12
394614,"Frankfort, KY",msa,KY,2021,195082.0,12
394614,"Frankfort, KY",msa,KY,2022,211934.0,12
394614,"Frankfort, KY",msa,KY,2023,223765.0,12
394614,"Frankfort, KY",msa,KY,2024,242414.0,12
394614,"Frankfort, KY",msa,KY,2025,254173.0,12
394614,"Frankfort, KY",msa,KY,2026,254651.0,7
394615,"Fredericksburg, TX",msa,TX,2009,236812.0,12
394615,"Fredericksburg, TX",msa,TX,2010,234106.0,12
394615,"Fredericksburg, TX",msa,TX,2011,232350.0,12
394615,"Fredericksburg, TX",msa,TX,2012,238036.0,12
394615,"Fredericksburg, TX",msa,TX,2013,250030.0,12
394615,"Fredericksburg, TX",msa,TX,2014,265596.0,12
394615,"Fredericksburg, TX",msa,TX,2015,286141.0,12
394615,"Fredericksburg, TX",msa,TX,2016,314578.0,12
394615,"Fredericksburg, TX",msa,TX,2017,354651.0,12
394615,"Fredericksburg, TX",msa,TX,2018,379276.0,12
394615,"Fredericksburg, TX",msa,TX,2019,370159.0,12
394615,"Fredericksburg, TX",msa,TX,2020,413828.0,12
394615,"Fredericksburg, TX",msa,TX,2021,516822.0,12
394615,"Fredericksburg, TX",msa,TX,2022,557451.0,12
394615,"Fredericksburg, TX",msa,TX,2023,537445.0,12
394615,"Fredericksburg, TX",msa,TX,2024,537186.0,12
394615,"Fredericksburg, TX",msa,TX,2025,522000.0,12
394615,"Fredericksburg, TX",msa,TX,2026,514141.0,7
394616,"Freeport, IL",msa,IL,2006,90059.0,12
394616,"Freeport, IL",msa,IL,2007,89092.0,12
394616,"Freeport, IL",msa,IL,2008,83195.0,12
394616,"Freeport, IL",msa,IL,2009,69541.0,12
394616,"Freeport, IL",msa,IL,2010,65886.0,12
394616,"Freeport, IL",msa,IL,2011,63058.0,12
394616,"Freeport, IL",msa,IL,2012,65079.0,12
394616,"Freeport, IL",msa,IL,2013,59675.0,12
394616,"Freeport, IL",msa,IL,2014,68768.0,12
394616,"Freeport, IL",msa,IL,2015,72920.0,12
394616,"Freeport, IL",msa,IL,2016,73789.0,12
394616,"Freeport, IL",msa,IL,2017,77943.0,12
394616,"Freeport, IL",msa,IL,2018,83449.0,12
394616,"Freeport, IL",msa,IL,2019,90380.0,12
394616,"Freeport, IL",msa,IL,2020,97745.0,12
394616,"Freeport, IL",msa,IL,2021,115151.0,12
394616,"Freeport, IL",msa,IL,2022,124093.0,12
394616,"Freeport, IL",msa,IL,2023,130611.0,12
394616,"Freeport, IL",msa,IL,2024,140901.0,12
394616,"Freeport, IL",msa,IL,2025,156102.0,12
394616,"Freeport, IL",msa,IL,2026,161895.0,7
394617,"Fremont, NE",msa,NE,2009,100754.0,12
394617,"Fremont, NE",msa,NE,2010,99796.0,12
394617,"Fremont, NE",msa,NE,2011,99675.0,12
394617,"Fremont, NE",msa,NE,2012,101001.0,12
394617,"Fremont, NE",msa,NE,2013,105273.0,12
394617,"Fremont, NE",msa,NE,2014,111513.0,12
394617,"Fremont, NE",msa,NE,2015,117515.0,12
394617,"Fremont, NE",msa,NE,2016,123742.0,12
394617,"Fremont, NE",msa,NE,2017,136491.0,12
394617,"Fremont, NE",msa,NE,2018,151666.0,12
394617,"Fremont, NE",msa,NE,2019,156221.0,12
394617,"Fremont, NE",msa,NE,2020,170261.0,12
394617,"Fremont, NE",msa,NE,2021,192749.0,12
394617,"Fremont, NE",msa,NE,2022,213570.0,12
394617,"Fremont, NE",msa,NE,2023,222730.0,12
394617,"Fremont, NE",msa,NE,2024,231297.0,12
394617,"Fremont, NE",msa,NE,2025,244824.0,12
394617,"Fremont, NE",msa,NE,2026,248811.0,7
394618,"Fremont, OH",msa,OH,2000,101010.0,12
394618,"Fremont, OH",msa,OH,2001,105714.0,12
394618,"Fremont, OH",msa,OH,2002,109359.0,12
394618,"Fremont, OH",msa,OH,2003,112707.0,12
394618,"Fremont, OH",msa,OH,2004,115985.0,12
394618,"Fremont, OH",msa,OH,2005,118138.0,12
394618,"Fremont, OH",msa,OH,2006,117288.0,12
394618,"Fremont, OH",msa,OH,2007,114942.0,12
394618,"Fremont, OH",msa,OH,2008,111711.0,12
394618,"Fremont, OH",msa,OH,2009,107100.0,12
394618,"Fremont, OH",msa,OH,2010,103989.0,12
394618,"Fremont, OH",msa,OH,2011,100514.0,12
394618,"Fremont, OH",msa,OH,2012,99009.0,12
394618,"Fremont, OH",msa,OH,2013,97366.0,12
394618,"Fremont, OH",msa,OH,2014,100990.0,12
394618,"Fremont, OH",msa,OH,2015,103704.0,12
394618,"Fremont, OH",msa,OH,2016,106008.0,12
394618,"Fremont, OH",msa,OH,2017,110054.0,12
394618,"Fremont, OH",msa,OH,2018,117362.0,12
394618,"Fremont, OH",msa,OH,2019,119032.0,12
394618,"Fremont, OH",msa,OH,2020,132944.0,12
394618,"Fremont, OH",msa,OH,2021,145643.0,12
394618,"Fremont, OH",msa,OH,2022,156399.0,12
394618,"Fremont, OH",msa,OH,2023,169590.0,12
394618,"Fremont, OH",msa,OH,2024,177595.0,12
394618,"Fremont, OH",msa,OH,2025,187151.0,12
394618,"Fremont, OH",msa,OH,2026,191089.0,7
394619,"Fresno, CA",msa,CA,2000,114864.0,12
394619,"Fresno, CA",msa,CA,2001,126339.0,12
394619,"Fresno, CA",msa,CA,2002,147645.0,12
394619,"Fresno, CA",msa,CA,2003,181550.0,12
394619,"Fresno, CA",msa,CA,2004,228774.0,12
394619,"Fresno, CA",msa,CA,2005,289847.0,12
394619,"Fresno, CA",msa,CA,2006,303389.0,12
394619,"Fresno, CA",msa,CA,2007,270787.0,12
394619,"Fresno, CA",msa,CA,2008,200231.0,12
394619,"Fresno, CA",msa,CA,2009,169653.0,12
394619,"Fresno, CA",msa,CA,2010,162672.0,12
394619,"Fresno, CA",msa,CA,2011,142683.0,12
394619,"Fresno, CA",msa,CA,2012,157708.0,12
394619,"Fresno, CA",msa,CA,2013,185079.0,12
394619,"Fresno, CA",msa,CA,2014,199182.0,12
394619,"Fresno, CA",msa,CA,2015,213875.0,12
394619,"Fresno, CA",msa,CA,2016,227444.0,12
394619,"Fresno, CA",msa,CA,2017,247560.0,12
394619,"Fresno, CA",msa,CA,2018,266989.0,12
394619,"Fresno, CA",msa,CA,2019,278577.0,12
394619,"Fresno, CA",msa,CA,2020,304171.0,12
394619,"Fresno, CA",msa,CA,2021,358837.0,12
394619,"Fresno, CA",msa,CA,2022,387277.0,12
394619,"Fresno, CA",msa,CA,2023,393173.0,12
394619,"Fresno, CA",msa,CA,2024,407359.0,12
394619,"Fresno, CA",msa,CA,2025,408076.0,12
394619,"Fresno, CA",msa,CA,2026,409811.0,7
394620,"Gadsden, AL",msa,AL,2002,70592.0,12
394620,"Gadsden, AL",msa,AL,2003,73724.0,12
394620,"Gadsden, AL",msa,AL,2004,77568.0,12
394620,"Gadsden, AL",msa,AL,2005,84082.0,12
394620,"Gadsden, AL",msa,AL,2006,90009.0,12
394620,"Gadsden, AL",msa,AL,2007,92730.0,12
394620,"Gadsden, AL",msa,AL,2008,96917.0,12
394620,"Gadsden, AL",msa,AL,2009,91531.0,12
394620,"Gadsden, AL",msa,AL,2010,89094.0,12
394620,"Gadsden, AL",msa,AL,2011,86821.0,12
394620,"Gadsden, AL",msa,AL,2012,94169.0,12
394620,"Gadsden, AL",msa,AL,2013,95722.0,12
394620,"Gadsden, AL",msa,AL,2014,99117.0,12
394620,"Gadsden, AL",msa,AL,2015,99167.0,12
394620,"Gadsden, AL",msa,AL,2016,103537.0,12
394620,"Gadsden, AL",msa,AL,2017,109420.0,12
394620,"Gadsden, AL",msa,AL,2018,110719.0,12
394620,"Gadsden, AL",msa,AL,2019,124698.0,12
394620,"Gadsden, AL",msa,AL,2020,137503.0,12
394620,"Gadsden, AL",msa,AL,2021,160161.0,12
394620,"Gadsden, AL",msa,AL,2022,164801.0,12
394620,"Gadsden, AL",msa,AL,2023,166307.0,12
394620,"Gadsden, AL",msa,AL,2024,176274.0,12
394620,"Gadsden, AL",msa,AL,2025,182203.0,12
394620,"Gadsden, AL",msa,AL,2026,186704.0,7
394621,"Gaffney, SC",msa,SC,2009,107504.0,12
394621,"Gaffney, SC",msa,SC,2010,102400.0,12
394621,"Gaffney, SC",msa,SC,2011,97620.0,12
394621,"Gaffney, SC",msa,SC,2012,105609.0,12
394621,"Gaffney, SC",msa,SC,2013,126846.0,12
394621,"Gaffney, SC",msa,SC,2014,134285.0,12
394621,"Gaffney, SC",msa,SC,2015,141486.0,12
394621,"Gaffney, SC",msa,SC,2016,149817.0,12
394621,"Gaffney, SC",msa,SC,2017,146889.0,12
394621,"Gaffney, SC",msa,SC,2018,154590.0,12
394621,"Gaffney, SC",msa,SC,2019,170667.0,12
394621,"Gaffney, SC",msa,SC,2020,187446.0,12
394621,"Gaffney, SC",msa,SC,2021,210199.0,12
394621,"Gaffney, SC",msa,SC,2022,215658.0,12
394621,"Gaffney, SC",msa,SC,2023,204154.0,12
394621,"Gaffney, SC",msa,SC,2024,208296.0,12
394621,"Gaffney, SC",msa,SC,2025,196577.0,12
394621,"Gaffney, SC",msa,SC,2026,191933.0,7
394622,"Gainesville, FL",msa,FL,2000,111199.0,12
394622,"Gainesville, FL",msa,FL,2001,118420.0,12
394622,"Gainesville, FL",msa,FL,2002,126966.0,12
394622,"Gainesville, FL",msa,FL,2003,141746.0,12
394622,"Gainesville, FL",msa,FL,2004,164650.0,12
394622,"Gainesville, FL",msa,FL,2005,194881.0,12
394622,"Gainesville, FL",msa,FL,2006,216242.0,12
394622,"Gainesville, FL",msa,FL,2007,208805.0,12
394622,"Gainesville, FL",msa,FL,2008,188914.0,12
394622,"Gainesville, FL",msa,FL,2009,170454.0,12
394622,"Gainesville, FL",msa,FL,2010,155319.0,12
394622,"Gainesville, FL",msa,FL,2011,142815.0,12
394622,"Gainesville, FL",msa,FL,2012,138336.0,12
394622,"Gainesville, FL",msa,FL,2013,144506.0,12
394622,"Gainesville, FL",msa,FL,2014,151908.0,12
394622,"Gainesville, FL",msa,FL,2015,161094.0,12
394622,"Gainesville, FL",msa,FL,2016,171606.0,12
394622,"Gainesville, FL",msa,FL,2017,185627.0,12
394622,"Gainesville, FL",msa,FL,2018,197836.0,12
394622,"Gainesville, FL",msa,FL,2019,208146.0,12
394622,"Gainesville, FL",msa,FL,2020,230377.0,12
394622,"Gainesville, FL",msa,FL,2021,263877.0,12
394622,"Gainesville, FL",msa,FL,2022,297704.0,12
394622,"Gainesville, FL",msa,FL,2023,309917.0,12
394622,"Gainesville, FL",msa,FL,2024,313966.0,12
394622,"Gainesville, FL",msa,FL,2025,305422.0,12
394622,"Gainesville, FL",msa,FL,2026,304902.0,7
394623,"Gainesville, GA",msa,GA,2000,151924.0,12
394623,"Gainesville, GA",msa,GA,2001,162768.0,12
394623,"Gainesville, GA",msa,GA,2002,168485.0,12
394623,"Gainesville, GA",msa,GA,2003,172970.0,12
394623,"Gainesville, GA",msa,GA,2004,178815.0,12
394623,"Gainesville, GA",msa,GA,2005,189106.0,12
394623,"Gainesville, GA",msa,GA,2006,198777.0,12
394623,"Gainesville, GA",msa,GA,2007,204899.0,12
394623,"Gainesville, GA",msa,GA,2008,191770.0,12
394623,"Gainesville, GA",msa,GA,2009,166417.0,12
394623,"Gainesville, GA",msa,GA,2010,153739.0,12
394623,"Gainesville, GA",msa,GA,2011,133450.0,12
394623,"Gainesville, GA",msa,GA,2012,145057.0,12
394623,"Gainesville, GA",msa,GA,2013,160412.0,12
394623,"Gainesville, GA",msa,GA,2014,175057.0,12
394623,"Gainesville, GA",msa,GA,2015,189893.0,12
394623,"Gainesville, GA",msa,GA,2016,203552.0,12
394623,"Gainesville, GA",msa,GA,2017,218059.0,12
394623,"Gainesville, GA",msa,GA,2018,230849.0,12
394623,"Gainesville, GA",msa,GA,2019,245004.0,12
394623,"Gainesville, GA",msa,GA,2020,270992.0,12
394623,"Gainesville, GA",msa,GA,2021,330576.0,12
394623,"Gainesville, GA",msa,GA,2022,376784.0,12
394623,"Gainesville, GA",msa,GA,2023,391342.0,12
394623,"Gainesville, GA",msa,GA,2024,402880.0,12
394623,"Gainesville, GA",msa,GA,2025,395420.0,12
394623,"Gainesville, GA",msa,GA,2026,391528.0,7
394624,"Gainesville, TX",msa,TX,2009,131433.0,12
394624,"Gainesville, TX",msa,TX,2010,129473.0,12
394624,"Gainesville, TX",msa,TX,2011,128206.0,12
394624,"Gainesville, TX",msa,TX,2012,130912.0,12
394624,"Gainesville, TX",msa,TX,2013,137549.0,12
394624,"Gainesville, TX",msa,TX,2014,146537.0,12
394624,"Gainesville, TX",msa,TX,2015,163825.0,12
394624,"Gainesville, TX",msa,TX,2016,169767.0,12
394624,"Gainesville, TX",msa,TX,2017,191007.0,12
394624,"Gainesville, TX",msa,TX,2018,205801.0,12
394624,"Gainesville, TX",msa,TX,2019,221136.0,12
394624,"Gainesville, TX",msa,TX,2020,245043.0,12
394624,"Gainesville, TX",msa,TX,2021,287776.0,12
394624,"Gainesville, TX",msa,TX,2022,314801.0,12
394624,"Gainesville, TX",msa,TX,2023,310770.0,12
394624,"Gainesville, TX",msa,TX,2024,324786.0,12
394624,"Gainesville, TX",msa,TX,2025,320812.0,12
394624,"Gainesville, TX",msa,TX,2026,319185.0,7
394625,"Galesburg, IL",msa,IL,2009,75562.0,12
394625,"Galesburg, IL",msa,IL,2010,74969.0,12
394625,"Galesburg, IL",msa,IL,2011,74032.0,12
394625,"Galesburg, IL",msa,IL,2012,79351.0,12
394625,"Galesburg, IL",msa,IL,2013,80935.0,12
394625,"Galesburg, IL",msa,IL,2014,82415.0,12
394625,"Galesburg, IL",msa,IL,2015,82347.0,12
394625,"Galesburg, IL",msa,IL,2016,82528.0,12
394625,"Galesburg, IL",msa,IL,2017,84720.0,12
394625,"Galesburg, IL",msa,IL,2018,83579.0,12
394625,"Galesburg, IL",msa,IL,2019,91978.0,12
394625,"Galesburg, IL",msa,IL,2020,98576.0,12
394625,"Galesburg, IL",msa,IL,2021,99331.0,12
394625,"Galesburg, IL",msa,IL,2022,97469.0,12
394625,"Galesburg, IL",msa,IL,2023,100064.0,12
394625,"Galesburg, IL",msa,IL,2024,101938.0,12
394625,"Galesburg, IL",msa,IL,2025,113173.0,12
394625,"Galesburg, IL",msa,IL,2026,119927.0,7
394626,"Gallup, NM",msa,NM,2012,157661.0,12
394626,"Gallup, NM",msa,NM,2013,157424.0,12
394626,"Gallup, NM",msa,NM,2014,160301.0,12
394626,"Gallup, NM",msa,NM,2015,164770.0,12
394626,"Gallup, NM",msa,NM,2016,152790.0,12
394626,"Gallup, NM",msa,NM,2017,154912.0,12
394626,"Gallup, NM",msa,NM,2018,169057.0,12
394626,"Gallup, NM",msa,NM,2019,178079.0,12
394626,"Gallup, NM",msa,NM,2020,196159.0,12
394626,"Gallup, NM",msa,NM,2021,208943.0,12
394626,"Gallup, NM",msa,NM,2022,208583.0,12
394626,"Gallup, NM",msa,NM,2023,211526.0,12
394626,"Gallup, NM",msa,NM,2024,218524.0,12
394626,"Gallup, NM",msa,NM,2025,221798.0,12
394626,"Gallup, NM",msa,NM,2026,220419.0,7
394627,"Garden City, KS",msa,KS,2009,120743.0,12
394627,"Garden City, KS",msa,KS,2010,121736.0,12
394627,"Garden City, KS",msa,KS,2011,122174.0,12
394627,"Garden City, KS",msa,KS,2012,125888.0,12
394627,"Garden City, KS",msa,KS,2013,128417.0,12
394627,"Garden City, KS",msa,KS,2014,134041.0,12
394627,"Garden City, KS",msa,KS,2015,142883.0,12
394627,"Garden City, KS",msa,KS,2016,146151.0,12
394627,"Garden City, KS",msa,KS,2017,150679.0,12
394627,"Garden City, KS",msa,KS,2018,157129.0,12
394627,"Garden City, KS",msa,KS,2019,167333.0,12
394627,"Garden City, KS",msa,KS,2020,182365.0,12
394627,"Garden City, KS",msa,KS,2021,202174.0,12
394627,"Garden City, KS",msa,KS,2022,220868.0,12
394627,"Garden City, KS",msa,KS,2023,224889.0,12
394627,"Garden City, KS",msa,KS,2024,230644.0,12
394627,"Garden City, KS",msa,KS,2025,234376.0,12
394627,"Garden City, KS",msa,KS,2026,232175.0,7
394628,"Gardnerville Ranchos, NV",msa,NV,2000,239959.0,12
394628,"Gardnerville Ranchos, NV",msa,NV,2001,260026.0,12
394628,"Gardnerville Ranchos, NV",msa,NV,2002,284546.0,12
394628,"Gardnerville Ranchos, NV",msa,NV,2003,328782.0,12
394628,"Gardnerville Ranchos, NV",msa,NV,2004,402897.0,12
394628,"Gardnerville Ranchos, NV",msa,NV,2005,491369.0,12
394628,"Gardnerville Ranchos, NV",msa,NV,2006,468348.0,12
394628,"Gardnerville Ranchos, NV",msa,NV,2007,437460.0,12
394628,"Gardnerville Ranchos, NV",msa,NV,2008,362581.0,12
394628,"Gardnerville Ranchos, NV",msa,NV,2009,300559.0,12
394628,"Gardnerville Ranchos, NV",msa,NV,2010,271238.0,12
394628,"Gardnerville Ranchos, NV",msa,NV,2011,246830.0,12
394628,"Gardnerville Ranchos, NV",msa,NV,2012,258931.0,12
394628,"Gardnerville Ranchos, NV",msa,NV,2013,306423.0,12
394628,"Gardnerville Ranchos, NV",msa,NV,2014,334488.0,12
394628,"Gardnerville Ranchos, NV",msa,NV,2015,363177.0,12
394628,"Gardnerville Ranchos, NV",msa,NV,2016,388103.0,12
394628,"Gardnerville Ranchos, NV",msa,NV,2017,421325.0,12
394628,"Gardnerville Ranchos, NV",msa,NV,2018,461923.0,12
394628,"Gardnerville Ranchos, NV",msa,NV,2019,498047.0,12
394628,"Gardnerville Ranchos, NV",msa,NV,2020,553780.0,12
394628,"Gardnerville Ranchos, NV",msa,NV,2021,680227.0,12
394628,"Gardnerville Ranchos, NV",msa,NV,2022,689664.0,12
394628,"Gardnerville Ranchos, NV",msa,NV,2023,675395.0,12
394628,"Gardnerville Ranchos, NV",msa,NV,2024,685580.0,12
394628,"Gardnerville Ranchos, NV",msa,NV,2025,698911.0,12
394628,"Gardnerville Ranchos, NV",msa,NV,2026,706163.0,7
394629,"Georgetown, SC",msa,SC,2012,183966.0,12
394629,"Georgetown, SC",msa,SC,2013,191173.0,12
394629,"Georgetown, SC",msa,SC,2014,197803.0,12
394629,"Georgetown, SC",msa,SC,2015,204521.0,12
394629,"Georgetown, SC",msa,SC,2016,215850.0,12
394629,"Georgetown, SC",msa,SC,2017,226583.0,12
394629,"Georgetown, SC",msa,SC,2018,238220.0,12
394629,"Georgetown, SC",msa,SC,2019,246941.0,12
394629,"Georgetown, SC",msa,SC,2020,268100.0,12
394629,"Georgetown, SC",msa,SC,2021,317625.0,12
394629,"Georgetown, SC",msa,SC,2022,362951.0,12
394629,"Georgetown, SC",msa,SC,2023,381295.0,12
394629,"Georgetown, SC",msa,SC,2024,392137.0,12
394629,"Georgetown, SC",msa,SC,2025,385699.0,12
394629,"Georgetown, SC",msa,SC,2026,388936.0,7
394630,"Gettysburg, PA",msa,PA,2000,108270.0,12
394630,"Gettysburg, PA",msa,PA,2001,115231.0,12
394630,"Gettysburg, PA",msa,PA,2002,122791.0,12
394630,"Gettysburg, PA",msa,PA,2003,132738.0,12
394630,"Gettysburg, PA",msa,PA,2004,148645.0,12
394630,"Gettysburg, PA",msa,PA,2005,181882.0,12
394630,"Gettysburg, PA",msa,PA,2006,201627.0,12
394630,"Gettysburg, PA",msa,PA,2007,203308.0,12
394630,"Gettysburg, PA",msa,PA,2008,197016.0,12
394630,"Gettysburg, PA",msa,PA,2009,191168.0,12
394630,"Gettysburg, PA",msa,PA,2010,188015.0,12
394630,"Gettysburg, PA",msa,PA,2011,183590.0,12
394630,"Gettysburg, PA",msa,PA,2012,187538.0,12
394630,"Gettysburg, PA",msa,PA,2013,189417.0,12
394630,"Gettysburg, PA",msa,PA,2014,190876.0,12
394630,"Gettysburg, PA",msa,PA,2015,196541.0,12
394630,"Gettysburg, PA",msa,PA,2016,203695.0,12
394630,"Gettysburg, PA",msa,PA,2017,212515.0,12
394630,"Gettysburg, PA",msa,PA,2018,217000.0,12
394630,"Gettysburg, PA",msa,PA,2019,225029.0,12
394630,"Gettysburg, PA",msa,PA,2020,246253.0,12
394630,"Gettysburg, PA",msa,PA,2021,268751.0,12
394630,"Gettysburg, PA",msa,PA,2022,291302.0,12
394630,"Gettysburg, PA",msa,PA,2023,302941.0,12
394630,"Gettysburg, PA",msa,PA,2024,319273.0,12
394630,"Gettysburg, PA",msa,PA,2025,333636.0,12
394630,"Gettysburg, PA",msa,PA,2026,338842.0,7
394631,"Gillette, WY",msa,WY,2009,248420.0,12
394631,"Gillette, WY",msa,WY,2010,245048.0,12
394631,"Gillette, WY",msa,WY,2011,241485.0,12
394631,"Gillette, WY",msa,WY,2012,247490.0,12
394631,"Gillette, WY",msa,WY,2013,244568.0,12
394631,"Gillette, WY",msa,WY,2014,243247.0,12
394631,"Gillette, WY",msa,WY,2015,254740.0,12
394631,"Gillette, WY",msa,WY,2016,254610.0,12
394631,"Gillette, WY",msa,WY,2017,249724.0,12
394631,"Gillette, WY",msa,WY,2018,247877.0,12
394631,"Gillette, WY",msa,WY,2019,257514.0,12
394631,"Gillette, WY",msa,WY,2020,270227.0,12
394631,"Gillette, WY",msa,WY,2021,284619.0,12
394631,"Gillette, WY",msa,WY,2022,305238.0,12
394631,"Gillette, WY",msa,WY,2023,318105.0,12
394631,"Gillette, WY",msa,WY,2024,347135.0,12
394631,"Gillette, WY",msa,WY,2025,338053.0,12
394631,"Gillette, WY",msa,WY,2026,339822.0,7
394632,"Glasgow, KY",msa,KY,2000,70086.0,12
394632,"Glasgow, KY",msa,KY,2001,72659.0,12
394632,"Glasgow, KY",msa,KY,2002,74429.0,12
394632,"Glasgow, KY",msa,KY,2003,77163.0,12
394632,"Glasgow, KY",msa,KY,2004,80537.0,12
394632,"Glasgow, KY",msa,KY,2005,83518.0,12
394632,"Glasgow, KY",msa,KY,2006,86643.0,12
394632,"Glasgow, KY",msa,KY,2007,87970.0,12
394632,"Glasgow, KY",msa,KY,2008,86101.0,12
394632,"Glasgow, KY",msa,KY,2009,84299.0,12
394632,"Glasgow, KY",msa,KY,2010,83325.0,12
394632,"Glasgow, KY",msa,KY,2011,90081.0,12
394632,"Glasgow, KY",msa,KY,2012,93061.0,12
394632,"Glasgow, KY",msa,KY,2013,96885.0,12
394632,"Glasgow, KY",msa,KY,2014,100750.0,12
394632,"Glasgow, KY",msa,KY,2015,109243.0,12
394632,"Glasgow, KY",msa,KY,2016,114038.0,12
394632,"Glasgow, KY",msa,KY,2017,120956.0,12
394632,"Glasgow, KY",msa,KY,2018,128967.0,12
394632,"Glasgow, KY",msa,KY,2019,136408.0,12
394632,"Glasgow, KY",msa,KY,2020,157665.0,12
394632,"Glasgow, KY",msa,KY,2021,173979.0,12
394632,"Glasgow, KY",msa,KY,2022,188938.0,12
394632,"Glasgow, KY",msa,KY,2023,196377.0,12
394632,"Glasgow, KY",msa,KY,2024,208489.0,12
394632,"Glasgow, KY",msa,KY,2025,213127.0,12
394632,"Glasgow, KY",msa,KY,2026,212071.0,7
394633,"Glens Falls, NY",msa,NY,2000,93012.0,12
394633,"Glens Falls, NY",msa,NY,2001,100604.0,12
394633,"Glens Falls, NY",msa,NY,2002,110492.0,12
394633,"Glens Falls, NY",msa,NY,2003,119101.0,12
394633,"Glens Falls, NY",msa,NY,2004,128398.0,12
394633,"Glens Falls, NY",msa,NY,2005,150646.0,12
394633,"Glens Falls, NY",msa,NY,2006,167599.0,12
394633,"Glens Falls, NY",msa,NY,2007,179152.0,12
394633,"Glens Falls, NY",msa,NY,2008,175737.0,12
394633,"Glens Falls, NY",msa,NY,2009,168986.0,12
394633,"Glens Falls, NY",msa,NY,2010,171064.0,12
394633,"Glens Falls, NY",msa,NY,2011,168726.0,12
394633,"Glens Falls, NY",msa,NY,2012,170153.0,12
394633,"Glens Falls, NY",msa,NY,2013,173909.0,12
394633,"Glens Falls, NY",msa,NY,2014,175194.0,12
394633,"Glens Falls, NY",msa,NY,2015,181448.0,12
394633,"Glens Falls, NY",msa,NY,2016,184888.0,12
394633,"Glens Falls, NY",msa,NY,2017,190833.0,12
394633,"Glens Falls, NY",msa,NY,2018,197258.0,12
394633,"Glens Falls, NY",msa,NY,2019,204162.0,12
394633,"Glens Falls, NY",msa,NY,2020,222079.0,12
394633,"Glens Falls, NY",msa,NY,2021,248787.0,12
394633,"Glens Falls, NY",msa,NY,2022,270961.0,12
394633,"Glens Falls, NY",msa,NY,2023,290105.0,12
394633,"Glens Falls, NY",msa,NY,2024,302997.0,12
394633,"Glens Falls, NY",msa,NY,2025,307215.0,12
394633,"Glens Falls, NY",msa,NY,2026,319595.0,7
753881,"Glenwood Springs, CO",msa,CO,2000,214284.0,12
753881,"Glenwood Springs, CO",msa,CO,2001,228838.0,12
753881,"Glenwood Springs, CO",msa,CO,2002,239710.0,12
753881,"Glenwood Springs, CO",msa,CO,2003,242792.0,12
753881,"Glenwood Springs, CO",msa,CO,2004,252664.0,12
753881,"Glenwood Springs, CO",msa,CO,2005,273263.0,12
753881,"Glenwood Springs, CO",msa,CO,2006,304515.0,12
753881,"Glenwood Springs, CO",msa,CO,2007,342222.0,12
753881,"Glenwood Springs, CO",msa,CO,2008,352255.0,12
753881,"Glenwood Springs, CO",msa,CO,2009,343300.0,12
753881,"Glenwood Springs, CO",msa,CO,2010,334961.0,12
753881,"Glenwood Springs, CO",msa,CO,2011,330063.0,12
753881,"Glenwood Springs, CO",msa,CO,2012,346326.0,12
753881,"Glenwood Springs, CO",msa,CO,2013,387461.0,12
753881,"Glenwood Springs, CO",msa,CO,2014,416855.0,12
753881,"Glenwood Springs, CO",msa,CO,2015,458585.0,12
753881,"Glenwood Springs, CO",msa,CO,2016,477967.0,12
753881,"Glenwood Springs, CO",msa,CO,2017,503370.0,12
753881,"Glenwood Springs, CO",msa,CO,2018,534403.0,12
753881,"Glenwood Springs, CO",msa,CO,2019,545540.0,12
753881,"Glenwood Springs, CO",msa,CO,2020,598876.0,12
753881,"Glenwood Springs, CO",msa,CO,2021,750176.0,12
753881,"Glenwood Springs, CO",msa,CO,2022,836808.0,12
753881,"Glenwood Springs, CO",msa,CO,2023,877089.0,12
753881,"Glenwood Springs, CO",msa,CO,2024,928887.0,12
753881,"Glenwood Springs, CO",msa,CO,2025,970766.0,12
753881,"Glenwood Springs, CO",msa,CO,2026,984731.0,7
394634,"Gloversville, NY",msa,NY,2000,67674.0,12
394634,"Gloversville, NY",msa,NY,2001,73572.0,12
394634,"Gloversville, NY",msa,NY,2002,81333.0,12
394634,"Gloversville, NY",msa,NY,2003,89253.0,12
394634,"Gloversville, NY",msa,NY,2004,99798.0,12
394634,"Gloversville, NY",msa,NY,2005,107747.0,12
394634,"Gloversville, NY",msa,NY,2006,115133.0,12
394634,"Gloversville, NY",msa,NY,2007,123071.0,12
394634,"Gloversville, NY",msa,NY,2008,120538.0,12
394634,"Gloversville, NY",msa,NY,2009,115431.0,12
394634,"Gloversville, NY",msa,NY,2010,115822.0,12
394634,"Gloversville, NY",msa,NY,2011,114534.0,12
394634,"Gloversville, NY",msa,NY,2012,115738.0,12
394634,"Gloversville, NY",msa,NY,2013,114717.0,12
394634,"Gloversville, NY",msa,NY,2014,113436.0,12
394634,"Gloversville, NY",msa,NY,2015,118913.0,12
394634,"Gloversville, NY",msa,NY,2016,125620.0,12
394634,"Gloversville, NY",msa,NY,2017,130823.0,12
394634,"Gloversville, NY",msa,NY,2018,134652.0,12
394634,"Gloversville, NY",msa,NY,2019,140249.0,12
394634,"Gloversville, NY",msa,NY,2020,158626.0,12
394634,"Gloversville, NY",msa,NY,2021,178729.0,12
394634,"Gloversville, NY",msa,NY,2022,195227.0,12
394634,"Gloversville, NY",msa,NY,2023,201273.0,12
394634,"Gloversville, NY",msa,NY,2024,212149.0,12
394634,"Gloversville, NY",msa,NY,2025,217867.0,12
394634,"Gloversville, NY",msa,NY,2026,231097.0,7
394635,"Goldsboro, NC",msa,NC,2000,94119.0,12
394635,"Goldsboro, NC",msa,NC,2001,98382.0,12
394635,"Goldsboro, NC",msa,NC,2002,101500.0,12
394635,"Goldsboro, NC",msa,NC,2003,104862.0,12
394635,"Goldsboro, NC",msa,NC,2004,110430.0,12
394635,"Goldsboro, NC",msa,NC,2005,111809.0,12
394635,"Goldsboro, NC",msa,NC,2006,114996.0,12
394635,"Goldsboro, NC",msa,NC,2007,112942.0,12
394635,"Goldsboro, NC",msa,NC,2008,115046.0,12
394635,"Goldsboro, NC",msa,NC,2009,110327.0,12
394635,"Goldsboro, NC",msa,NC,2010,108202.0,12
394635,"Goldsboro, NC",msa,NC,2011,105023.0,12
394635,"Goldsboro, NC",msa,NC,2012,109334.0,12
394635,"Goldsboro, NC",msa,NC,2013,107334.0,12
394635,"Goldsboro, NC",msa,NC,2014,111467.0,12
394635,"Goldsboro, NC",msa,NC,2015,116580.0,12
394635,"Goldsboro, NC",msa,NC,2016,120606.0,12
394635,"Goldsboro, NC",msa,NC,2017,126396.0,12
394635,"Goldsboro, NC",msa,NC,2018,131570.0,12
394635,"Goldsboro, NC",msa,NC,2019,133862.0,12
394635,"Goldsboro, NC",msa,NC,2020,148632.0,12
394635,"Goldsboro, NC",msa,NC,2021,156462.0,12
394635,"Goldsboro, NC",msa,NC,2022,178022.0,12
394635,"Goldsboro, NC",msa,NC,2023,187285.0,12
394635,"Goldsboro, NC",msa,NC,2024,188041.0,12
394635,"Goldsboro, NC",msa,NC,2025,184273.0,12
394635,"Goldsboro, NC",msa,NC,2026,184255.0,7
394637,"Grand Forks, ND",msa,MN,2013,169074.0,12
394637,"Grand Forks, ND",msa,MN,2014,181803.0,12
394637,"Grand Forks, ND",msa,MN,2015,195993.0,12
394637,"Grand Forks, ND",msa,MN,2016,203273.0,12
394637,"Grand Forks, ND",msa,MN,2017,206661.0,12
394637,"Grand Forks, ND",msa,MN,2018,207004.0,12
394637,"Grand Forks, ND",msa,MN,2019,210922.0,12
394637,"Grand Forks, ND",msa,MN,2020,219971.0,12
394637,"Grand Forks, ND",msa,MN,2021,233145.0,12
394637,"Grand Forks, ND",msa,MN,2022,243481.0,12
394637,"Grand Forks, ND",msa,MN,2023,245571.0,12
394637,"Grand Forks, ND",msa,MN,2024,256943.0,12
394637,"Grand Forks, ND",msa,MN,2025,272431.0,12
394637,"Grand Forks, ND",msa,MN,2026,283186.0,7
394638,"Grand Island, NE",msa,NE,2004,106909.0,12
394638,"Grand Island, NE",msa,NE,2005,110244.0,12
394638,"Grand Island, NE",msa,NE,2006,113336.0,12
394638,"Grand Island, NE",msa,NE,2007,114921.0,12
394638,"Grand Island, NE",msa,NE,2008,116967.0,12
394638,"Grand Island, NE",msa,NE,2009,115890.0,12
394638,"Grand Island, NE",msa,NE,2010,117142.0,12
394638,"Grand Island, NE",msa,NE,2011,118977.0,12
394638,"Grand Island, NE",msa,NE,2012,123964.0,12
394638,"Grand Island, NE",msa,NE,2013,129864.0,12
394638,"Grand Island, NE",msa,NE,2014,134809.0,12
394638,"Grand Island, NE",msa,NE,2015,143371.0,12
394638,"Grand Island, NE",msa,NE,2016,149611.0,12
394638,"Grand Island, NE",msa,NE,2017,156007.0,12
394638,"Grand Island, NE",msa,NE,2018,163080.0,12
394638,"Grand Island, NE",msa,NE,2019,174122.0,12
394638,"Grand Island, NE",msa,NE,2020,186626.0,12
394638,"Grand Island, NE",msa,NE,2021,212583.0,12
394638,"Grand Island, NE",msa,NE,2022,230907.0,12
394638,"Grand Island, NE",msa,NE,2023,235780.0,12
394638,"Grand Island, NE",msa,NE,2024,250349.0,12
394638,"Grand Island, NE",msa,NE,2025,259723.0,12
394638,"Grand Island, NE",msa,NE,2026,259523.0,7
394639,"Grand Junction, CO",msa,CO,2000,143775.0,12
394639,"Grand Junction, CO",msa,CO,2001,151860.0,12
394639,"Grand Junction, CO",msa,CO,2002,162283.0,12
394639,"Grand Junction, CO",msa,CO,2003,172903.0,12
394639,"Grand Junction, CO",msa,CO,2004,187081.0,12
394639,"Grand Junction, CO",msa,CO,2005,204655.0,12
394639,"Grand Junction, CO",msa,CO,2006,232995.0,12
394639,"Grand Junction, CO",msa,CO,2007,265125.0,12
394639,"Grand Junction, CO",msa,CO,2008,255286.0,12
394639,"Grand Junction, CO",msa,CO,2009,228256.0,12
394639,"Grand Junction, CO",msa,CO,2010,204912.0,12
394639,"Grand Junction, CO",msa,CO,2011,182418.0,12
394639,"Grand Junction, CO",msa,CO,2012,187281.0,12
394639,"Grand Junction, CO",msa,CO,2013,196066.0,12
394639,"Grand Junction, CO",msa,CO,2014,199544.0,12
394639,"Grand Junction, CO",msa,CO,2015,211404.0,12
394639,"Grand Junction, CO",msa,CO,2016,221936.0,12
394639,"Grand Junction, CO",msa,CO,2017,238540.0,12
394639,"Grand Junction, CO",msa,CO,2018,259497.0,12
394639,"Grand Junction, CO",msa,CO,2019,278942.0,12
394639,"Grand Junction, CO",msa,CO,2020,306752.0,12
394639,"Grand Junction, CO",msa,CO,2021,365248.0,12
394639,"Grand Junction, CO",msa,CO,2022,390772.0,12
394639,"Grand Junction, CO",msa,CO,2023,402370.0,12
394639,"Grand Junction, CO",msa,CO,2024,422483.0,12
394639,"Grand Junction, CO",msa,CO,2025,432302.0,12
394639,"Grand Junction, CO",msa,CO,2026,436437.0,7
394640,"Grand Rapids, MI",msa,MI,2000,131086.0,12
394640,"Grand Rapids, MI",msa,MI,2001,134096.0,12
394640,"Grand Rapids, MI",msa,MI,2002,140177.0,12
394640,"Grand Rapids, MI",msa,MI,2003,145822.0,12
394640,"Grand Rapids, MI",msa,MI,2004,151243.0,12
394640,"Grand Rapids, MI",msa,MI,2005,154901.0,12
394640,"Grand Rapids, MI",msa,MI,2006,154255.0,12
394640,"Grand Rapids, MI",msa,MI,2007,149551.0,12
394640,"Grand Rapids, MI",msa,MI,2008,141020.0,12
394640,"Grand Rapids, MI",msa,MI,2009,133225.0,12
394640,"Grand Rapids, MI",msa,MI,2010,127580.0,12
394640,"Grand Rapids, MI",msa,MI,2011,124263.0,12
394640,"Grand Rapids, MI",msa,MI,2012,131677.0,12
394640,"Grand Rapids, MI",msa,MI,2013,144347.0,12
394640,"Grand Rapids, MI",msa,MI,2014,154446.0,12
394640,"Grand Rapids, MI",msa,MI,2015,166591.0,12
394640,"Grand Rapids, MI",msa,MI,2016,182328.0,12
394640,"Grand Rapids, MI",msa,MI,2017,197819.0,12
394640,"Grand Rapids, MI",msa,MI,2018,211484.0,12
394640,"Grand Rapids, MI",msa,MI,2019,224258.0,12
394640,"Grand Rapids, MI",msa,MI,2020,247800.0,12
394640,"Grand Rapids, MI",msa,MI,2021,284412.0,12
394640,"Grand Rapids, MI",msa,MI,2022,308533.0,12
394640,"Grand Rapids, MI",msa,MI,2023,322664.0,12
394640,"Grand Rapids, MI",msa,MI,2024,338715.0,12
394640,"Grand Rapids, MI",msa,MI,2025,353571.0,12
394640,"Grand Rapids, MI",msa,MI,2026,360930.0,7
394641,"Grants Pass, OR",msa,OR,2000,119096.0,12
394641,"Grants Pass, OR",msa,OR,2001,127020.0,12
394641,"Grants Pass, OR",msa,OR,2002,134176.0,12
394641,"Grants Pass, OR",msa,OR,2003,144974.0,12
394641,"Grants Pass, OR",msa,OR,2004,172659.0,12
394641,"Grants Pass, OR",msa,OR,2005,220945.0,12
394641,"Grants Pass, OR",msa,OR,2006,233203.0,12
394641,"Grants Pass, OR",msa,OR,2007,218255.0,12
394641,"Grants Pass, OR",msa,OR,2008,218551.0,12
394641,"Grants Pass, OR",msa,OR,2009,195664.0,12
394641,"Grants Pass, OR",msa,OR,2010,181672.0,12
394641,"Grants Pass, OR",msa,OR,2011,170749.0,12
394641,"Grants Pass, OR",msa,OR,2012,174847.0,12
394641,"Grants Pass, OR",msa,OR,2013,193893.0,12
394641,"Grants Pass, OR",msa,OR,2014,206553.0,12
394641,"Grants Pass, OR",msa,OR,2015,223093.0,12
394641,"Grants Pass, OR",msa,OR,2016,245178.0,12
394641,"Grants Pass, OR",msa,OR,2017,270094.0,12
394641,"Grants Pass, OR",msa,OR,2018,288900.0,12
394641,"Grants Pass, OR",msa,OR,2019,296354.0,12
394641,"Grants Pass, OR",msa,OR,2020,330754.0,12
394641,"Grants Pass, OR",msa,OR,2021,390844.0,12
394641,"Grants Pass, OR",msa,OR,2022,396060.0,12
394641,"Grants Pass, OR",msa,OR,2023,392240.0,12
394641,"Grants Pass, OR",msa,OR,2024,396535.0,12
394641,"Grants Pass, OR",msa,OR,2025,392497.0,12
394641,"Grants Pass, OR",msa,OR,2026,394254.0,7
394642,"Grants, NM",msa,NM,2016,90172.0,12
394642,"Grants, NM",msa,NM,2017,89586.0,12
394642,"Grants, NM",msa,NM,2018,99039.0,12
394642,"Grants, NM",msa,NM,2019,102187.0,12
394642,"Grants, NM",msa,NM,2020,113756.0,12
394642,"Grants, NM",msa,NM,2021,133226.0,12
394642,"Grants, NM",msa,NM,2022,137729.0,12
394642,"Grants, NM",msa,NM,2023,143463.0,12
394642,"Grants, NM",msa,NM,2024,147692.0,12
394642,"Grants, NM",msa,NM,2025,148330.0,12
394642,"Grants, NM",msa,NM,2026,159689.0,7
394643,"Great Bend, KS",msa,KS,2016,78840.0,12
394643,"Great Bend, KS",msa,KS,2017,77706.0,12
394643,"Great Bend, KS",msa,KS,2018,78017.0,12
394643,"Great Bend, KS",msa,KS,2019,78713.0,12
394643,"Great Bend, KS",msa,KS,2020,80708.0,12
394643,"Great Bend, KS",msa,KS,2021,89624.0,12
394643,"Great Bend, KS",msa,KS,2022,99896.0,12
394643,"Great Bend, KS",msa,KS,2023,107094.0,12
394643,"Great Bend, KS",msa,KS,2024,115389.0,12
394643,"Great Bend, KS",msa,KS,2025,117584.0,12
394643,"Great Bend, KS",msa,KS,2026,121976.0,7
394644,"Great Falls, MT",msa,MT,2007,161993.0,12
394644,"Great Falls, MT",msa,MT,2008,163257.0,12
394644,"Great Falls, MT",msa,MT,2009,154706.0,12
394644,"Great Falls, MT",msa,MT,2010,153145.0,12
394644,"Great Falls, MT",msa,MT,2011,152690.0,12
394644,"Great Falls, MT",msa,MT,2012,158321.0,12
394644,"Great Falls, MT",msa,MT,2013,159747.0,12
394644,"Great Falls, MT",msa,MT,2014,164829.0,12
394644,"Great Falls, MT",msa,MT,2015,171589.0,12
394644,"Great Falls, MT",msa,MT,2016,176114.0,12
394644,"Great Falls, MT",msa,MT,2017,181195.0,12
394644,"Great Falls, MT",msa,MT,2018,189755.0,12
394644,"Great Falls, MT",msa,MT,2019,197119.0,12
394644,"Great Falls, MT",msa,MT,2020,213566.0,12
394644,"Great Falls, MT",msa,MT,2021,251230.0,12
394644,"Great Falls, MT",msa,MT,2022,281312.0,12
394644,"Great Falls, MT",msa,MT,2023,301787.0,12
394644,"Great Falls, MT",msa,MT,2024,321800.0,12
394644,"Great Falls, MT",msa,MT,2025,338325.0,12
394644,"Great Falls, MT",msa,MT,2026,344123.0,7
394645,"Greeley, CO",msa,CO,2000,186675.0,12
394645,"Greeley, CO",msa,CO,2001,202916.0,12
394645,"Greeley, CO",msa,CO,2002,215107.0,12
394645,"Greeley, CO",msa,CO,2003,217579.0,12
394645,"Greeley, CO",msa,CO,2004,221743.0,12
394645,"Greeley, CO",msa,CO,2005,222779.0,12
394645,"Greeley, CO",msa,CO,2006,218467.0,12
394645,"Greeley, CO",msa,CO,2007,208166.0,12
394645,"Greeley, CO",msa,CO,2008,189661.0,12
394645,"Greeley, CO",msa,CO,2009,183272.0,12
394645,"Greeley, CO",msa,CO,2010,179759.0,12
394645,"Greeley, CO",msa,CO,2011,175417.0,12
394645,"Greeley, CO",msa,CO,2012,194445.0,12
394645,"Greeley, CO",msa,CO,2013,214190.0,12
394645,"Greeley, CO",msa,CO,2014,244318.0,12
394645,"Greeley, CO",msa,CO,2015,282096.0,12
394645,"Greeley, CO",msa,CO,2016,311044.0,12
394645,"Greeley, CO",msa,CO,2017,343545.0,12
394645,"Greeley, CO",msa,CO,2018,368762.0,12
394645,"Greeley, CO",msa,CO,2019,386001.0,12
394645,"Greeley, CO",msa,CO,2020,414197.0,12
394645,"Greeley, CO",msa,CO,2021,487301.0,12
394645,"Greeley, CO",msa,CO,2022,519081.0,12
394645,"Greeley, CO",msa,CO,2023,508043.0,12
394645,"Greeley, CO",msa,CO,2024,515305.0,12
394645,"Greeley, CO",msa,CO,2025,503651.0,12
394645,"Greeley, CO",msa,CO,2026,495353.0,7
394646,"Green Bay, WI",msa,WI,2001,125324.0,12
394646,"Green Bay, WI",msa,WI,2002,131282.0,12
394646,"Green Bay, WI",msa,WI,2003,136809.0,12
394646,"Green Bay, WI",msa,WI,2004,145354.0,12
394646,"Green Bay, WI",msa,WI,2005,151118.0,12
394646,"Green Bay, WI",msa,WI,2006,153351.0,12
394646,"Green Bay, WI",msa,WI,2007,152016.0,12
394646,"Green Bay, WI",msa,WI,2008,163708.0,12
394646,"Green Bay, WI",msa,WI,2009,158226.0,12
394646,"Green Bay, WI",msa,WI,2010,147830.0,12
394646,"Green Bay, WI",msa,WI,2011,139604.0,12
394646,"Green Bay, WI",msa,WI,2012,146103.0,12
394646,"Green Bay, WI",msa,WI,2013,148874.0,12
394646,"Green Bay, WI",msa,WI,2014,153485.0,12
394646,"Green Bay, WI",msa,WI,2015,160922.0,12
394646,"Green Bay, WI",msa,WI,2016,170969.0,12
394646,"Green Bay, WI",msa,WI,2017,183647.0,12
394646,"Green Bay, WI",msa,WI,2018,193891.0,12
394646,"Green Bay, WI",msa,WI,2019,206483.0,12
394646,"Green Bay, WI",msa,WI,2020,227062.0,12
394646,"Green Bay, WI",msa,WI,2021,255405.0,12
394646,"Green Bay, WI",msa,WI,2022,278212.0,12
394646,"Green Bay, WI",msa,WI,2023,301995.0,12
394646,"Green Bay, WI",msa,WI,2024,324879.0,12
394646,"Green Bay, WI",msa,WI,2025,343029.0,12
394646,"Green Bay, WI",msa,WI,2026,351940.0,7
394647,"Greeneville, TN",msa,TN,2000,80437.0,12
394647,"Greeneville, TN",msa,TN,2001,84058.0,12
394647,"Greeneville, TN",msa,TN,2002,84551.0,12
394647,"Greeneville, TN",msa,TN,2003,89874.0,12
394647,"Greeneville, TN",msa,TN,2004,95307.0,12
394647,"Greeneville, TN",msa,TN,2005,100381.0,12
394647,"Greeneville, TN",msa,TN,2006,107297.0,12
394647,"Greeneville, TN",msa,TN,2007,115888.0,12
394647,"Greeneville, TN",msa,TN,2008,108209.0,12
394647,"Greeneville, TN",msa,TN,2009,104807.0,12
394647,"Greeneville, TN",msa,TN,2010,103839.0,12
394647,"Greeneville, TN",msa,TN,2011,102507.0,12
394647,"Greeneville, TN",msa,TN,2012,99033.0,12
394647,"Greeneville, TN",msa,TN,2013,101914.0,12
394647,"Greeneville, TN",msa,TN,2014,107295.0,12
394647,"Greeneville, TN",msa,TN,2015,117351.0,12
394647,"Greeneville, TN",msa,TN,2016,123184.0,12
394647,"Greeneville, TN",msa,TN,2017,127720.0,12
394647,"Greeneville, TN",msa,TN,2018,133202.0,12
394647,"Greeneville, TN",msa,TN,2019,147243.0,12
394647,"Greeneville, TN",msa,TN,2020,162289.0,12
394647,"Greeneville, TN",msa,TN,2021,198235.0,12
394647,"Greeneville, TN",msa,TN,2022,209059.0,12
394647,"Greeneville, TN",msa,TN,2023,230120.0,12
394647,"Greeneville, TN",msa,TN,2024,244408.0,12
394647,"Greeneville, TN",msa,TN,2025,248604.0,12
394647,"Greeneville, TN",msa,TN,2026,253597.0,7
394648,"Greensboro, NC",msa,NC,2000,115804.0,12
394648,"Greensboro, NC",msa,NC,2001,119648.0,12
394648,"Greensboro, NC",msa,NC,2002,121575.0,12
394648,"Greensboro, NC",msa,NC,2003,123966.0,12
394648,"Greensboro, NC",msa,NC,2004,127668.0,12
394648,"Greensboro, NC",msa,NC,2005,132262.0,12
394648,"Greensboro, NC",msa,NC,2006,136596.0,12
394648,"Greensboro, NC",msa,NC,2007,139482.0,12
394648,"Greensboro, NC",msa,NC,2008,136379.0,12
394648,"Greensboro, NC",msa,NC,2009,131075.0,12
394648,"Greensboro, NC",msa,NC,2010,127048.0,12
394648,"Greensboro, NC",msa,NC,2011,120664.0,12
394648,"Greensboro, NC",msa,NC,2012,122895.0,12
394648,"Greensboro, NC",msa,NC,2013,126955.0,12
394648,"Greensboro, NC",msa,NC,2014,129616.0,12
394648,"Greensboro, NC",msa,NC,2015,134714.0,12
394648,"Greensboro, NC",msa,NC,2016,142179.0,12
394648,"Greensboro, NC",msa,NC,2017,149802.0,12
394648,"Greensboro, NC",msa,NC,2018,159969.0,12
394648,"Greensboro, NC",msa,NC,2019,171828.0,12
394648,"Greensboro, NC",msa,NC,2020,192127.0,12
394648,"Greensboro, NC",msa,NC,2021,217191.0,12
394648,"Greensboro, NC",msa,NC,2022,243664.0,12
394648,"Greensboro, NC",msa,NC,2023,255098.0,12
394648,"Greensboro, NC",msa,NC,2024,262620.0,12
394648,"Greensboro, NC",msa,NC,2025,264262.0,12
394648,"Greensboro, NC",msa,NC,2026,265237.0,7
394649,"Greensburg, IN",msa,IN,2012,122840.0,12
394649,"Greensburg, IN",msa,IN,2013,124663.0,12
394649,"Greensburg, IN",msa,IN,2014,128926.0,12
394649,"Greensburg, IN",msa,IN,2015,134532.0,12
394649,"Greensburg, IN",msa,IN,2016,140235.0,12
394649,"Greensburg, IN",msa,IN,2017,146054.0,12
394649,"Greensburg, IN",msa,IN,2018,150913.0,12
394649,"Greensburg, IN",msa,IN,2019,165588.0,12
394649,"Greensburg, IN",msa,IN,2020,179666.0,12
394649,"Greensburg, IN",msa,IN,2021,206936.0,12
394649,"Greensburg, IN",msa,IN,2022,221329.0,12
394649,"Greensburg, IN",msa,IN,2023,230319.0,12
394649,"Greensburg, IN",msa,IN,2024,244196.0,12
394649,"Greensburg, IN",msa,IN,2025,255199.0,12
394649,"Greensburg, IN",msa,IN,2026,263255.0,7
394650,"Greenville, MS",msa,MS,2019,103315.0,12
394650,"Greenville, MS",msa,MS,2020,108690.0,12
394650,"Greenville, MS",msa,MS,2021,112694.0,12
394650,"Greenville, MS",msa,MS,2022,88456.0,12
394650,"Greenville, MS",msa,MS,2023,80669.0,12
394650,"Greenville, MS",msa,MS,2024,73312.0,12
394650,"Greenville, MS",msa,MS,2025,52372.0,12
394650,"Greenville, MS",msa,MS,2026,55849.0,7
394651,"Greenville, NC",msa,NC,2008,138581.0,12
394651,"Greenville, NC",msa,NC,2009,132532.0,12
394651,"Greenville, NC",msa,NC,2010,131894.0,12
394651,"Greenville, NC",msa,NC,2011,127096.0,12
394651,"Greenville, NC",msa,NC,2012,125636.0,12
394651,"Greenville, NC",msa,NC,2013,124828.0,12
394651,"Greenville, NC",msa,NC,2014,124883.0,12
394651,"Greenville, NC",msa,NC,2015,127087.0,12
394651,"Greenville, NC",msa,NC,2016,129417.0,12
394651,"Greenville, NC",msa,NC,2017,135187.0,12
394651,"Greenville, NC",msa,NC,2018,140843.0,12
394651,"Greenville, NC",msa,NC,2019,148777.0,12
394651,"Greenville, NC",msa,NC,2020,164026.0,12
394651,"Greenville, NC",msa,NC,2021,190670.0,12
394651,"Greenville, NC",msa,NC,2022,222156.0,12
394651,"Greenville, NC",msa,NC,2023,235480.0,12
394651,"Greenville, NC",msa,NC,2024,240347.0,12
394651,"Greenville, NC",msa,NC,2025,243965.0,12
394651,"Greenville, NC",msa,NC,2026,245427.0,7
394652,"Greenville, OH",msa,OH,2000,100982.0,12
394652,"Greenville, OH",msa,OH,2001,104957.0,12
394652,"Greenville, OH",msa,OH,2002,107713.0,12
394652,"Greenville, OH",msa,OH,2003,110877.0,12
394652,"Greenville, OH",msa,OH,2004,114695.0,12
394652,"Greenville, OH",msa,OH,2005,114119.0,12
394652,"Greenville, OH",msa,OH,2006,117687.0,12
394652,"Greenville, OH",msa,OH,2007,119586.0,12
394652,"Greenville, OH",msa,OH,2008,116842.0,12
394652,"Greenville, OH",msa,OH,2009,112358.0,12
394652,"Greenville, OH",msa,OH,2010,109265.0,12
394652,"Greenville, OH",msa,OH,2011,104540.0,12
394652,"Greenville, OH",msa,OH,2012,115024.0,12
394652,"Greenville, OH",msa,OH,2013,130915.0,12
394652,"Greenville, OH",msa,OH,2014,134973.0,12
394652,"Greenville, OH",msa,OH,2015,138800.0,12
394652,"Greenville, OH",msa,OH,2016,114049.0,12
394652,"Greenville, OH",msa,OH,2017,113571.0,12
394652,"Greenville, OH",msa,OH,2018,121626.0,12
394652,"Greenville, OH",msa,OH,2019,129999.0,12
394652,"Greenville, OH",msa,OH,2020,144205.0,12
394652,"Greenville, OH",msa,OH,2021,163161.0,12
394652,"Greenville, OH",msa,OH,2022,176765.0,12
394652,"Greenville, OH",msa,OH,2023,185407.0,12
394652,"Greenville, OH",msa,OH,2024,197835.0,12
394652,"Greenville, OH",msa,OH,2025,211874.0,12
394652,"Greenville, OH",msa,OH,2026,222246.0,7
394653,"Greenville, SC",msa,SC,2000,124641.0,12
394653,"Greenville, SC",msa,SC,2001,127500.0,12
394653,"Greenville, SC",msa,SC,2002,130240.0,12
394653,"Greenville, SC",msa,SC,2003,132770.0,12
394653,"Greenville, SC",msa,SC,2004,135446.0,12
394653,"Greenville, SC",msa,SC,2005,140387.0,12
394653,"Greenville, SC",msa,SC,2006,148233.0,12
394653,"Greenville, SC",msa,SC,2007,151226.0,12
394653,"Greenville, SC",msa,SC,2008,150482.0,12
394653,"Greenville, SC",msa,SC,2009,145859.0,12
394653,"Greenville, SC",msa,SC,2010,143710.0,12
394653,"Greenville, SC",msa,SC,2011,138737.0,12
394653,"Greenville, SC",msa,SC,2012,140214.0,12
394653,"Greenville, SC",msa,SC,2013,145514.0,12
394653,"Greenville, SC",msa,SC,2014,150569.0,12
394653,"Greenville, SC",msa,SC,2015,161423.0,12
394653,"Greenville, SC",msa,SC,2016,171196.0,12
394653,"Greenville, SC",msa,SC,2017,182111.0,12
394653,"Greenville, SC",msa,SC,2018,194212.0,12
394653,"Greenville, SC",msa,SC,2019,203251.0,12
394653,"Greenville, SC",msa,SC,2020,223837.0,12
394653,"Greenville, SC",msa,SC,2021,254994.0,12
394653,"Greenville, SC",msa,SC,2022,293202.0,12
394653,"Greenville, SC",msa,SC,2023,302039.0,12
394653,"Greenville, SC",msa,SC,2024,308738.0,12
394653,"Greenville, SC",msa,SC,2025,312434.0,12
394653,"Greenville, SC",msa,SC,2026,315006.0,7
394654,"Greenwood, MS",msa,MS,2012,72294.0,12
394654,"Greenwood, MS",msa,MS,2013,66902.0,12
394654,"Greenwood, MS",msa,MS,2014,72310.0,12
394654,"Greenwood, MS",msa,MS,2015,80493.0,12
394654,"Greenwood, MS",msa,MS,2016,84590.0,12
394654,"Greenwood, MS",msa,MS,2017,85399.0,12
394654,"Greenwood, MS",msa,MS,2018,88472.0,12
394654,"Greenwood, MS",msa,MS,2019,100184.0,12
394654,"Greenwood, MS",msa,MS,2020,114701.0,12
394654,"Greenwood, MS",msa,MS,2021,131443.0,12
394654,"Greenwood, MS",msa,MS,2022,129811.0,12
394654,"Greenwood, MS",msa,MS,2023,110801.0,12
394654,"Greenwood, MS",msa,MS,2024,104305.0,12
394654,"Greenwood, MS",msa,MS,2025,101264.0,12
394654,"Greenwood, MS",msa,MS,2026,96563.0,7
394655,"Greenwood, SC",msa,SC,2000,62648.0,12
394655,"Greenwood, SC",msa,SC,2001,67055.0,12
394655,"Greenwood, SC",msa,SC,2002,71581.0,12
394655,"Greenwood, SC",msa,SC,2003,75682.0,12
394655,"Greenwood, SC",msa,SC,2004,80245.0,12
394655,"Greenwood, SC",msa,SC,2005,89105.0,12
394655,"Greenwood, SC",msa,SC,2006,94426.0,12
394655,"Greenwood, SC",msa,SC,2007,97414.0,12
394655,"Greenwood, SC",msa,SC,2008,97498.0,12
394655,"Greenwood, SC",msa,SC,2009,89815.0,12
394655,"Greenwood, SC",msa,SC,2010,87388.0,12
394655,"Greenwood, SC",msa,SC,2011,83506.0,12
394655,"Greenwood, SC",msa,SC,2012,88153.0,12
394655,"Greenwood, SC",msa,SC,2013,93556.0,12
394655,"Greenwood, SC",msa,SC,2014,95450.0,12
394655,"Greenwood, SC",msa,SC,2015,104125.0,12
394655,"Greenwood, SC",msa,SC,2016,106320.0,12
394655,"Greenwood, SC",msa,SC,2017,106782.0,12
394655,"Greenwood, SC",msa,SC,2018,112296.0,12
394655,"Greenwood, SC",msa,SC,2019,124047.0,12
394655,"Greenwood, SC",msa,SC,2020,138535.0,12
394655,"Greenwood, SC",msa,SC,2021,157426.0,12
394655,"Greenwood, SC",msa,SC,2022,172973.0,12
394655,"Greenwood, SC",msa,SC,2023,177696.0,12
394655,"Greenwood, SC",msa,SC,2024,181746.0,12
394655,"Greenwood, SC",msa,SC,2025,176430.0,12
394655,"Greenwood, SC",msa,SC,2026,178442.0,7
394656,"Grenada, MS",msa,MS,2016,91874.0,12
394656,"Grenada, MS",msa,MS,2017,91425.0,12
394656,"Grenada, MS",msa,MS,2018,91183.0,12
394656,"Grenada, MS",msa,MS,2019,103093.0,12
394656,"Grenada, MS",msa,MS,2020,111506.0,12
394656,"Grenada, MS",msa,MS,2021,130558.0,12
394656,"Grenada, MS",msa,MS,2022,124355.0,12
394656,"Grenada, MS",msa,MS,2023,122093.0,12
394656,"Grenada, MS",msa,MS,2024,123717.0,12
394656,"Grenada, MS",msa,MS,2025,128620.0,12
394656,"Grenada, MS",msa,MS,2026,129108.0,7
394658,"Gulfport, MS",msa,MS,2010,125621.0,12
394658,"Gulfport, MS",msa,MS,2011,121869.0,12
394658,"Gulfport, MS",msa,MS,2012,114584.0,12
394658,"Gulfport, MS",msa,MS,2013,115594.0,12
394658,"Gulfport, MS",msa,MS,2014,122266.0,12
394658,"Gulfport, MS",msa,MS,2015,130536.0,12
394658,"Gulfport, MS",msa,MS,2016,137129.0,12
394658,"Gulfport, MS",msa,MS,2017,143896.0,12
394658,"Gulfport, MS",msa,MS,2018,149714.0,12
394658,"Gulfport, MS",msa,MS,2019,156657.0,12
394658,"Gulfport, MS",msa,MS,2020,170162.0,12
394658,"Gulfport, MS",msa,MS,2021,197853.0,12
394658,"Gulfport, MS",msa,MS,2022,210750.0,12
394658,"Gulfport, MS",msa,MS,2023,215470.0,12
394658,"Gulfport, MS",msa,MS,2024,219363.0,12
394658,"Gulfport, MS",msa,MS,2025,219194.0,12
394658,"Gulfport, MS",msa,MS,2026,223508.0,7
394659,"Guymon, OK",msa,OK,2016,107292.0,12
394659,"Guymon, OK",msa,OK,2017,110525.0,12
394659,"Guymon, OK",msa,OK,2018,114001.0,12
394659,"Guymon, OK",msa,OK,2019,117238.0,12
394659,"Guymon, OK",msa,OK,2020,127811.0,12
394659,"Guymon, OK",msa,OK,2021,148368.0,12
394659,"Guymon, OK",msa,OK,2022,163845.0,12
394659,"Guymon, OK",msa,OK,2023,152566.0,12
394659,"Guymon, OK",msa,OK,2024,156467.0,12
394659,"Guymon, OK",msa,OK,2025,164786.0,12
394659,"Guymon, OK",msa,OK,2026,172149.0,7
394660,"Hagerstown, MD",msa,MD,2000,133338.0,12
394660,"Hagerstown, MD",msa,MD,2001,141292.0,12
394660,"Hagerstown, MD",msa,MD,2002,151047.0,12
394660,"Hagerstown, MD",msa,MD,2003,166605.0,12
394660,"Hagerstown, MD",msa,MD,2004,183620.0,12
394660,"Hagerstown, MD",msa,MD,2005,207929.0,12
394660,"Hagerstown, MD",msa,MD,2006,222222.0,12
394660,"Hagerstown, MD",msa,MD,2007,217384.0,12
394660,"Hagerstown, MD",msa,MD,2008,197730.0,12
394660,"Hagerstown, MD",msa,MD,2009,178278.0,12
394660,"Hagerstown, MD",msa,MD,2010,164414.0,12
394660,"Hagerstown, MD",msa,MD,2011,154582.0,12
394660,"Hagerstown, MD",msa,MD,2012,161525.0,12
394660,"Hagerstown, MD",msa,MD,2013,170243.0,12
394660,"Hagerstown, MD",msa,MD,2014,174487.0,12
394660,"Hagerstown, MD",msa,MD,2015,177401.0,12
394660,"Hagerstown, MD",msa,MD,2016,180553.0,12
394660,"Hagerstown, MD",msa,MD,2017,189327.0,12
394660,"Hagerstown, MD",msa,MD,2018,198690.0,12
394660,"Hagerstown, MD",msa,MD,2019,208309.0,12
394660,"Hagerstown, MD",msa,MD,2020,229717.0,12
394660,"Hagerstown, MD",msa,MD,2021,263260.0,12
394660,"Hagerstown, MD",msa,MD,2022,284522.0,12
394660,"Hagerstown, MD",msa,MD,2023,297605.0,12
394660,"Hagerstown, MD",msa,MD,2024,313749.0,12
394660,"Hagerstown, MD",msa,MD,2025,322484.0,12
394660,"Hagerstown, MD",msa,MD,2026,325773.0,7
753884,"Hailey, ID",msa,ID,2009,382095.0,12
753884,"Hailey, ID",msa,ID,2010,341980.0,12
753884,"Hailey, ID",msa,ID,2011,318844.0,12
753884,"Hailey, ID",msa,ID,2012,310492.0,12
753884,"Hailey, ID",msa,ID,2013,358231.0,12
753884,"Hailey, ID",msa,ID,2014,383242.0,12
753884,"Hailey, ID",msa,ID,2015,410816.0,12
753884,"Hailey, ID",msa,ID,2016,422570.0,12
753884,"Hailey, ID",msa,ID,2017,462098.0,12
753884,"Hailey, ID",msa,ID,2018,490402.0,12
753884,"Hailey, ID",msa,ID,2019,514921.0,12
753884,"Hailey, ID",msa,ID,2020,600361.0,12
753884,"Hailey, ID",msa,ID,2021,808108.0,12
753884,"Hailey, ID",msa,ID,2022,875319.0,12
753884,"Hailey, ID",msa,ID,2023,878574.0,12
753884,"Hailey, ID",msa,ID,2024,911897.0,12
753884,"Hailey, ID",msa,ID,2025,1033634.0,12
753884,"Hailey, ID",msa,ID,2026,1062484.0,7
394661,"Hammond, LA",msa,LA,2007,194946.0,12
394661,"Hammond, LA",msa,LA,2008,190152.0,12
394661,"Hammond, LA",msa,LA,2009,162056.0,12
394661,"Hammond, LA",msa,LA,2010,162826.0,12
394661,"Hammond, LA",msa,LA,2011,160630.0,12
394661,"Hammond, LA",msa,LA,2012,164526.0,12
394661,"Hammond, LA",msa,LA,2013,171407.0,12
394661,"Hammond, LA",msa,LA,2014,178458.0,12
394661,"Hammond, LA",msa,LA,2015,198347.0,12
394661,"Hammond, LA",msa,LA,2016,198934.0,12
394661,"Hammond, LA",msa,LA,2017,198312.0,12
394661,"Hammond, LA",msa,LA,2018,190369.0,12
394661,"Hammond, LA",msa,LA,2019,199673.0,12
394661,"Hammond, LA",msa,LA,2020,213250.0,12
394661,"Hammond, LA",msa,LA,2021,234346.0,12
394661,"Hammond, LA",msa,LA,2022,239068.0,12
394661,"Hammond, LA",msa,LA,2023,227500.0,12
394661,"Hammond, LA",msa,LA,2024,224892.0,12
394661,"Hammond, LA",msa,LA,2025,223816.0,12
394661,"Hammond, LA",msa,LA,2026,225124.0,7
394662,"Hanford, CA",msa,CA,2001,113292.0,12
394662,"Hanford, CA",msa,CA,2002,117427.0,12
394662,"Hanford, CA",msa,CA,2003,134889.0,12
394662,"Hanford, CA",msa,CA,2004,170456.0,12
394662,"Hanford, CA",msa,CA,2005,221185.0,12
394662,"Hanford, CA",msa,CA,2006,242301.0,12
394662,"Hanford, CA",msa,CA,2007,228234.0,12
394662,"Hanford, CA",msa,CA,2008,194809.0,12
394662,"Hanford, CA",msa,CA,2009,174082.0,12
394662,"Hanford, CA",msa,CA,2010,170402.0,12
394662,"Hanford, CA",msa,CA,2011,151766.0,12
394662,"Hanford, CA",msa,CA,2012,146931.0,12
394662,"Hanford, CA",msa,CA,2013,160710.0,12
394662,"Hanford, CA",msa,CA,2014,172754.0,12
394662,"Hanford, CA",msa,CA,2015,183358.0,12
394662,"Hanford, CA",msa,CA,2016,199103.0,12
394662,"Hanford, CA",msa,CA,2017,216903.0,12
394662,"Hanford, CA",msa,CA,2018,228150.0,12
394662,"Hanford, CA",msa,CA,2019,239681.0,12
394662,"Hanford, CA",msa,CA,2020,264601.0,12
394662,"Hanford, CA",msa,CA,2021,308582.0,12
394662,"Hanford, CA",msa,CA,2022,331129.0,12
394662,"Hanford, CA",msa,CA,2023,341963.0,12
394662,"Hanford, CA",msa,CA,2024,355326.0,12
394662,"Hanford, CA",msa,CA,2025,363196.0,12
394662,"Hanford, CA",msa,CA,2026,367801.0,7
394663,"Hannibal, MO",msa,MO,2009,104022.0,12
394663,"Hannibal, MO",msa,MO,2010,102747.0,12
394663,"Hannibal, MO",msa,MO,2011,100894.0,12
394663,"Hannibal, MO",msa,MO,2012,106491.0,12
394663,"Hannibal, MO",msa,MO,2013,108049.0,12
394663,"Hannibal, MO",msa,MO,2014,111501.0,12
394663,"Hannibal, MO",msa,MO,2015,121387.0,12
394663,"Hannibal, MO",msa,MO,2016,120939.0,12
394663,"Hannibal, MO",msa,MO,2017,119648.0,12
394663,"Hannibal, MO",msa,MO,2018,127717.0,12
394663,"Hannibal, MO",msa,MO,2019,129926.0,12
394663,"Hannibal, MO",msa,MO,2020,143162.0,12
394663,"Hannibal, MO",msa,MO,2021,165175.0,12
394663,"Hannibal, MO",msa,MO,2022,177522.0,12
394663,"Hannibal, MO",msa,MO,2023,185098.0,12
394663,"Hannibal, MO",msa,MO,2024,199362.0,12
394663,"Hannibal, MO",msa,MO,2025,212061.0,12
394663,"Hannibal, MO",msa,MO,2026,216493.0,7
394666,"Harrisburg, PA",msa,PA,2000,124025.0,12
394666,"Harrisburg, PA",msa,PA,2001,127964.0,12
394666,"Harrisburg, PA",msa,PA,2002,132194.0,12
394666,"Harrisburg, PA",msa,PA,2003,140613.0,12
394666,"Harrisburg, PA",msa,PA,2004,151063.0,12
394666,"Harrisburg, PA",msa,PA,2005,163703.0,12
394666,"Harrisburg, PA",msa,PA,2006,175493.0,12
394666,"Harrisburg, PA",msa,PA,2007,181927.0,12
394666,"Harrisburg, PA",msa,PA,2008,180809.0,12
394666,"Harrisburg, PA",msa,PA,2009,179638.0,12
394666,"Harrisburg, PA",msa,PA,2010,177197.0,12
394666,"Harrisburg, PA",msa,PA,2011,171531.0,12
394666,"Harrisburg, PA",msa,PA,2012,173186.0,12
394666,"Harrisburg, PA",msa,PA,2013,172928.0,12
394666,"Harrisburg, PA",msa,PA,2014,174925.0,12
394666,"Harrisburg, PA",msa,PA,2015,178708.0,12
394666,"Harrisburg, PA",msa,PA,2016,184054.0,12
394666,"Harrisburg, PA",msa,PA,2017,189395.0,12
394666,"Harrisburg, PA",msa,PA,2018,193778.0,12
394666,"Harrisburg, PA",msa,PA,2019,204271.0,12
394666,"Harrisburg, PA",msa,PA,2020,221254.0,12
394666,"Harrisburg, PA",msa,PA,2021,241325.0,12
394666,"Harrisburg, PA",msa,PA,2022,268521.0,12
394666,"Harrisburg, PA",msa,PA,2023,284121.0,12
394666,"Harrisburg, PA",msa,PA,2024,297271.0,12
394666,"Harrisburg, PA",msa,PA,2025,308555.0,12
394666,"Harrisburg, PA",msa,PA,2026,312861.0,7
394667,"Harrison, AR",msa,AR,2000,86109.0,12
394667,"Harrison, AR",msa,AR,2001,89837.0,12
394667,"Harrison, AR",msa,AR,2002,92183.0,12
394667,"Harrison, AR",msa,AR,2003,95341.0,12
394667,"Harrison, AR",msa,AR,2004,101570.0,12
394667,"Harrison, AR",msa,AR,2005,109806.0,12
394667,"Harrison, AR",msa,AR,2006,114962.0,12
394667,"Harrison, AR",msa,AR,2007,114105.0,12
394667,"Harrison, AR",msa,AR,2008,115505.0,12
394667,"Harrison, AR",msa,AR,2009,109961.0,12
394667,"Harrison, AR",msa,AR,2010,109827.0,12
394667,"Harrison, AR",msa,AR,2011,108536.0,12
394667,"Harrison, AR",msa,AR,2012,110309.0,12
394667,"Harrison, AR",msa,AR,2013,110511.0,12
394667,"Harrison, AR",msa,AR,2014,114994.0,12
394667,"Harrison, AR",msa,AR,2015,122739.0,12
394667,"Harrison, AR",msa,AR,2016,125859.0,12
394667,"Harrison, AR",msa,AR,2017,131750.0,12
394667,"Harrison, AR",msa,AR,2018,134719.0,12
394667,"Harrison, AR",msa,AR,2019,142300.0,12
394667,"Harrison, AR",msa,AR,2020,156882.0,12
394667,"Harrison, AR",msa,AR,2021,182600.0,12
394667,"Harrison, AR",msa,AR,2022,200494.0,12
394667,"Harrison, AR",msa,AR,2023,216787.0,12
394667,"Harrison, AR",msa,AR,2024,229875.0,12
394667,"Harrison, AR",msa,AR,2025,224658.0,12
394667,"Harrison, AR",msa,AR,2026,229898.0,7
394668,"Harrisonburg, VA",msa,VA,2009,193793.0,12
394668,"Harrisonburg, VA",msa,VA,2010,189312.0,12
394668,"Harrisonburg, VA",msa,VA,2011,187060.0,12
394668,"Harrisonburg, VA",msa,VA,2012,191841.0,12
394668,"Harrisonburg, VA",msa,VA,2013,194892.0,12
394668,"Harrisonburg, VA",msa,VA,2014,199319.0,12
394668,"Harrisonburg, VA",msa,VA,2015,207782.0,12
394668,"Harrisonburg, VA",msa,VA,2016,213368.0,12
394668,"Harrisonburg, VA",msa,VA,2017,219415.0,12
394668,"Harrisonburg, VA",msa,VA,2018,226344.0,12
394668,"Harrisonburg, VA",msa,VA,2019,236776.0,12
394668,"Harrisonburg, VA",msa,VA,2020,260472.0,12
394668,"Harrisonburg, VA",msa,VA,2021,287677.0,12
394668,"Harrisonburg, VA",msa,VA,2022,308295.0,12
394668,"Harrisonburg, VA",msa,VA,2023,327548.0,12
394668,"Harrisonburg, VA",msa,VA,2024,338618.0,12
394668,"Harrisonburg, VA",msa,VA,2025,350663.0,12
394668,"Harrisonburg, VA",msa,VA,2026,353959.0,7
394669,"Hartford, CT",msa,CT,2000,160457.0,12
394669,"Hartford, CT",msa,CT,2001,173650.0,12
394669,"Hartford, CT",msa,CT,2002,190826.0,12
394669,"Hartford, CT",msa,CT,2003,210064.0,12
394669,"Hartford, CT",msa,CT,2004,232947.0,12
394669,"Hartford, CT",msa,CT,2005,257322.0,12
394669,"Hartford, CT",msa,CT,2006,267865.0,12
394669,"Hartford, CT",msa,CT,2007,265709.0,12
394669,"Hartford, CT",msa,CT,2008,248602.0,12
394669,"Hartford, CT",msa,CT,2009,236783.0,12
394669,"Hartford, CT",msa,CT,2010,231263.0,12
394669,"Hartford, CT",msa,CT,2011,216454.0,12
394669,"Hartford, CT",msa,CT,2012,214283.0,12
394669,"Hartford, CT",msa,CT,2013,218172.0,12
394669,"Hartford, CT",msa,CT,2014,218847.0,12
394669,"Hartford, CT",msa,CT,2015,221890.0,12
394669,"Hartford, CT",msa,CT,2016,225293.0,12
394669,"Hartford, CT",msa,CT,2017,231521.0,12
394669,"Hartford, CT",msa,CT,2018,232972.0,12
394669,"Hartford, CT",msa,CT,2019,236275.0,12
394669,"Hartford, CT",msa,CT,2020,257662.0,12
394669,"Hartford, CT",msa,CT,2021,283206.0,12
394669,"Hartford, CT",msa,CT,2022,315273.0,12
394669,"Hartford, CT",msa,CT,2023,351119.0,12
394669,"Hartford, CT",msa,CT,2024,375904.0,12
394669,"Hartford, CT",msa,CT,2025,393541.0,12
394669,"Hartford, CT",msa,CT,2026,404943.0,7
394670,"Hastings, NE",msa,NE,2003,91857.0,12
394670,"Hastings, NE",msa,NE,2004,96115.0,12
394670,"Hastings, NE",msa,NE,2005,98718.0,12
394670,"Hastings, NE",msa,NE,2006,100446.0,12
394670,"Hastings, NE",msa,NE,2007,101870.0,12
394670,"Hastings, NE",msa,NE,2008,103143.0,12
394670,"Hastings, NE",msa,NE,2009,102179.0,12
394670,"Hastings, NE",msa,NE,2010,101937.0,12
394670,"Hastings, NE",msa,NE,2011,103249.0,12
394670,"Hastings, NE",msa,NE,2012,105766.0,12
394670,"Hastings, NE",msa,NE,2013,111549.0,12
394670,"Hastings, NE",msa,NE,2014,114741.0,12
394670,"Hastings, NE",msa,NE,2015,120723.0,12
394670,"Hastings, NE",msa,NE,2016,126354.0,12
394670,"Hastings, NE",msa,NE,2017,131475.0,12
394670,"Hastings, NE",msa,NE,2018,139337.0,12
394670,"Hastings, NE",msa,NE,2019,148624.0,12
394670,"Hastings, NE",msa,NE,2020,164406.0,12
394670,"Hastings, NE",msa,NE,2021,177381.0,12
394670,"Hastings, NE",msa,NE,2022,189612.0,12
394670,"Hastings, NE",msa,NE,2023,197122.0,12
394670,"Hastings, NE",msa,NE,2024,205809.0,12
394670,"Hastings, NE",msa,NE,2025,213865.0,12
394670,"Hastings, NE",msa,NE,2026,217703.0,7
394671,"Hattiesburg, MS",msa,MS,2012,134673.0,12
394671,"Hattiesburg, MS",msa,MS,2013,133401.0,12
394671,"Hattiesburg, MS",msa,MS,2014,135607.0,12
394671,"Hattiesburg, MS",msa,MS,2015,145403.0,12
394671,"Hattiesburg, MS",msa,MS,2016,145265.0,12
394671,"Hattiesburg, MS",msa,MS,2017,148587.0,12
394671,"Hattiesburg, MS",msa,MS,2018,152899.0,12
394671,"Hattiesburg, MS",msa,MS,2019,159756.0,12
394671,"Hattiesburg, MS",msa,MS,2020,168993.0,12
394671,"Hattiesburg, MS",msa,MS,2021,187532.0,12
394671,"Hattiesburg, MS",msa,MS,2022,193471.0,12
394671,"Hattiesburg, MS",msa,MS,2023,199702.0,12
394671,"Hattiesburg, MS",msa,MS,2024,207623.0,12
394671,"Hattiesburg, MS",msa,MS,2025,211236.0,12
394671,"Hattiesburg, MS",msa,MS,2026,217753.0,7
394673,"Hays, KS",msa,KS,2016,165731.0,12
394673,"Hays, KS",msa,KS,2017,163429.0,12
394673,"Hays, KS",msa,KS,2018,164201.0,12
394673,"Hays, KS",msa,KS,2019,171864.0,12
394673,"Hays, KS",msa,KS,2020,183240.0,12
394673,"Hays, KS",msa,KS,2021,199748.0,12
394673,"Hays, KS",msa,KS,2022,213842.0,12
394673,"Hays, KS",msa,KS,2023,218126.0,12
394673,"Hays, KS",msa,KS,2024,229901.0,12
394673,"Hays, KS",msa,KS,2025,245330.0,12
394673,"Hays, KS",msa,KS,2026,246245.0,7
394674,"Heber, UT",msa,UT,2009,365953.0,12
394674,"Heber, UT",msa,UT,2010,348601.0,12
394674,"Heber, UT",msa,UT,2011,337407.0,12
394674,"Heber, UT",msa,UT,2012,358254.0,12
394674,"Heber, UT",msa,UT,2013,399268.0,12
394674,"Heber, UT",msa,UT,2014,417160.0,12
394674,"Heber, UT",msa,UT,2015,478432.0,12
394674,"Heber, UT",msa,UT,2016,514298.0,12
394674,"Heber, UT",msa,UT,2017,564264.0,12
394674,"Heber, UT",msa,UT,2018,617624.0,12
394674,"Heber, UT",msa,UT,2019,650544.0,12
394674,"Heber, UT",msa,UT,2020,757447.0,12
394674,"Heber, UT",msa,UT,2021,972233.0,12
394674,"Heber, UT",msa,UT,2022,1060616.0,12
394674,"Heber, UT",msa,UT,2023,1075836.0,12
394674,"Heber, UT",msa,UT,2024,1109427.0,12
394674,"Heber, UT",msa,UT,2025,1128957.0,12
394674,"Heber, UT",msa,UT,2026,1144238.0,7
394676,"Helena, AR",msa,AR,2013,55581.0,12
394676,"Helena, AR",msa,AR,2014,54252.0,12
394676,"Helena, AR",msa,AR,2015,58421.0,12
394676,"Helena, AR",msa,AR,2016,60103.0,12
394676,"Helena, AR",msa,AR,2017,64661.0,12
394676,"Helena, AR",msa,AR,2018,60116.0,12
394676,"Helena, AR",msa,AR,2019,61869.0,12
394676,"Helena, AR",msa,AR,2020,66562.0,12
394676,"Helena, AR",msa,AR,2021,62419.0,12
394676,"Helena, AR",msa,AR,2022,54327.0,12
394676,"Helena, AR",msa,AR,2023,51845.0,12
394676,"Helena, AR",msa,AR,2024,50876.0,12
394676,"Helena, AR",msa,AR,2025,48199.0,12
394676,"Helena, AR",msa,AR,2026,48414.0,7
394675,"Helena, MT",msa,MT,2009,196549.0,12
394675,"Helena, MT",msa,MT,2010,193274.0,12
394675,"Helena, MT",msa,MT,2011,191723.0,12
394675,"Helena, MT",msa,MT,2012,200169.0,12
394675,"Helena, MT",msa,MT,2013,206372.0,12
394675,"Helena, MT",msa,MT,2014,211071.0,12
394675,"Helena, MT",msa,MT,2015,227505.0,12
394675,"Helena, MT",msa,MT,2016,234694.0,12
394675,"Helena, MT",msa,MT,2017,250018.0,12
394675,"Helena, MT",msa,MT,2018,261328.0,12
394675,"Helena, MT",msa,MT,2019,277867.0,12
394675,"Helena, MT",msa,MT,2020,314363.0,12
394675,"Helena, MT",msa,MT,2021,388929.0,12
394675,"Helena, MT",msa,MT,2022,429188.0,12
394675,"Helena, MT",msa,MT,2023,440271.0,12
394675,"Helena, MT",msa,MT,2024,461106.0,12
394675,"Helena, MT",msa,MT,2025,473137.0,12
394675,"Helena, MT",msa,MT,2026,479977.0,7
394677,"Henderson, NC",msa,NC,2000,78189.0,12
394677,"Henderson, NC",msa,NC,2001,82661.0,12
394677,"Henderson, NC",msa,NC,2002,85070.0,12
394677,"Henderson, NC",msa,NC,2003,87478.0,12
394677,"Henderson, NC",msa,NC,2004,91075.0,12
394677,"Henderson, NC",msa,NC,2005,97466.0,12
394677,"Henderson, NC",msa,NC,2006,103296.0,12
394677,"Henderson, NC",msa,NC,2007,105851.0,12
394677,"Henderson, NC",msa,NC,2008,104653.0,12
394677,"Henderson, NC",msa,NC,2009,99163.0,12
394677,"Henderson, NC",msa,NC,2010,95457.0,12
394677,"Henderson, NC",msa,NC,2011,86210.0,12
394677,"Henderson, NC",msa,NC,2012,88954.0,12
394677,"Henderson, NC",msa,NC,2013,87498.0,12
394677,"Henderson, NC",msa,NC,2014,91669.0,12
394677,"Henderson, NC",msa,NC,2015,97214.0,12
394677,"Henderson, NC",msa,NC,2016,97017.0,12
394677,"Henderson, NC",msa,NC,2017,104292.0,12
394677,"Henderson, NC",msa,NC,2018,109938.0,12
394677,"Henderson, NC",msa,NC,2019,122501.0,12
394677,"Henderson, NC",msa,NC,2020,141179.0,12
394677,"Henderson, NC",msa,NC,2021,164638.0,12
394677,"Henderson, NC",msa,NC,2022,171787.0,12
394677,"Henderson, NC",msa,NC,2023,183931.0,12
394677,"Henderson, NC",msa,NC,2024,188863.0,12
394677,"Henderson, NC",msa,NC,2025,184143.0,12
394677,"Henderson, NC",msa,NC,2026,185626.0,7
394678,"Hereford, TX",msa,TX,2012,78818.0,12
394678,"Hereford, TX",msa,TX,2013,82542.0,12
394678,"Hereford, TX",msa,TX,2014,89330.0,12
394678,"Hereford, TX",msa,TX,2015,87358.0,12
394678,"Hereford, TX",msa,TX,2016,90253.0,12
394678,"Hereford, TX",msa,TX,2017,93699.0,12
394678,"Hereford, TX",msa,TX,2018,106509.0,12
394678,"Hereford, TX",msa,TX,2019,119886.0,12
394678,"Hereford, TX",msa,TX,2020,143003.0,12
394678,"Hereford, TX",msa,TX,2021,166375.0,12
394678,"Hereford, TX",msa,TX,2022,169144.0,12
394678,"Hereford, TX",msa,TX,2023,171632.0,12
394678,"Hereford, TX",msa,TX,2024,180777.0,12
394678,"Hereford, TX",msa,TX,2025,179757.0,12
394678,"Hereford, TX",msa,TX,2026,178104.0,7
753887,"Hermiston, OR",msa,OR,2009,150407.0,12
753887,"Hermiston, OR",msa,OR,2010,142642.0,12
753887,"Hermiston, OR",msa,OR,2011,136678.0,12
753887,"Hermiston, OR",msa,OR,2012,138045.0,12
753887,"Hermiston, OR",msa,OR,2013,142393.0,12
753887,"Hermiston, OR",msa,OR,2014,148627.0,12
753887,"Hermiston, OR",msa,OR,2015,154310.0,12
753887,"Hermiston, OR",msa,OR,2016,161980.0,12
753887,"Hermiston, OR",msa,OR,2017,173355.0,12
753887,"Hermiston, OR",msa,OR,2018,188293.0,12
753887,"Hermiston, OR",msa,OR,2019,205102.0,12
753887,"Hermiston, OR",msa,OR,2020,231179.0,12
753887,"Hermiston, OR",msa,OR,2021,275165.0,12
753887,"Hermiston, OR",msa,OR,2022,295311.0,12
753887,"Hermiston, OR",msa,OR,2023,295870.0,12
753887,"Hermiston, OR",msa,OR,2024,304832.0,12
753887,"Hermiston, OR",msa,OR,2025,311318.0,12
753887,"Hermiston, OR",msa,OR,2026,316182.0,7
394679,"Hickory, NC",msa,NC,2000,99791.0,12
394679,"Hickory, NC",msa,NC,2001,103689.0,12
394679,"Hickory, NC",msa,NC,2002,105869.0,12
394679,"Hickory, NC",msa,NC,2003,107576.0,12
394679,"Hickory, NC",msa,NC,2004,110320.0,12
394679,"Hickory, NC",msa,NC,2005,116811.0,12
394679,"Hickory, NC",msa,NC,2006,123640.0,12
394679,"Hickory, NC",msa,NC,2007,127392.0,12
394679,"Hickory, NC",msa,NC,2008,126898.0,12
394679,"Hickory, NC",msa,NC,2009,120178.0,12
394679,"Hickory, NC",msa,NC,2010,118559.0,12
394679,"Hickory, NC",msa,NC,2011,113600.0,12
394679,"Hickory, NC",msa,NC,2012,114850.0,12
394679,"Hickory, NC",msa,NC,2013,115873.0,12
394679,"Hickory, NC",msa,NC,2014,115774.0,12
394679,"Hickory, NC",msa,NC,2015,124079.0,12
394679,"Hickory, NC",msa,NC,2016,131787.0,12
394679,"Hickory, NC",msa,NC,2017,139434.0,12
394679,"Hickory, NC",msa,NC,2018,149735.0,12
394679,"Hickory, NC",msa,NC,2019,163346.0,12
394679,"Hickory, NC",msa,NC,2020,186756.0,12
394679,"Hickory, NC",msa,NC,2021,209976.0,12
394679,"Hickory, NC",msa,NC,2022,242895.0,12
394679,"Hickory, NC",msa,NC,2023,255809.0,12
394679,"Hickory, NC",msa,NC,2024,265721.0,12
394679,"Hickory, NC",msa,NC,2025,267658.0,12
394679,"Hickory, NC",msa,NC,2026,271350.0,7
753889,"Hillsdale, MI",msa,MI,2008,99978.0,12
753889,"Hillsdale, MI",msa,MI,2009,90785.0,12
753889,"Hillsdale, MI",msa,MI,2010,89353.0,12
753889,"Hillsdale, MI",msa,MI,2011,88277.0,12
753889,"Hillsdale, MI",msa,MI,2012,95419.0,12
753889,"Hillsdale, MI",msa,MI,2013,100994.0,12
753889,"Hillsdale, MI",msa,MI,2014,107706.0,12
753889,"Hillsdale, MI",msa,MI,2015,112986.0,12
753889,"Hillsdale, MI",msa,MI,2016,119738.0,12
753889,"Hillsdale, MI",msa,MI,2017,128370.0,12
753889,"Hillsdale, MI",msa,MI,2018,135097.0,12
753889,"Hillsdale, MI",msa,MI,2019,145224.0,12
753889,"Hillsdale, MI",msa,MI,2020,161251.0,12
753889,"Hillsdale, MI",msa,MI,2021,179827.0,12
753889,"Hillsdale, MI",msa,MI,2022,189835.0,12
753889,"Hillsdale, MI",msa,MI,2023,190402.0,12
753889,"Hillsdale, MI",msa,MI,2024,198524.0,12
753889,"Hillsdale, MI",msa,MI,2025,211166.0,12
753889,"Hillsdale, MI",msa,MI,2026,216487.0,7
394680,"Hilo, HI",msa,HI,2015,335344.0,12
394680,"Hilo, HI",msa,HI,2016,349985.0,12
394680,"Hilo, HI",msa,HI,2017,369819.0,12
394680,"Hilo, HI",msa,HI,2018,378108.0,12
394680,"Hilo, HI",msa,HI,2019,392847.0,12
394680,"Hilo, HI",msa,HI,2020,422702.0,12
394680,"Hilo, HI",msa,HI,2021,496833.0,12
394680,"Hilo, HI",msa,HI,2022,583276.0,12
394680,"Hilo, HI",msa,HI,2023,574019.0,12
394680,"Hilo, HI",msa,HI,2024,586950.0,12
394680,"Hilo, HI",msa,HI,2025,572127.0,12
394680,"Hilo, HI",msa,HI,2026,577398.0,7
394681,"Hilton Head Island, SC",msa,SC,2000,200915.0,12
394681,"Hilton Head Island, SC",msa,SC,2001,224222.0,12
394681,"Hilton Head Island, SC",msa,SC,2002,228843.0,12
394681,"Hilton Head Island, SC",msa,SC,2003,241903.0,12
394681,"Hilton Head Island, SC",msa,SC,2004,262761.0,12
394681,"Hilton Head Island, SC",msa,SC,2005,310017.0,12
394681,"Hilton Head Island, SC",msa,SC,2006,354816.0,12
394681,"Hilton Head Island, SC",msa,SC,2007,340885.0,12
394681,"Hilton Head Island, SC",msa,SC,2008,303219.0,12
394681,"Hilton Head Island, SC",msa,SC,2009,272259.0,12
394681,"Hilton Head Island, SC",msa,SC,2010,255982.0,12
394681,"Hilton Head Island, SC",msa,SC,2011,235017.0,12
394681,"Hilton Head Island, SC",msa,SC,2012,236268.0,12
394681,"Hilton Head Island, SC",msa,SC,2013,249825.0,12
394681,"Hilton Head Island, SC",msa,SC,2014,259837.0,12
394681,"Hilton Head Island, SC",msa,SC,2015,279471.0,12
394681,"Hilton Head Island, SC",msa,SC,2016,289568.0,12
394681,"Hilton Head Island, SC",msa,SC,2017,296860.0,12
394681,"Hilton Head Island, SC",msa,SC,2018,305820.0,12
394681,"Hilton Head Island, SC",msa,SC,2019,317077.0,12
394681,"Hilton Head Island, SC",msa,SC,2020,338977.0,12
394681,"Hilton Head Island, SC",msa,SC,2021,418872.0,12
394681,"Hilton Head Island, SC",msa,SC,2022,487874.0,12
394681,"Hilton Head Island, SC",msa,SC,2023,516698.0,12
394681,"Hilton Head Island, SC",msa,SC,2024,528081.0,12
394681,"Hilton Head Island, SC",msa,SC,2025,523031.0,12
394681,"Hilton Head Island, SC",msa,SC,2026,525530.0,7
394682,"Hinesville, GA",msa,GA,2000,126057.0,12
394682,"Hinesville, GA",msa,GA,2001,130910.0,12
394682,"Hinesville, GA",msa,GA,2002,134691.0,12
394682,"Hinesville, GA",msa,GA,2003,138762.0,12
394682,"Hinesville, GA",msa,GA,2004,146407.0,12
394682,"Hinesville, GA",msa,GA,2005,155414.0,12
394682,"Hinesville, GA",msa,GA,2006,181361.0,12
394682,"Hinesville, GA",msa,GA,2007,173516.0,12
394682,"Hinesville, GA",msa,GA,2008,165763.0,12
394682,"Hinesville, GA",msa,GA,2009,155416.0,12
394682,"Hinesville, GA",msa,GA,2010,146299.0,12
394682,"Hinesville, GA",msa,GA,2011,137980.0,12
394682,"Hinesville, GA",msa,GA,2012,138595.0,12
394682,"Hinesville, GA",msa,GA,2013,135757.0,12
394682,"Hinesville, GA",msa,GA,2014,137588.0,12
394682,"Hinesville, GA",msa,GA,2015,138323.0,12
394682,"Hinesville, GA",msa,GA,2016,134404.0,12
394682,"Hinesville, GA",msa,GA,2017,135998.0,12
394682,"Hinesville, GA",msa,GA,2018,144978.0,12
394682,"Hinesville, GA",msa,GA,2019,152368.0,12
394682,"Hinesville, GA",msa,GA,2020,164989.0,12
394682,"Hinesville, GA",msa,GA,2021,190565.0,12
394682,"Hinesville, GA",msa,GA,2022,225112.0,12
394682,"Hinesville, GA",msa,GA,2023,243067.0,12
394682,"Hinesville, GA",msa,GA,2024,253368.0,12
394682,"Hinesville, GA",msa,GA,2025,258520.0,12
394682,"Hinesville, GA",msa,GA,2026,258184.0,7
394683,"Hobbs, NM",msa,NM,2013,207249.0,12
394683,"Hobbs, NM",msa,NM,2014,229333.0,12
394683,"Hobbs, NM",msa,NM,2015,229427.0,12
394683,"Hobbs, NM",msa,NM,2016,224155.0,12
394683,"Hobbs, NM",msa,NM,2017,224593.0,12
394683,"Hobbs, NM",msa,NM,2018,232969.0,12
394683,"Hobbs, NM",msa,NM,2019,251229.0,12
394683,"Hobbs, NM",msa,NM,2020,263097.0,12
394683,"Hobbs, NM",msa,NM,2021,238003.0,12
394683,"Hobbs, NM",msa,NM,2022,215393.0,12
394683,"Hobbs, NM",msa,NM,2023,196714.0,12
394683,"Hobbs, NM",msa,NM,2024,194256.0,12
394683,"Hobbs, NM",msa,NM,2025,195172.0,12
394683,"Hobbs, NM",msa,NM,2026,201808.0,7
753890,"Holland, MI",msa,MI,2000,135490.0,12
753890,"Holland, MI",msa,MI,2001,143474.0,12
753890,"Holland, MI",msa,MI,2002,147085.0,12
753890,"Holland, MI",msa,MI,2003,151339.0,12
753890,"Holland, MI",msa,MI,2004,158977.0,12
753890,"Holland, MI",msa,MI,2005,163339.0,12
753890,"Holland, MI",msa,MI,2006,165357.0,12
753890,"Holland, MI",msa,MI,2007,162361.0,12
753890,"Holland, MI",msa,MI,2008,160263.0,12
753890,"Holland, MI",msa,MI,2009,147625.0,12
753890,"Holland, MI",msa,MI,2010,138033.0,12
753890,"Holland, MI",msa,MI,2011,132432.0,12
753890,"Holland, MI",msa,MI,2012,133907.0,12
753890,"Holland, MI",msa,MI,2013,148057.0,12
753890,"Holland, MI",msa,MI,2014,155236.0,12
753890,"Holland, MI",msa,MI,2015,168909.0,12
753890,"Holland, MI",msa,MI,2016,179878.0,12
753890,"Holland, MI",msa,MI,2017,197247.0,12
753890,"Holland, MI",msa,MI,2018,207206.0,12
753890,"Holland, MI",msa,MI,2019,218847.0,12
753890,"Holland, MI",msa,MI,2020,243972.0,12
753890,"Holland, MI",msa,MI,2021,277895.0,12
753890,"Holland, MI",msa,MI,2022,296520.0,12
753890,"Holland, MI",msa,MI,2023,310388.0,12
753890,"Holland, MI",msa,MI,2024,330322.0,12
753890,"Holland, MI",msa,MI,2025,348138.0,12
753890,"Holland, MI",msa,MI,2026,353468.0,7
394685,"Homosassa Springs, FL",msa,FL,2000,94462.0,12
394685,"Homosassa Springs, FL",msa,FL,2001,101036.0,12
394685,"Homosassa Springs, FL",msa,FL,2002,106161.0,12
394685,"Homosassa Springs, FL",msa,FL,2003,114559.0,12
394685,"Homosassa Springs, FL",msa,FL,2004,131255.0,12
394685,"Homosassa Springs, FL",msa,FL,2005,170827.0,12
394685,"Homosassa Springs, FL",msa,FL,2006,188251.0,12
394685,"Homosassa Springs, FL",msa,FL,2007,170670.0,12
394685,"Homosassa Springs, FL",msa,FL,2008,146028.0,12
394685,"Homosassa Springs, FL",msa,FL,2009,128196.0,12
394685,"Homosassa Springs, FL",msa,FL,2010,116114.0,12
394685,"Homosassa Springs, FL",msa,FL,2011,106141.0,12
394685,"Homosassa Springs, FL",msa,FL,2012,102015.0,12
394685,"Homosassa Springs, FL",msa,FL,2013,107326.0,12
394685,"Homosassa Springs, FL",msa,FL,2014,112585.0,12
394685,"Homosassa Springs, FL",msa,FL,2015,124165.0,12
394685,"Homosassa Springs, FL",msa,FL,2016,136632.0,12
394685,"Homosassa Springs, FL",msa,FL,2017,150202.0,12
394685,"Homosassa Springs, FL",msa,FL,2018,165390.0,12
394685,"Homosassa Springs, FL",msa,FL,2019,172533.0,12
394685,"Homosassa Springs, FL",msa,FL,2020,193931.0,12
394685,"Homosassa Springs, FL",msa,FL,2021,246009.0,12
394685,"Homosassa Springs, FL",msa,FL,2022,288939.0,12
394685,"Homosassa Springs, FL",msa,FL,2023,288568.0,12
394685,"Homosassa Springs, FL",msa,FL,2024,287263.0,12
394685,"Homosassa Springs, FL",msa,FL,2025,274325.0,12
394685,"Homosassa Springs, FL",msa,FL,2026,272840.0,7
394687,"Hood River, OR",msa,OR,2000,191165.0,12
394687,"Hood River, OR",msa,OR,2001,201316.0,12
394687,"Hood River, OR",msa,OR,2002,212642.0,12
394687,"Hood River, OR",msa,OR,2003,227720.0,12
394687,"Hood River, OR",msa,OR,2004,258738.0,12
394687,"Hood River, OR",msa,OR,2005,316004.0,12
394687,"Hood River, OR",msa,OR,2006,357857.0,12
394687,"Hood River, OR",msa,OR,2007,364925.0,12
394687,"Hood River, OR",msa,OR,2008,343347.0,12
394687,"Hood River, OR",msa,OR,2009,312678.0,12
394687,"Hood River, OR",msa,OR,2010,299571.0,12
394687,"Hood River, OR",msa,OR,2011,289128.0,12
394687,"Hood River, OR",msa,OR,2012,294264.0,12
394687,"Hood River, OR",msa,OR,2013,319777.0,12
394687,"Hood River, OR",msa,OR,2014,335866.0,12
394687,"Hood River, OR",msa,OR,2015,361149.0,12
394687,"Hood River, OR",msa,OR,2016,391743.0,12
394687,"Hood River, OR",msa,OR,2017,439284.0,12
394687,"Hood River, OR",msa,OR,2018,465690.0,12
394687,"Hood River, OR",msa,OR,2019,480745.0,12
394687,"Hood River, OR",msa,OR,2020,537123.0,12
394687,"Hood River, OR",msa,OR,2021,638829.0,12
394687,"Hood River, OR",msa,OR,2022,680693.0,12
394687,"Hood River, OR",msa,OR,2023,687742.0,12
394687,"Hood River, OR",msa,OR,2024,696693.0,12
394687,"Hood River, OR",msa,OR,2025,689303.0,12
394687,"Hood River, OR",msa,OR,2026,696428.0,7
394689,"Hot Springs, AR",msa,AR,2000,92167.0,12
394689,"Hot Springs, AR",msa,AR,2001,94862.0,12
394689,"Hot Springs, AR",msa,AR,2002,96391.0,12
394689,"Hot Springs, AR",msa,AR,2003,103872.0,12
394689,"Hot Springs, AR",msa,AR,2004,110494.0,12
394689,"Hot Springs, AR",msa,AR,2005,119037.0,12
394689,"Hot Springs, AR",msa,AR,2006,130575.0,12
394689,"Hot Springs, AR",msa,AR,2007,134505.0,12
394689,"Hot Springs, AR",msa,AR,2008,134292.0,12
394689,"Hot Springs, AR",msa,AR,2009,115701.0,12
394689,"Hot Springs, AR",msa,AR,2010,118116.0,12
394689,"Hot Springs, AR",msa,AR,2011,118407.0,12
394689,"Hot Springs, AR",msa,AR,2012,126095.0,12
394689,"Hot Springs, AR",msa,AR,2013,127098.0,12
394689,"Hot Springs, AR",msa,AR,2014,128797.0,12
394689,"Hot Springs, AR",msa,AR,2015,131974.0,12
394689,"Hot Springs, AR",msa,AR,2016,134433.0,12
394689,"Hot Springs, AR",msa,AR,2017,137540.0,12
394689,"Hot Springs, AR",msa,AR,2018,144595.0,12
394689,"Hot Springs, AR",msa,AR,2019,152305.0,12
394689,"Hot Springs, AR",msa,AR,2020,170206.0,12
394689,"Hot Springs, AR",msa,AR,2021,207545.0,12
394689,"Hot Springs, AR",msa,AR,2022,231709.0,12
394689,"Hot Springs, AR",msa,AR,2023,239052.0,12
394689,"Hot Springs, AR",msa,AR,2024,246597.0,12
394689,"Hot Springs, AR",msa,AR,2025,244593.0,12
394689,"Hot Springs, AR",msa,AR,2026,246753.0,7
394690,"Houghton, MI",msa,MI,2000,106364.0,12
394690,"Houghton, MI",msa,MI,2001,115349.0,12
394690,"Houghton, MI",msa,MI,2002,121015.0,12
394690,"Houghton, MI",msa,MI,2003,120564.0,12
394690,"Houghton, MI",msa,MI,2004,126176.0,12
394690,"Houghton, MI",msa,MI,2005,129631.0,12
394690,"Houghton, MI",msa,MI,2006,130387.0,12
394690,"Houghton, MI",msa,MI,2007,128932.0,12
394690,"Houghton, MI",msa,MI,2008,124424.0,12
394690,"Houghton, MI",msa,MI,2009,123700.0,12
394690,"Houghton, MI",msa,MI,2010,112775.0,12
394690,"Houghton, MI",msa,MI,2011,119439.0,12
394690,"Houghton, MI",msa,MI,2012,122875.0,12
394690,"Houghton, MI",msa,MI,2013,125106.0,12
394690,"Houghton, MI",msa,MI,2014,122375.0,12
394690,"Houghton, MI",msa,MI,2015,124492.0,12
394690,"Houghton, MI",msa,MI,2016,125851.0,12
394690,"Houghton, MI",msa,MI,2017,136411.0,12
394690,"Houghton, MI",msa,MI,2018,138218.0,12
394690,"Houghton, MI",msa,MI,2019,139283.0,12
394690,"Houghton, MI",msa,MI,2020,145031.0,12
394690,"Houghton, MI",msa,MI,2021,164066.0,12
394690,"Houghton, MI",msa,MI,2022,176637.0,12
394690,"Houghton, MI",msa,MI,2023,179244.0,12
394690,"Houghton, MI",msa,MI,2024,186508.0,12
394690,"Houghton, MI",msa,MI,2025,192358.0,12
394690,"Houghton, MI",msa,MI,2026,200165.0,7
394691,"Houma, LA",msa,LA,2009,177821.0,12
394691,"Houma, LA",msa,LA,2010,177236.0,12
394691,"Houma, LA",msa,LA,2011,179422.0,12
394691,"Houma, LA",msa,LA,2012,176776.0,12
394691,"Houma, LA",msa,LA,2013,196256.0,12
394691,"Houma, LA",msa,LA,2014,197511.0,12
394691,"Houma, LA",msa,LA,2015,211712.0,12
394691,"Houma, LA",msa,LA,2016,208368.0,12
394691,"Houma, LA",msa,LA,2017,197433.0,12
394691,"Houma, LA",msa,LA,2018,196137.0,12
394691,"Houma, LA",msa,LA,2019,211649.0,12
394691,"Houma, LA",msa,LA,2020,221025.0,12
394691,"Houma, LA",msa,LA,2021,214697.0,12
394691,"Houma, LA",msa,LA,2022,196415.0,12
394691,"Houma, LA",msa,LA,2023,201879.0,12
394691,"Houma, LA",msa,LA,2024,195933.0,12
394691,"Houma, LA",msa,LA,2025,186585.0,12
394691,"Houma, LA",msa,LA,2026,185773.0,7
394692,"Houston, TX",msa,TX,2000,129200.0,12
394692,"Houston, TX",msa,TX,2001,129657.0,12
394692,"Houston, TX",msa,TX,2002,134932.0,12
394692,"Houston, TX",msa,TX,2003,137996.0,12
394692,"Houston, TX",msa,TX,2004,148714.0,12
394692,"Houston, TX",msa,TX,2005,151907.0,12
394692,"Houston, TX",msa,TX,2006,157387.0,12
394692,"Houston, TX",msa,TX,2007,161179.0,12
394692,"Houston, TX",msa,TX,2008,155206.0,12
394692,"Houston, TX",msa,TX,2009,154945.0,12
394692,"Houston, TX",msa,TX,2010,151324.0,12
394692,"Houston, TX",msa,TX,2011,145740.0,12
394692,"Houston, TX",msa,TX,2012,148495.0,12
394692,"Houston, TX",msa,TX,2013,162715.0,12
394692,"Houston, TX",msa,TX,2014,181034.0,12
394692,"Houston, TX",msa,TX,2015,197791.0,12
394692,"Houston, TX",msa,TX,2016,206576.0,12
394692,"Houston, TX",msa,TX,2017,213835.0,12
394692,"Houston, TX",msa,TX,2018,223484.0,12
394692,"Houston, TX",msa,TX,2019,231150.0,12
394692,"Houston, TX",msa,TX,2020,245516.0,12
394692,"Houston, TX",msa,TX,2021,285474.0,12
394692,"Houston, TX",msa,TX,2022,320059.0,12
394692,"Houston, TX",msa,TX,2023,317341.0,12
394692,"Houston, TX",msa,TX,2024,318839.0,12
394692,"Houston, TX",msa,TX,2025,312394.0,12
394692,"Houston, TX",msa,TX,2026,307772.0,7
394693,"Hudson, NY",msa,NY,2000,115094.0,12
394693,"Hudson, NY",msa,NY,2001,125244.0,12
394693,"Hudson, NY",msa,NY,2002,139422.0,12
394693,"Hudson, NY",msa,NY,2003,155204.0,12
394693,"Hudson, NY",msa,NY,2004,177668.0,12
394693,"Hudson, NY",msa,NY,2005,205375.0,12
394693,"Hudson, NY",msa,NY,2006,217696.0,12
394693,"Hudson, NY",msa,NY,2007,235308.0,12
394693,"Hudson, NY",msa,NY,2008,222552.0,12
394693,"Hudson, NY",msa,NY,2009,212734.0,12
394693,"Hudson, NY",msa,NY,2010,214328.0,12
394693,"Hudson, NY",msa,NY,2011,212830.0,12
394693,"Hudson, NY",msa,NY,2012,215979.0,12
394693,"Hudson, NY",msa,NY,2013,221479.0,12
394693,"Hudson, NY",msa,NY,2014,227812.0,12
394693,"Hudson, NY",msa,NY,2015,236205.0,12
394693,"Hudson, NY",msa,NY,2016,240164.0,12
394693,"Hudson, NY",msa,NY,2017,250105.0,12
394693,"Hudson, NY",msa,NY,2018,261344.0,12
394693,"Hudson, NY",msa,NY,2019,268924.0,12
394693,"Hudson, NY",msa,NY,2020,310560.0,12
394693,"Hudson, NY",msa,NY,2021,374576.0,12
394693,"Hudson, NY",msa,NY,2022,420410.0,12
394693,"Hudson, NY",msa,NY,2023,440461.0,12
394693,"Hudson, NY",msa,NY,2024,456412.0,12
394693,"Hudson, NY",msa,NY,2025,470029.0,12
394693,"Hudson, NY",msa,NY,2026,488427.0,7
394695,"Huntingdon, PA",msa,PA,2009,98180.0,12
394695,"Huntingdon, PA",msa,PA,2010,98076.0,12
394695,"Huntingdon, PA",msa,PA,2011,96680.0,12
394695,"Huntingdon, PA",msa,PA,2012,97559.0,12
394695,"Huntingdon, PA",msa,PA,2013,104772.0,12
394695,"Huntingdon, PA",msa,PA,2014,106247.0,12
394695,"Huntingdon, PA",msa,PA,2015,114111.0,12
394695,"Huntingdon, PA",msa,PA,2016,119142.0,12
394695,"Huntingdon, PA",msa,PA,2017,121311.0,12
394695,"Huntingdon, PA",msa,PA,2018,122390.0,12
394695,"Huntingdon, PA",msa,PA,2019,130558.0,12
394695,"Huntingdon, PA",msa,PA,2020,151113.0,12
394695,"Huntingdon, PA",msa,PA,2021,160511.0,12
394695,"Huntingdon, PA",msa,PA,2022,166914.0,12
394695,"Huntingdon, PA",msa,PA,2023,174383.0,12
394695,"Huntingdon, PA",msa,PA,2024,174965.0,12
394695,"Huntingdon, PA",msa,PA,2025,178925.0,12
394695,"Huntingdon, PA",msa,PA,2026,180476.0,7
394696,"Huntington, IN",msa,IN,2009,95961.0,12
394696,"Huntington, IN",msa,IN,2010,94196.0,12
394696,"Huntington, IN",msa,IN,2011,92641.0,12
394696,"Huntington, IN",msa,IN,2012,95702.0,12
394696,"Huntington, IN",msa,IN,2013,97968.0,12
394696,"Huntington, IN",msa,IN,2014,101926.0,12
394696,"Huntington, IN",msa,IN,2015,106439.0,12
394696,"Huntington, IN",msa,IN,2016,111904.0,12
394696,"Huntington, IN",msa,IN,2017,114954.0,12
394696,"Huntington, IN",msa,IN,2018,122944.0,12
394696,"Huntington, IN",msa,IN,2019,130110.0,12
394696,"Huntington, IN",msa,IN,2020,142389.0,12
394696,"Huntington, IN",msa,IN,2021,160794.0,12
394696,"Huntington, IN",msa,IN,2022,175333.0,12
394696,"Huntington, IN",msa,IN,2023,188268.0,12
394696,"Huntington, IN",msa,IN,2024,201126.0,12
394696,"Huntington, IN",msa,IN,2025,207861.0,12
394696,"Huntington, IN",msa,IN,2026,213826.0,7
394697,"Huntington, WV",msa,OH,2000,84999.0,12
394697,"Huntington, WV",msa,OH,2001,88343.0,12
394697,"Huntington, WV",msa,OH,2002,90739.0,12
394697,"Huntington, WV",msa,OH,2003,93954.0,12
394697,"Huntington, WV",msa,OH,2004,106400.0,12
394697,"Huntington, WV",msa,OH,2005,106120.0,12
394697,"Huntington, WV",msa,OH,2006,108851.0,12
394697,"Huntington, WV",msa,OH,2007,110204.0,12
394697,"Huntington, WV",msa,OH,2008,108510.0,12
394697,"Huntington, WV",msa,OH,2009,105959.0,12
394697,"Huntington, WV",msa,OH,2010,106089.0,12
394697,"Huntington, WV",msa,OH,2011,107134.0,12
394697,"Huntington, WV",msa,OH,2012,108274.0,12
394697,"Huntington, WV",msa,OH,2013,110103.0,12
394697,"Huntington, WV",msa,OH,2014,110940.0,12
394697,"Huntington, WV",msa,OH,2015,115248.0,12
394697,"Huntington, WV",msa,OH,2016,115113.0,12
394697,"Huntington, WV",msa,OH,2017,115774.0,12
394697,"Huntington, WV",msa,OH,2018,120125.0,12
394697,"Huntington, WV",msa,OH,2019,123074.0,12
394697,"Huntington, WV",msa,OH,2020,133740.0,12
394697,"Huntington, WV",msa,OH,2021,143199.0,12
394697,"Huntington, WV",msa,OH,2022,152525.0,12
394697,"Huntington, WV",msa,OH,2023,152249.0,12
394697,"Huntington, WV",msa,OH,2024,161468.0,12
394697,"Huntington, WV",msa,OH,2025,165425.0,12
394697,"Huntington, WV",msa,OH,2026,167828.0,7
394698,"Huntsville, AL",msa,AL,2000,91959.0,12
394698,"Huntsville, AL",msa,AL,2001,95881.0,12
394698,"Huntsville, AL",msa,AL,2002,97728.0,12
394698,"Huntsville, AL",msa,AL,2003,99615.0,12
394698,"Huntsville, AL",msa,AL,2004,103565.0,12
394698,"Huntsville, AL",msa,AL,2005,82565.0,12
394698,"Huntsville, AL",msa,AL,2006,91842.0,12
394698,"Huntsville, AL",msa,AL,2007,104481.0,12
394698,"Huntsville, AL",msa,AL,2008,113680.0,12
394698,"Huntsville, AL",msa,AL,2009,110502.0,12
394698,"Huntsville, AL",msa,AL,2010,121679.0,12
394698,"Huntsville, AL",msa,AL,2011,119691.0,12
394698,"Huntsville, AL",msa,AL,2012,161818.0,12
394698,"Huntsville, AL",msa,AL,2013,171453.0,12
394698,"Huntsville, AL",msa,AL,2014,168754.0,12
394698,"Huntsville, AL",msa,AL,2015,171143.0,12
394698,"Huntsville, AL",msa,AL,2016,176767.0,12
394698,"Huntsville, AL",msa,AL,2017,181890.0,12
394698,"Huntsville, AL",msa,AL,2018,191301.0,12
394698,"Huntsville, AL",msa,AL,2019,206516.0,12
394698,"Huntsville, AL",msa,AL,2020,236042.0,12
394698,"Huntsville, AL",msa,AL,2021,287771.0,12
394698,"Huntsville, AL",msa,AL,2022,311651.0,12
394698,"Huntsville, AL",msa,AL,2023,314692.0,12
394698,"Huntsville, AL",msa,AL,2024,314072.0,12
394698,"Huntsville, AL",msa,AL,2025,315124.0,12
394698,"Huntsville, AL",msa,AL,2026,316616.0,7
394699,"Huntsville, TX",msa,TX,2009,149593.0,12
394699,"Huntsville, TX",msa,TX,2010,148639.0,12
394699,"Huntsville, TX",msa,TX,2011,147527.0,12
394699,"Huntsville, TX",msa,TX,2012,147482.0,12
394699,"Huntsville, TX",msa,TX,2013,149855.0,12
394699,"Huntsville, TX",msa,TX,2014,160092.0,12
394699,"Huntsville, TX",msa,TX,2015,172374.0,12
394699,"Huntsville, TX",msa,TX,2016,180999.0,12
394699,"Huntsville, TX",msa,TX,2017,186804.0,12
394699,"Huntsville, TX",msa,TX,2018,200685.0,12
394699,"Huntsville, TX",msa,TX,2019,212959.0,12
394699,"Huntsville, TX",msa,TX,2020,231335.0,12
394699,"Huntsville, TX",msa,TX,2021,267818.0,12
394699,"Huntsville, TX",msa,TX,2022,288592.0,12
394699,"Huntsville, TX",msa,TX,2023,274740.0,12
394699,"Huntsville, TX",msa,TX,2024,275503.0,12
394699,"Huntsville, TX",msa,TX,2025,276126.0,12
394699,"Huntsville, TX",msa,TX,2026,275992.0,7
394700,"Huron, SD",msa,SD,2016,144149.0,12
394700,"Huron, SD",msa,SD,2017,148332.0,12
394700,"Huron, SD",msa,SD,2018,148326.0,12
394700,"Huron, SD",msa,SD,2019,152405.0,12
394700,"Huron, SD",msa,SD,2020,163360.0,12
394700,"Huron, SD",msa,SD,2021,192348.0,12
394700,"Huron, SD",msa,SD,2022,201325.0,12
394700,"Huron, SD",msa,SD,2023,181001.0,12
394700,"Huron, SD",msa,SD,2024,183430.0,12
394700,"Huron, SD",msa,SD,2025,195995.0,12
394700,"Huron, SD",msa,SD,2026,197220.0,7
394701,"Hutchinson, KS",msa,KS,2010,77000.0,12
394701,"Hutchinson, KS",msa,KS,2011,77421.0,12
394701,"Hutchinson, KS",msa,KS,2012,76183.0,12
394701,"Hutchinson, KS",msa,KS,2013,77758.0,12
394701,"Hutchinson, KS",msa,KS,2014,84713.0,12
394701,"Hutchinson, KS",msa,KS,2015,93673.0,12
394701,"Hutchinson, KS",msa,KS,2016,94594.0,12
394701,"Hutchinson, KS",msa,KS,2017,95352.0,12
394701,"Hutchinson, KS",msa,KS,2018,98587.0,12
394701,"Hutchinson, KS",msa,KS,2019,100224.0,12
394701,"Hutchinson, KS",msa,KS,2020,108882.0,12
394701,"Hutchinson, KS",msa,KS,2021,119930.0,12
394701,"Hutchinson, KS",msa,KS,2022,133650.0,12
394701,"Hutchinson, KS",msa,KS,2023,138957.0,12
394701,"Hutchinson, KS",msa,KS,2024,147979.0,12
394701,"Hutchinson, KS",msa,KS,2025,154712.0,12
394701,"Hutchinson, KS",msa,KS,2026,158953.0,7
394702,"Hutchinson, MN",msa,MN,2004,142404.0,12
394702,"Hutchinson, MN",msa,MN,2005,152365.0,12
394702,"Hutchinson, MN",msa,MN,2006,152726.0,12
394702,"Hutchinson, MN",msa,MN,2007,148727.0,12
394702,"Hutchinson, MN",msa,MN,2008,140223.0,12
394702,"Hutchinson, MN",msa,MN,2009,128881.0,12
394702,"Hutchinson, MN",msa,MN,2010,124290.0,12
394702,"Hutchinson, MN",msa,MN,2011,117467.0,12
394702,"Hutchinson, MN",msa,MN,2012,124593.0,12
394702,"Hutchinson, MN",msa,MN,2013,139055.0,12
394702,"Hutchinson, MN",msa,MN,2014,148227.0,12
394702,"Hutchinson, MN",msa,MN,2015,158571.0,12
394702,"Hutchinson, MN",msa,MN,2016,169001.0,12
394702,"Hutchinson, MN",msa,MN,2017,179249.0,12
394702,"Hutchinson, MN",msa,MN,2018,186300.0,12
394702,"Hutchinson, MN",msa,MN,2019,197855.0,12
394702,"Hutchinson, MN",msa,MN,2020,214483.0,12
394702,"Hutchinson, MN",msa,MN,2021,248619.0,12
394702,"Hutchinson, MN",msa,MN,2022,261834.0,12
394702,"Hutchinson, MN",msa,MN,2023,275388.0,12
394702,"Hutchinson, MN",msa,MN,2024,287413.0,12
394702,"Hutchinson, MN",msa,MN,2025,299007.0,12
394702,"Hutchinson, MN",msa,MN,2026,301747.0,7
394703,"Idaho Falls, ID",msa,ID,2000,117488.0,12
394703,"Idaho Falls, ID",msa,ID,2001,123007.0,12
394703,"Idaho Falls, ID",msa,ID,2002,126838.0,12
394703,"Idaho Falls, ID",msa,ID,2003,132278.0,12
394703,"Idaho Falls, ID",msa,ID,2004,146457.0,12
394703,"Idaho Falls, ID",msa,ID,2005,165054.0,12
394703,"Idaho Falls, ID",msa,ID,2006,172384.0,12
394703,"Idaho Falls, ID",msa,ID,2007,189723.0,12
394703,"Idaho Falls, ID",msa,ID,2008,193072.0,12
394703,"Idaho Falls, ID",msa,ID,2009,183227.0,12
394703,"Idaho Falls, ID",msa,ID,2010,169604.0,12
394703,"Idaho Falls, ID",msa,ID,2011,151288.0,12
394703,"Idaho Falls, ID",msa,ID,2012,149294.0,12
394703,"Idaho Falls, ID",msa,ID,2013,157139.0,12
394703,"Idaho Falls, ID",msa,ID,2014,160108.0,12
394703,"Idaho Falls, ID",msa,ID,2015,171787.0,12
394703,"Idaho Falls, ID",msa,ID,2016,189273.0,12
394703,"Idaho Falls, ID",msa,ID,2017,204865.0,12
394703,"Idaho Falls, ID",msa,ID,2018,228909.0,12
394703,"Idaho Falls, ID",msa,ID,2019,256023.0,12
394703,"Idaho Falls, ID",msa,ID,2020,304062.0,12
394703,"Idaho Falls, ID",msa,ID,2021,402913.0,12
394703,"Idaho Falls, ID",msa,ID,2022,406966.0,12
394703,"Idaho Falls, ID",msa,ID,2023,400555.0,12
394703,"Idaho Falls, ID",msa,ID,2024,410320.0,12
394703,"Idaho Falls, ID",msa,ID,2025,414001.0,12
394703,"Idaho Falls, ID",msa,ID,2026,413737.0,7
394704,"Indiana, PA",msa,PA,2009,94349.0,12
394704,"Indiana, PA",msa,PA,2010,95795.0,12
394704,"Indiana, PA",msa,PA,2011,96400.0,12
394704,"Indiana, PA",msa,PA,2012,98300.0,12
394704,"Indiana, PA",msa,PA,2013,100915.0,12
394704,"Indiana, PA",msa,PA,2014,105977.0,12
394704,"Indiana, PA",msa,PA,2015,110581.0,12
394704,"Indiana, PA",msa,PA,2016,110921.0,12
394704,"Indiana, PA",msa,PA,2017,115668.0,12
394704,"Indiana, PA",msa,PA,2018,114218.0,12
394704,"Indiana, PA",msa,PA,2019,118944.0,12
394704,"Indiana, PA",msa,PA,2020,128327.0,12
394704,"Indiana, PA",msa,PA,2021,132966.0,12
394704,"Indiana, PA",msa,PA,2022,142708.0,12
394704,"Indiana, PA",msa,PA,2023,150147.0,12
394704,"Indiana, PA",msa,PA,2024,156633.0,12
394704,"Indiana, PA",msa,PA,2025,160281.0,12
394704,"Indiana, PA",msa,PA,2026,170636.0,7
394705,"Indianapolis, IN",msa,IN,2003,123571.0,12
394705,"Indianapolis, IN",msa,IN,2004,127057.0,12
394705,"Indianapolis, IN",msa,IN,2005,133488.0,12
394705,"Indianapolis, IN",msa,IN,2006,135762.0,12
394705,"Indianapolis, IN",msa,IN,2007,135952.0,12
394705,"Indianapolis, IN",msa,IN,2008,133045.0,12
394705,"Indianapolis, IN",msa,IN,2009,132073.0,12
394705,"Indianapolis, IN",msa,IN,2010,128954.0,12
394705,"Indianapolis, IN",msa,IN,2011,125336.0,12
394705,"Indianapolis, IN",msa,IN,2012,127785.0,12
394705,"Indianapolis, IN",msa,IN,2013,133099.0,12
394705,"Indianapolis, IN",msa,IN,2014,139698.0,12
394705,"Indianapolis, IN",msa,IN,2015,145358.0,12
394705,"Indianapolis, IN",msa,IN,2016,154531.0,12
394705,"Indianapolis, IN",msa,IN,2017,165297.0,12
394705,"Indianapolis, IN",msa,IN,2018,178554.0,12
394705,"Indianapolis, IN",msa,IN,2019,190194.0,12
394705,"Indianapolis, IN",msa,IN,2020,212307.0,12
394705,"Indianapolis, IN",msa,IN,2021,249247.0,12
394705,"Indianapolis, IN",msa,IN,2022,275887.0,12
394705,"Indianapolis, IN",msa,IN,2023,281451.0,12
394705,"Indianapolis, IN",msa,IN,2024,290386.0,12
394705,"Indianapolis, IN",msa,IN,2025,294889.0,12
394705,"Indianapolis, IN",msa,IN,2026,296033.0,7
394706,"Indianola, MS",msa,MS,2016,100356.0,12
394706,"Indianola, MS",msa,MS,2017,100661.0,12
394706,"Indianola, MS",msa,MS,2018,102078.0,12
394706,"Indianola, MS",msa,MS,2019,105493.0,12
394706,"Indianola, MS",msa,MS,2020,120550.0,12
394706,"Indianola, MS",msa,MS,2021,135813.0,12
394706,"Indianola, MS",msa,MS,2022,124112.0,12
394706,"Indianola, MS",msa,MS,2023,109053.0,12
394706,"Indianola, MS",msa,MS,2024,110176.0,12
394706,"Indianola, MS",msa,MS,2025,100135.0,12
394706,"Indianola, MS",msa,MS,2026,93861.0,7
394707,"Iowa City, IA",msa,IA,2009,173592.0,12
394707,"Iowa City, IA",msa,IA,2010,174647.0,12
394707,"Iowa City, IA",msa,IA,2011,173357.0,12
394707,"Iowa City, IA",msa,IA,2012,176420.0,12
394707,"Iowa City, IA",msa,IA,2013,183094.0,12
394707,"Iowa City, IA",msa,IA,2014,189069.0,12
394707,"Iowa City, IA",msa,IA,2015,195860.0,12
394707,"Iowa City, IA",msa,IA,2016,201528.0,12
394707,"Iowa City, IA",msa,IA,2017,209652.0,12
394707,"Iowa City, IA",msa,IA,2018,216887.0,12
394707,"Iowa City, IA",msa,IA,2019,226011.0,12
394707,"Iowa City, IA",msa,IA,2020,233454.0,12
394707,"Iowa City, IA",msa,IA,2021,251381.0,12
394707,"Iowa City, IA",msa,IA,2022,271708.0,12
394707,"Iowa City, IA",msa,IA,2023,281643.0,12
394707,"Iowa City, IA",msa,IA,2024,289135.0,12
394707,"Iowa City, IA",msa,IA,2025,301008.0,12
394707,"Iowa City, IA",msa,IA,2026,304707.0,7
394708,"Iron Mountain, MI",msa,MI,2010,100052.0,12
394708,"Iron Mountain, MI",msa,MI,2011,86931.0,12
394708,"Iron Mountain, MI",msa,MI,2012,99776.0,12
394708,"Iron Mountain, MI",msa,MI,2013,103056.0,12
394708,"Iron Mountain, MI",msa,MI,2014,102627.0,12
394708,"Iron Mountain, MI",msa,MI,2015,107142.0,12
394708,"Iron Mountain, MI",msa,MI,2016,107108.0,12
394708,"Iron Mountain, MI",msa,MI,2017,112015.0,12
394708,"Iron Mountain, MI",msa,MI,2018,123897.0,12
394708,"Iron Mountain, MI",msa,MI,2019,129311.0,12
394708,"Iron Mountain, MI",msa,MI,2020,145129.0,12
394708,"Iron Mountain, MI",msa,MI,2021,147166.0,12
394708,"Iron Mountain, MI",msa,MI,2022,155055.0,12
394708,"Iron Mountain, MI",msa,MI,2023,168165.0,12
394708,"Iron Mountain, MI",msa,MI,2024,176840.0,12
394708,"Iron Mountain, MI",msa,MI,2025,182923.0,12
394708,"Iron Mountain, MI",msa,MI,2026,190489.0,7
394709,"Ithaca, NY",msa,NY,2000,93504.0,12
394709,"Ithaca, NY",msa,NY,2001,94125.0,12
394709,"Ithaca, NY",msa,NY,2002,104880.0,12
394709,"Ithaca, NY",msa,NY,2003,116128.0,12
394709,"Ithaca, NY",msa,NY,2004,129328.0,12
394709,"Ithaca, NY",msa,NY,2005,140373.0,12
394709,"Ithaca, NY",msa,NY,2006,146882.0,12
394709,"Ithaca, NY",msa,NY,2007,151950.0,12
394709,"Ithaca, NY",msa,NY,2008,169858.0,12
394709,"Ithaca, NY",msa,NY,2009,172906.0,12
394709,"Ithaca, NY",msa,NY,2010,182186.0,12
394709,"Ithaca, NY",msa,NY,2011,173874.0,12
394709,"Ithaca, NY",msa,NY,2012,183243.0,12
394709,"Ithaca, NY",msa,NY,2013,191688.0,12
394709,"Ithaca, NY",msa,NY,2014,198537.0,12
394709,"Ithaca, NY",msa,NY,2015,209748.0,12
394709,"Ithaca, NY",msa,NY,2016,215898.0,12
394709,"Ithaca, NY",msa,NY,2017,224769.0,12
394709,"Ithaca, NY",msa,NY,2018,229045.0,12
394709,"Ithaca, NY",msa,NY,2019,231533.0,12
394709,"Ithaca, NY",msa,NY,2020,249505.0,12
394709,"Ithaca, NY",msa,NY,2021,277009.0,12
394709,"Ithaca, NY",msa,NY,2022,303306.0,12
394709,"Ithaca, NY",msa,NY,2023,324269.0,12
394709,"Ithaca, NY",msa,NY,2024,343284.0,12
394709,"Ithaca, NY",msa,NY,2025,350968.0,12
394709,"Ithaca, NY",msa,NY,2026,359656.0,7
394710,"Jackson, MI",msa,MI,2003,107901.0,12
394710,"Jackson, MI",msa,MI,2004,113822.0,12
394710,"Jackson, MI",msa,MI,2005,118665.0,12
394710,"Jackson, MI",msa,MI,2006,119004.0,12
394710,"Jackson, MI",msa,MI,2007,112319.0,12
394710,"Jackson, MI",msa,MI,2008,101827.0,12
394710,"Jackson, MI",msa,MI,2009,86059.0,12
394710,"Jackson, MI",msa,MI,2010,86270.0,12
394710,"Jackson, MI",msa,MI,2011,81546.0,12
394710,"Jackson, MI",msa,MI,2012,82766.0,12
394710,"Jackson, MI",msa,MI,2013,94891.0,12
394710,"Jackson, MI",msa,MI,2014,109881.0,12
394710,"Jackson, MI",msa,MI,2015,120424.0,12
394710,"Jackson, MI",msa,MI,2016,126942.0,12
394710,"Jackson, MI",msa,MI,2017,135758.0,12
394710,"Jackson, MI",msa,MI,2018,145657.0,12
394710,"Jackson, MI",msa,MI,2019,155145.0,12
394710,"Jackson, MI",msa,MI,2020,172304.0,12
394710,"Jackson, MI",msa,MI,2021,189928.0,12
394710,"Jackson, MI",msa,MI,2022,200314.0,12
394710,"Jackson, MI",msa,MI,2023,208206.0,12
394710,"Jackson, MI",msa,MI,2024,218319.0,12
394710,"Jackson, MI",msa,MI,2025,226348.0,12
394710,"Jackson, MI",msa,MI,2026,229002.0,7
394711,"Jackson, MS",msa,MS,2003,110547.0,12
394711,"Jackson, MS",msa,MS,2004,114597.0,12
394711,"Jackson, MS",msa,MS,2005,122136.0,12
394711,"Jackson, MS",msa,MS,2006,131534.0,12
394711,"Jackson, MS",msa,MS,2007,130245.0,12
394711,"Jackson, MS",msa,MS,2008,121279.0,12
394711,"Jackson, MS",msa,MS,2009,122757.0,12
394711,"Jackson, MS",msa,MS,2010,119182.0,12
394711,"Jackson, MS",msa,MS,2011,116105.0,12
394711,"Jackson, MS",msa,MS,2012,116776.0,12
394711,"Jackson, MS",msa,MS,2013,115823.0,12
394711,"Jackson, MS",msa,MS,2014,123982.0,12
394711,"Jackson, MS",msa,MS,2015,133285.0,12
394711,"Jackson, MS",msa,MS,2016,137845.0,12
394711,"Jackson, MS",msa,MS,2017,141556.0,12
394711,"Jackson, MS",msa,MS,2018,146152.0,12
394711,"Jackson, MS",msa,MS,2019,153954.0,12
394711,"Jackson, MS",msa,MS,2020,163860.0,12
394711,"Jackson, MS",msa,MS,2021,184465.0,12
394711,"Jackson, MS",msa,MS,2022,198771.0,12
394711,"Jackson, MS",msa,MS,2023,199288.0,12
394711,"Jackson, MS",msa,MS,2024,204542.0,12
394711,"Jackson, MS",msa,MS,2025,209095.0,12
394711,"Jackson, MS",msa,MS,2026,213701.0,7
753892,"Jackson, OH",msa,OH,2000,75745.0,12
753892,"Jackson, OH",msa,OH,2001,79266.0,12
753892,"Jackson, OH",msa,OH,2002,81587.0,12
753892,"Jackson, OH",msa,OH,2003,84644.0,12
753892,"Jackson, OH",msa,OH,2004,86877.0,12
753892,"Jackson, OH",msa,OH,2005,89445.0,12
753892,"Jackson, OH",msa,OH,2006,89476.0,12
753892,"Jackson, OH",msa,OH,2007,88889.0,12
753892,"Jackson, OH",msa,OH,2008,86466.0,12
753892,"Jackson, OH",msa,OH,2009,82971.0,12
753892,"Jackson, OH",msa,OH,2010,82059.0,12
753892,"Jackson, OH",msa,OH,2011,80351.0,12
753892,"Jackson, OH",msa,OH,2012,82393.0,12
753892,"Jackson, OH",msa,OH,2013,85381.0,12
753892,"Jackson, OH",msa,OH,2014,89780.0,12
753892,"Jackson, OH",msa,OH,2015,91099.0,12
753892,"Jackson, OH",msa,OH,2016,97390.0,12
753892,"Jackson, OH",msa,OH,2017,99669.0,12
753892,"Jackson, OH",msa,OH,2018,105871.0,12
753892,"Jackson, OH",msa,OH,2019,110835.0,12
753892,"Jackson, OH",msa,OH,2020,129190.0,12
753892,"Jackson, OH",msa,OH,2021,138920.0,12
753892,"Jackson, OH",msa,OH,2022,147267.0,12
753892,"Jackson, OH",msa,OH,2023,152963.0,12
753892,"Jackson, OH",msa,OH,2024,153961.0,12
753892,"Jackson, OH",msa,OH,2025,147656.0,12
753892,"Jackson, OH",msa,OH,2026,148322.0,7
394712,"Jackson, TN",msa,TN,2000,100469.0,12
394712,"Jackson, TN",msa,TN,2001,102333.0,12
394712,"Jackson, TN",msa,TN,2002,103367.0,12
394712,"Jackson, TN",msa,TN,2003,105757.0,12
394712,"Jackson, TN",msa,TN,2004,108446.0,12
394712,"Jackson, TN",msa,TN,2005,114698.0,12
394712,"Jackson, TN",msa,TN,2006,119445.0,12
394712,"Jackson, TN",msa,TN,2007,120662.0,12
394712,"Jackson, TN",msa,TN,2008,116599.0,12
394712,"Jackson, TN",msa,TN,2009,114257.0,12
394712,"Jackson, TN",msa,TN,2010,108636.0,12
394712,"Jackson, TN",msa,TN,2011,102918.0,12
394712,"Jackson, TN",msa,TN,2012,104057.0,12
394712,"Jackson, TN",msa,TN,2013,105740.0,12
394712,"Jackson, TN",msa,TN,2014,106411.0,12
394712,"Jackson, TN",msa,TN,2015,111014.0,12
394712,"Jackson, TN",msa,TN,2016,113614.0,12
394712,"Jackson, TN",msa,TN,2017,119348.0,12
394712,"Jackson, TN",msa,TN,2018,124125.0,12
394712,"Jackson, TN",msa,TN,2019,138395.0,12
394712,"Jackson, TN",msa,TN,2020,150237.0,12
394712,"Jackson, TN",msa,TN,2021,182294.0,12
394712,"Jackson, TN",msa,TN,2022,196918.0,12
394712,"Jackson, TN",msa,TN,2023,200751.0,12
394712,"Jackson, TN",msa,TN,2024,204946.0,12
394712,"Jackson, TN",msa,TN,2025,204580.0,12
394712,"Jackson, TN",msa,TN,2026,207877.0,7
394713,"Jackson, WY",msa,WY,2009,530759.0,12
394713,"Jackson, WY",msa,WY,2010,465308.0,12
394713,"Jackson, WY",msa,WY,2011,448412.0,12
394713,"Jackson, WY",msa,WY,2012,469249.0,12
394713,"Jackson, WY",msa,WY,2013,493420.0,12
394713,"Jackson, WY",msa,WY,2014,534604.0,12
394713,"Jackson, WY",msa,WY,2015,614505.0,12
394713,"Jackson, WY",msa,WY,2016,646263.0,12
394713,"Jackson, WY",msa,WY,2017,698636.0,12
394713,"Jackson, WY",msa,WY,2018,748069.0,12
394713,"Jackson, WY",msa,WY,2019,771847.0,12
394713,"Jackson, WY",msa,WY,2020,851094.0,12
394713,"Jackson, WY",msa,WY,2021,1165387.0,12
394713,"Jackson, WY",msa,WY,2022,1290699.0,12
394713,"Jackson, WY",msa,WY,2023,1390073.0,12
394713,"Jackson, WY",msa,WY,2024,1390242.0,12
394713,"Jackson, WY",msa,WY,2025,1381531.0,12
394713,"Jackson, WY",msa,WY,2026,1421065.0,7
394714,"Jacksonville, FL",msa,FL,2000,123383.0,12
394714,"Jacksonville, FL",msa,FL,2001,133090.0,12
394714,"Jacksonville, FL",msa,FL,2002,143400.0,12
394714,"Jacksonville, FL",msa,FL,2003,156430.0,12
394714,"Jacksonville, FL",msa,FL,2004,176330.0,12
394714,"Jacksonville, FL",msa,FL,2005,206652.0,12
394714,"Jacksonville, FL",msa,FL,2006,233139.0,12
394714,"Jacksonville, FL",msa,FL,2007,223603.0,12
394714,"Jacksonville, FL",msa,FL,2008,195918.0,12
394714,"Jacksonville, FL",msa,FL,2009,172449.0,12
394714,"Jacksonville, FL",msa,FL,2010,156792.0,12
394714,"Jacksonville, FL",msa,FL,2011,139377.0,12
394714,"Jacksonville, FL",msa,FL,2012,142248.0,12
394714,"Jacksonville, FL",msa,FL,2013,159692.0,12
394714,"Jacksonville, FL",msa,FL,2014,169894.0,12
394714,"Jacksonville, FL",msa,FL,2015,181962.0,12
394714,"Jacksonville, FL",msa,FL,2016,195792.0,12
394714,"Jacksonville, FL",msa,FL,2017,211954.0,12
394714,"Jacksonville, FL",msa,FL,2018,229057.0,12
394714,"Jacksonville, FL",msa,FL,2019,239283.0,12
394714,"Jacksonville, FL",msa,FL,2020,259656.0,12
394714,"Jacksonville, FL",msa,FL,2021,317460.0,12
394714,"Jacksonville, FL",msa,FL,2022,371706.0,12
394714,"Jacksonville, FL",msa,FL,2023,365962.0,12
394714,"Jacksonville, FL",msa,FL,2024,364460.0,12
394714,"Jacksonville, FL",msa,FL,2025,352890.0,12
394714,"Jacksonville, FL",msa,FL,2026,353050.0,7
394715,"Jacksonville, IL",msa,IL,2005,115733.0,12
394715,"Jacksonville, IL",msa,IL,2006,118569.0,12
394715,"Jacksonville, IL",msa,IL,2007,117214.0,12
394715,"Jacksonville, IL",msa,IL,2008,112198.0,12
394715,"Jacksonville, IL",msa,IL,2009,105963.0,12
394715,"Jacksonville, IL",msa,IL,2010,102433.0,12
394715,"Jacksonville, IL",msa,IL,2011,100963.0,12
394715,"Jacksonville, IL",msa,IL,2012,99518.0,12
394715,"Jacksonville, IL",msa,IL,2013,101880.0,12
394715,"Jacksonville, IL",msa,IL,2014,107131.0,12
394715,"Jacksonville, IL",msa,IL,2015,108899.0,12
394715,"Jacksonville, IL",msa,IL,2016,110271.0,12
394715,"Jacksonville, IL",msa,IL,2017,109548.0,12
394715,"Jacksonville, IL",msa,IL,2018,106407.0,12
394715,"Jacksonville, IL",msa,IL,2019,115158.0,12
394715,"Jacksonville, IL",msa,IL,2020,116634.0,12
394715,"Jacksonville, IL",msa,IL,2021,115374.0,12
394715,"Jacksonville, IL",msa,IL,2022,116646.0,12
394715,"Jacksonville, IL",msa,IL,2023,125287.0,12
394715,"Jacksonville, IL",msa,IL,2024,129432.0,12
394715,"Jacksonville, IL",msa,IL,2025,131806.0,12
394715,"Jacksonville, IL",msa,IL,2026,132558.0,7
394716,"Jacksonville, NC",msa,NC,2005,136553.0,12
394716,"Jacksonville, NC",msa,NC,2006,153926.0,12
394716,"Jacksonville, NC",msa,NC,2007,169985.0,12
394716,"Jacksonville, NC",msa,NC,2008,175253.0,12
394716,"Jacksonville, NC",msa,NC,2009,174971.0,12
394716,"Jacksonville, NC",msa,NC,2010,177066.0,12
394716,"Jacksonville, NC",msa,NC,2011,173086.0,12
394716,"Jacksonville, NC",msa,NC,2012,169133.0,12
394716,"Jacksonville, NC",msa,NC,2013,161235.0,12
394716,"Jacksonville, NC",msa,NC,2014,156062.0,12
394716,"Jacksonville, NC",msa,NC,2015,150715.0,12
394716,"Jacksonville, NC",msa,NC,2016,150891.0,12
394716,"Jacksonville, NC",msa,NC,2017,154788.0,12
394716,"Jacksonville, NC",msa,NC,2018,164447.0,12
394716,"Jacksonville, NC",msa,NC,2019,177961.0,12
394716,"Jacksonville, NC",msa,NC,2020,191578.0,12
394716,"Jacksonville, NC",msa,NC,2021,219079.0,12
394716,"Jacksonville, NC",msa,NC,2022,255961.0,12
394716,"Jacksonville, NC",msa,NC,2023,271483.0,12
394716,"Jacksonville, NC",msa,NC,2024,280307.0,12
394716,"Jacksonville, NC",msa,NC,2025,289265.0,12
394716,"Jacksonville, NC",msa,NC,2026,293695.0,7
394717,"Jacksonville, TX",msa,TX,2009,119204.0,12
394717,"Jacksonville, TX",msa,TX,2010,117667.0,12
394717,"Jacksonville, TX",msa,TX,2011,115819.0,12
394717,"Jacksonville, TX",msa,TX,2012,115490.0,12
394717,"Jacksonville, TX",msa,TX,2013,114655.0,12
394717,"Jacksonville, TX",msa,TX,2014,118593.0,12
394717,"Jacksonville, TX",msa,TX,2015,128632.0,12
394717,"Jacksonville, TX",msa,TX,2016,132935.0,12
394717,"Jacksonville, TX",msa,TX,2017,134039.0,12
394717,"Jacksonville, TX",msa,TX,2018,140018.0,12
394717,"Jacksonville, TX",msa,TX,2019,153812.0,12
394717,"Jacksonville, TX",msa,TX,2020,176800.0,12
394717,"Jacksonville, TX",msa,TX,2021,209130.0,12
394717,"Jacksonville, TX",msa,TX,2022,228349.0,12
394717,"Jacksonville, TX",msa,TX,2023,237037.0,12
394717,"Jacksonville, TX",msa,TX,2024,242961.0,12
394717,"Jacksonville, TX",msa,TX,2025,226692.0,12
394717,"Jacksonville, TX",msa,TX,2026,227331.0,7
394718,"Jamestown, ND",msa,ND,2016,194328.0,12
394718,"Jamestown, ND",msa,ND,2017,184882.0,12
394718,"Jamestown, ND",msa,ND,2018,184328.0,12
394718,"Jamestown, ND",msa,ND,2019,190488.0,12
394718,"Jamestown, ND",msa,ND,2020,193524.0,12
394718,"Jamestown, ND",msa,ND,2021,198928.0,12
394718,"Jamestown, ND",msa,ND,2022,210768.0,12
394718,"Jamestown, ND",msa,ND,2023,199683.0,12
394718,"Jamestown, ND",msa,ND,2024,206531.0,12
394718,"Jamestown, ND",msa,ND,2025,224574.0,12
394718,"Jamestown, ND",msa,ND,2026,228973.0,7
394719,"Jamestown, NY",msa,NY,2000,60353.0,12
394719,"Jamestown, NY",msa,NY,2001,62859.0,12
394719,"Jamestown, NY",msa,NY,2002,63843.0,12
394719,"Jamestown, NY",msa,NY,2003,66985.0,12
394719,"Jamestown, NY",msa,NY,2004,71895.0,12
394719,"Jamestown, NY",msa,NY,2005,74376.0,12
394719,"Jamestown, NY",msa,NY,2006,78166.0,12
394719,"Jamestown, NY",msa,NY,2007,79379.0,12
394719,"Jamestown, NY",msa,NY,2008,84087.0,12
394719,"Jamestown, NY",msa,NY,2009,82043.0,12
394719,"Jamestown, NY",msa,NY,2010,83462.0,12
394719,"Jamestown, NY",msa,NY,2011,82467.0,12
394719,"Jamestown, NY",msa,NY,2012,83864.0,12
394719,"Jamestown, NY",msa,NY,2013,84782.0,12
394719,"Jamestown, NY",msa,NY,2014,84530.0,12
394719,"Jamestown, NY",msa,NY,2015,88026.0,12
394719,"Jamestown, NY",msa,NY,2016,91314.0,12
394719,"Jamestown, NY",msa,NY,2017,93651.0,12
394719,"Jamestown, NY",msa,NY,2018,96797.0,12
394719,"Jamestown, NY",msa,NY,2019,104014.0,12
394719,"Jamestown, NY",msa,NY,2020,118034.0,12
394719,"Jamestown, NY",msa,NY,2021,134604.0,12
394719,"Jamestown, NY",msa,NY,2022,151475.0,12
394719,"Jamestown, NY",msa,NY,2023,158044.0,12
394719,"Jamestown, NY",msa,NY,2024,167854.0,12
394719,"Jamestown, NY",msa,NY,2025,174176.0,12
394719,"Jamestown, NY",msa,NY,2026,180162.0,7
394720,"Janesville, WI",msa,WI,2012,115923.0,12
394720,"Janesville, WI",msa,WI,2013,119948.0,12
394720,"Janesville, WI",msa,WI,2014,124142.0,12
394720,"Janesville, WI",msa,WI,2015,131570.0,12
394720,"Janesville, WI",msa,WI,2016,142399.0,12
394720,"Janesville, WI",msa,WI,2017,154640.0,12
394720,"Janesville, WI",msa,WI,2018,166208.0,12
394720,"Janesville, WI",msa,WI,2019,176388.0,12
394720,"Janesville, WI",msa,WI,2020,195315.0,12
394720,"Janesville, WI",msa,WI,2021,220285.0,12
394720,"Janesville, WI",msa,WI,2022,235921.0,12
394720,"Janesville, WI",msa,WI,2023,254432.0,12
394720,"Janesville, WI",msa,WI,2024,272271.0,12
394720,"Janesville, WI",msa,WI,2025,291267.0,12
394720,"Janesville, WI",msa,WI,2026,301229.0,7
394721,"Jasper, IN",msa,IN,2007,118059.0,12
394721,"Jasper, IN",msa,IN,2008,116831.0,12
394721,"Jasper, IN",msa,IN,2009,115407.0,12
394721,"Jasper, IN",msa,IN,2010,116697.0,12
394721,"Jasper, IN",msa,IN,2011,117144.0,12
394721,"Jasper, IN",msa,IN,2012,119435.0,12
394721,"Jasper, IN",msa,IN,2013,121750.0,12
394721,"Jasper, IN",msa,IN,2014,125508.0,12
394721,"Jasper, IN",msa,IN,2015,131296.0,12
394721,"Jasper, IN",msa,IN,2016,136135.0,12
394721,"Jasper, IN",msa,IN,2017,143471.0,12
394721,"Jasper, IN",msa,IN,2018,151038.0,12
394721,"Jasper, IN",msa,IN,2019,158647.0,12
394721,"Jasper, IN",msa,IN,2020,174219.0,12
394721,"Jasper, IN",msa,IN,2021,192126.0,12
394721,"Jasper, IN",msa,IN,2022,206309.0,12
394721,"Jasper, IN",msa,IN,2023,215248.0,12
394721,"Jasper, IN",msa,IN,2024,226537.0,12
394721,"Jasper, IN",msa,IN,2025,238303.0,12
394721,"Jasper, IN",msa,IN,2026,247232.0,7
394723,"Jefferson City, MO",msa,MO,2008,135843.0,12
394723,"Jefferson City, MO",msa,MO,2009,134841.0,12
394723,"Jefferson City, MO",msa,MO,2010,134766.0,12
394723,"Jefferson City, MO",msa,MO,2011,130227.0,12
394723,"Jefferson City, MO",msa,MO,2012,134258.0,12
394723,"Jefferson City, MO",msa,MO,2013,136146.0,12
394723,"Jefferson City, MO",msa,MO,2014,137418.0,12
394723,"Jefferson City, MO",msa,MO,2015,144014.0,12
394723,"Jefferson City, MO",msa,MO,2016,150026.0,12
394723,"Jefferson City, MO",msa,MO,2017,157133.0,12
394723,"Jefferson City, MO",msa,MO,2018,169736.0,12
394723,"Jefferson City, MO",msa,MO,2019,172977.0,12
394723,"Jefferson City, MO",msa,MO,2020,191341.0,12
394723,"Jefferson City, MO",msa,MO,2021,211810.0,12
394723,"Jefferson City, MO",msa,MO,2022,231690.0,12
394723,"Jefferson City, MO",msa,MO,2023,240527.0,12
394723,"Jefferson City, MO",msa,MO,2024,255262.0,12
394723,"Jefferson City, MO",msa,MO,2025,266542.0,12
394723,"Jefferson City, MO",msa,MO,2026,276464.0,7
753893,"Jefferson, GA",msa,GA,2000,121156.0,12
753893,"Jefferson, GA",msa,GA,2001,130938.0,12
753893,"Jefferson, GA",msa,GA,2002,137977.0,12
753893,"Jefferson, GA",msa,GA,2003,143845.0,12
753893,"Jefferson, GA",msa,GA,2004,151463.0,12
753893,"Jefferson, GA",msa,GA,2005,156655.0,12
753893,"Jefferson, GA",msa,GA,2006,164175.0,12
753893,"Jefferson, GA",msa,GA,2007,170596.0,12
753893,"Jefferson, GA",msa,GA,2008,166817.0,12
753893,"Jefferson, GA",msa,GA,2009,153735.0,12
753893,"Jefferson, GA",msa,GA,2010,144091.0,12
753893,"Jefferson, GA",msa,GA,2011,132016.0,12
753893,"Jefferson, GA",msa,GA,2012,138230.0,12
753893,"Jefferson, GA",msa,GA,2013,158500.0,12
753893,"Jefferson, GA",msa,GA,2014,170698.0,12
753893,"Jefferson, GA",msa,GA,2015,185574.0,12
753893,"Jefferson, GA",msa,GA,2016,198097.0,12
753893,"Jefferson, GA",msa,GA,2017,216514.0,12
753893,"Jefferson, GA",msa,GA,2018,232804.0,12
753893,"Jefferson, GA",msa,GA,2019,249295.0,12
753893,"Jefferson, GA",msa,GA,2020,276749.0,12
753893,"Jefferson, GA",msa,GA,2021,343072.0,12
753893,"Jefferson, GA",msa,GA,2022,383682.0,12
753893,"Jefferson, GA",msa,GA,2023,393639.0,12
753893,"Jefferson, GA",msa,GA,2024,407601.0,12
753893,"Jefferson, GA",msa,GA,2025,410892.0,12
753893,"Jefferson, GA",msa,GA,2026,407472.0,7
394725,"Jesup, GA",msa,GA,2000,89233.0,12
394725,"Jesup, GA",msa,GA,2001,93381.0,12
394725,"Jesup, GA",msa,GA,2002,97815.0,12
394725,"Jesup, GA",msa,GA,2003,100225.0,12
394725,"Jesup, GA",msa,GA,2004,105792.0,12
394725,"Jesup, GA",msa,GA,2005,111195.0,12
394725,"Jesup, GA",msa,GA,2006,117711.0,12
394725,"Jesup, GA",msa,GA,2007,121161.0,12
394725,"Jesup, GA",msa,GA,2008,118059.0,12
394725,"Jesup, GA",msa,GA,2009,110554.0,12
394725,"Jesup, GA",msa,GA,2010,106346.0,12
394725,"Jesup, GA",msa,GA,2011,100258.0,12
394725,"Jesup, GA",msa,GA,2012,103043.0,12
394725,"Jesup, GA",msa,GA,2013,105483.0,12
394725,"Jesup, GA",msa,GA,2014,110403.0,12
394725,"Jesup, GA",msa,GA,2015,112925.0,12
394725,"Jesup, GA",msa,GA,2016,112350.0,12
394725,"Jesup, GA",msa,GA,2017,116101.0,12
394725,"Jesup, GA",msa,GA,2018,122640.0,12
394725,"Jesup, GA",msa,GA,2019,136056.0,12
394725,"Jesup, GA",msa,GA,2020,151198.0,12
394725,"Jesup, GA",msa,GA,2021,173902.0,12
394725,"Jesup, GA",msa,GA,2022,181374.0,12
394725,"Jesup, GA",msa,GA,2023,191520.0,12
394725,"Jesup, GA",msa,GA,2024,202335.0,12
394725,"Jesup, GA",msa,GA,2025,204242.0,12
394725,"Jesup, GA",msa,GA,2026,214596.0,7
394726,"Johnson City, TN",msa,TN,2000,95422.0,12
394726,"Johnson City, TN",msa,TN,2001,97315.0,12
394726,"Johnson City, TN",msa,TN,2002,100175.0,12
394726,"Johnson City, TN",msa,TN,2003,103776.0,12
394726,"Johnson City, TN",msa,TN,2004,108625.0,12
394726,"Johnson City, TN",msa,TN,2005,117769.0,12
394726,"Johnson City, TN",msa,TN,2006,126292.0,12
394726,"Johnson City, TN",msa,TN,2007,131734.0,12
394726,"Johnson City, TN",msa,TN,2008,131230.0,12
394726,"Johnson City, TN",msa,TN,2009,130120.0,12
394726,"Johnson City, TN",msa,TN,2010,129768.0,12
394726,"Johnson City, TN",msa,TN,2011,126542.0,12
394726,"Johnson City, TN",msa,TN,2012,130658.0,12
394726,"Johnson City, TN",msa,TN,2013,134495.0,12
394726,"Johnson City, TN",msa,TN,2014,138599.0,12
394726,"Johnson City, TN",msa,TN,2015,143334.0,12
394726,"Johnson City, TN",msa,TN,2016,149743.0,12
394726,"Johnson City, TN",msa,TN,2017,155350.0,12
394726,"Johnson City, TN",msa,TN,2018,159179.0,12
394726,"Johnson City, TN",msa,TN,2019,171641.0,12
394726,"Johnson City, TN",msa,TN,2020,188456.0,12
394726,"Johnson City, TN",msa,TN,2021,225258.0,12
394726,"Johnson City, TN",msa,TN,2022,246057.0,12
394726,"Johnson City, TN",msa,TN,2023,272034.0,12
394726,"Johnson City, TN",msa,TN,2024,280287.0,12
394726,"Johnson City, TN",msa,TN,2025,280473.0,12
394726,"Johnson City, TN",msa,TN,2026,284806.0,7
394727,"Johnstown, PA",msa,PA,2004,86441.0,12
394727,"Johnstown, PA",msa,PA,2005,96274.0,12
394727,"Johnstown, PA",msa,PA,2006,98799.0,12
394727,"Johnstown, PA",msa,PA,2007,100280.0,12
394727,"Johnstown, PA",msa,PA,2008,93886.0,12
394727,"Johnstown, PA",msa,PA,2009,88114.0,12
394727,"Johnstown, PA",msa,PA,2010,89577.0,12
394727,"Johnstown, PA",msa,PA,2011,86696.0,12
394727,"Johnstown, PA",msa,PA,2012,89485.0,12
394727,"Johnstown, PA",msa,PA,2013,97116.0,12
394727,"Johnstown, PA",msa,PA,2014,90769.0,12
394727,"Johnstown, PA",msa,PA,2015,92516.0,12
394727,"Johnstown, PA",msa,PA,2016,89755.0,12
394727,"Johnstown, PA",msa,PA,2017,90554.0,12
394727,"Johnstown, PA",msa,PA,2018,95434.0,12
394727,"Johnstown, PA",msa,PA,2019,106439.0,12
394727,"Johnstown, PA",msa,PA,2020,113344.0,12
394727,"Johnstown, PA",msa,PA,2021,125146.0,12
394727,"Johnstown, PA",msa,PA,2022,120793.0,12
394727,"Johnstown, PA",msa,PA,2023,105877.0,12
394727,"Johnstown, PA",msa,PA,2024,107281.0,12
394727,"Johnstown, PA",msa,PA,2025,99575.0,12
394727,"Johnstown, PA",msa,PA,2026,102273.0,7
394728,"Jonesboro, AR",msa,AR,2000,92866.0,12
394728,"Jonesboro, AR",msa,AR,2001,95971.0,12
394728,"Jonesboro, AR",msa,AR,2002,97470.0,12
394728,"Jonesboro, AR",msa,AR,2003,99863.0,12
394728,"Jonesboro, AR",msa,AR,2004,102706.0,12
394728,"Jonesboro, AR",msa,AR,2005,108902.0,12
394728,"Jonesboro, AR",msa,AR,2006,113688.0,12
394728,"Jonesboro, AR",msa,AR,2007,115202.0,12
394728,"Jonesboro, AR",msa,AR,2008,116639.0,12
394728,"Jonesboro, AR",msa,AR,2009,114219.0,12
394728,"Jonesboro, AR",msa,AR,2010,114536.0,12
394728,"Jonesboro, AR",msa,AR,2011,116411.0,12
394728,"Jonesboro, AR",msa,AR,2012,117508.0,12
394728,"Jonesboro, AR",msa,AR,2013,119979.0,12
394728,"Jonesboro, AR",msa,AR,2014,122537.0,12
394728,"Jonesboro, AR",msa,AR,2015,125337.0,12
394728,"Jonesboro, AR",msa,AR,2016,129584.0,12
394728,"Jonesboro, AR",msa,AR,2017,134011.0,12
394728,"Jonesboro, AR",msa,AR,2018,138734.0,12
394728,"Jonesboro, AR",msa,AR,2019,145837.0,12
394728,"Jonesboro, AR",msa,AR,2020,157297.0,12
394728,"Jonesboro, AR",msa,AR,2021,178883.0,12
394728,"Jonesboro, AR",msa,AR,2022,190675.0,12
394728,"Jonesboro, AR",msa,AR,2023,196208.0,12
394728,"Jonesboro, AR",msa,AR,2024,196622.0,12
394728,"Jonesboro, AR",msa,AR,2025,200376.0,12
394728,"Jonesboro, AR",msa,AR,2026,205636.0,7
394729,"Joplin, MO",msa,MO,2008,84173.0,12
394729,"Joplin, MO",msa,MO,2009,78670.0,12
394729,"Joplin, MO",msa,MO,2010,78381.0,12
394729,"Joplin, MO",msa,MO,2011,78187.0,12
394729,"Joplin, MO",msa,MO,2012,88139.0,12
394729,"Joplin, MO",msa,MO,2013,99531.0,12
394729,"Joplin, MO",msa,MO,2014,107453.0,12
394729,"Joplin, MO",msa,MO,2015,115018.0,12
394729,"Joplin, MO",msa,MO,2016,119374.0,12
394729,"Joplin, MO",msa,MO,2017,125055.0,12
394729,"Joplin, MO",msa,MO,2018,130815.0,12
394729,"Joplin, MO",msa,MO,2019,143387.0,12
394729,"Joplin, MO",msa,MO,2020,155923.0,12
394729,"Joplin, MO",msa,MO,2021,178213.0,12
394729,"Joplin, MO",msa,MO,2022,200439.0,12
394729,"Joplin, MO",msa,MO,2023,209188.0,12
394729,"Joplin, MO",msa,MO,2024,220151.0,12
394729,"Joplin, MO",msa,MO,2025,223428.0,12
394729,"Joplin, MO",msa,MO,2026,226215.0,7
394730,"Juneau, AK",msa,AK,2005,275223.0,12
394730,"Juneau, AK",msa,AK,2006,292877.0,12
394730,"Juneau, AK",msa,AK,2007,282766.0,12
394730,"Juneau, AK",msa,AK,2008,289804.0,12
394730,"Juneau, AK",msa,AK,2009,284992.0,12
394730,"Juneau, AK",msa,AK,2010,287208.0,12
394730,"Juneau, AK",msa,AK,2011,287883.0,12
394730,"Juneau, AK",msa,AK,2012,307814.0,12
394730,"Juneau, AK",msa,AK,2013,319117.0,12
394730,"Juneau, AK",msa,AK,2014,329286.0,12
394730,"Juneau, AK",msa,AK,2015,349464.0,12
394730,"Juneau, AK",msa,AK,2016,357032.0,12
394730,"Juneau, AK",msa,AK,2017,363770.0,12
394730,"Juneau, AK",msa,AK,2018,367435.0,12
394730,"Juneau, AK",msa,AK,2019,374335.0,12
394730,"Juneau, AK",msa,AK,2020,386758.0,12
394730,"Juneau, AK",msa,AK,2021,419916.0,12
394730,"Juneau, AK",msa,AK,2022,437319.0,12
394730,"Juneau, AK",msa,AK,2023,435160.0,12
394730,"Juneau, AK",msa,AK,2024,449307.0,12
394730,"Juneau, AK",msa,AK,2025,467162.0,12
394730,"Juneau, AK",msa,AK,2026,483347.0,7
394731,"Kahului, HI",msa,HI,2000,211254.0,12
394731,"Kahului, HI",msa,HI,2001,239844.0,12
394731,"Kahului, HI",msa,HI,2002,266066.0,12
394731,"Kahului, HI",msa,HI,2003,318492.0,12
394731,"Kahului, HI",msa,HI,2004,403951.0,12
394731,"Kahului, HI",msa,HI,2005,494556.0,12
394731,"Kahului, HI",msa,HI,2006,558562.0,12
394731,"Kahului, HI",msa,HI,2007,540303.0,12
394731,"Kahului, HI",msa,HI,2008,493174.0,12
394731,"Kahului, HI",msa,HI,2009,444018.0,12
394731,"Kahului, HI",msa,HI,2010,430400.0,12
394731,"Kahului, HI",msa,HI,2011,416461.0,12
394731,"Kahului, HI",msa,HI,2012,427314.0,12
394731,"Kahului, HI",msa,HI,2013,493099.0,12
394731,"Kahului, HI",msa,HI,2014,535200.0,12
394731,"Kahului, HI",msa,HI,2015,576093.0,12
394731,"Kahului, HI",msa,HI,2016,597538.0,12
394731,"Kahului, HI",msa,HI,2017,634469.0,12
394731,"Kahului, HI",msa,HI,2018,664088.0,12
394731,"Kahului, HI",msa,HI,2019,690689.0,12
394731,"Kahului, HI",msa,HI,2020,753318.0,12
394731,"Kahului, HI",msa,HI,2021,871458.0,12
394731,"Kahului, HI",msa,HI,2022,1028129.0,12
394731,"Kahului, HI",msa,HI,2023,1043647.0,12
394731,"Kahului, HI",msa,HI,2024,1088339.0,12
394731,"Kahului, HI",msa,HI,2025,1017112.0,12
394731,"Kahului, HI",msa,HI,2026,994403.0,7
394732,"Kalamazoo, MI",msa,MI,2000,130198.0,12
394732,"Kalamazoo, MI",msa,MI,2001,137410.0,12
394732,"Kalamazoo, MI",msa,MI,2002,135923.0,12
394732,"Kalamazoo, MI",msa,MI,2003,139561.0,12
394732,"Kalamazoo, MI",msa,MI,2004,144879.0,12
394732,"Kalamazoo, MI",msa,MI,2005,148202.0,12
394732,"Kalamazoo, MI",msa,MI,2006,147190.0,12
394732,"Kalamazoo, MI",msa,MI,2007,141153.0,12
394732,"Kalamazoo, MI",msa,MI,2008,138605.0,12
394732,"Kalamazoo, MI",msa,MI,2009,132109.0,12
394732,"Kalamazoo, MI",msa,MI,2010,126916.0,12
394732,"Kalamazoo, MI",msa,MI,2011,121665.0,12
394732,"Kalamazoo, MI",msa,MI,2012,123045.0,12
394732,"Kalamazoo, MI",msa,MI,2013,131605.0,12
394732,"Kalamazoo, MI",msa,MI,2014,139285.0,12
394732,"Kalamazoo, MI",msa,MI,2015,148518.0,12
394732,"Kalamazoo, MI",msa,MI,2016,154525.0,12
394732,"Kalamazoo, MI",msa,MI,2017,165025.0,12
394732,"Kalamazoo, MI",msa,MI,2018,175932.0,12
394732,"Kalamazoo, MI",msa,MI,2019,186474.0,12
394732,"Kalamazoo, MI",msa,MI,2020,205162.0,12
394732,"Kalamazoo, MI",msa,MI,2021,230546.0,12
394732,"Kalamazoo, MI",msa,MI,2022,244917.0,12
394732,"Kalamazoo, MI",msa,MI,2023,255590.0,12
394732,"Kalamazoo, MI",msa,MI,2024,266826.0,12
394732,"Kalamazoo, MI",msa,MI,2025,275008.0,12
394732,"Kalamazoo, MI",msa,MI,2026,281585.0,7
394733,"Kalispell, MT",msa,MT,2009,276948.0,12
394733,"Kalispell, MT",msa,MT,2010,253159.0,12
394733,"Kalispell, MT",msa,MT,2011,231566.0,12
394733,"Kalispell, MT",msa,MT,2012,221190.0,12
394733,"Kalispell, MT",msa,MT,2013,242808.0,12
394733,"Kalispell, MT",msa,MT,2014,257126.0,12
394733,"Kalispell, MT",msa,MT,2015,274203.0,12
394733,"Kalispell, MT",msa,MT,2016,291003.0,12
394733,"Kalispell, MT",msa,MT,2017,309613.0,12
394733,"Kalispell, MT",msa,MT,2018,328099.0,12
394733,"Kalispell, MT",msa,MT,2019,349441.0,12
394733,"Kalispell, MT",msa,MT,2020,406695.0,12
394733,"Kalispell, MT",msa,MT,2021,569796.0,12
394733,"Kalispell, MT",msa,MT,2022,638792.0,12
394733,"Kalispell, MT",msa,MT,2023,625636.0,12
394733,"Kalispell, MT",msa,MT,2024,652559.0,12
394733,"Kalispell, MT",msa,MT,2025,649905.0,12
394733,"Kalispell, MT",msa,MT,2026,652722.0,7
394734,"Kankakee, IL",msa,IL,2009,128771.0,12
394734,"Kankakee, IL",msa,IL,2010,125414.0,12
394734,"Kankakee, IL",msa,IL,2011,121412.0,12
394734,"Kankakee, IL",msa,IL,2012,139289.0,12
394734,"Kankakee, IL",msa,IL,2013,128947.0,12
394734,"Kankakee, IL",msa,IL,2014,129816.0,12
394734,"Kankakee, IL",msa,IL,2015,131077.0,12
394734,"Kankakee, IL",msa,IL,2016,131630.0,12
394734,"Kankakee, IL",msa,IL,2017,137254.0,12
394734,"Kankakee, IL",msa,IL,2018,143120.0,12
394734,"Kankakee, IL",msa,IL,2019,152227.0,12
394734,"Kankakee, IL",msa,IL,2020,164693.0,12
394734,"Kankakee, IL",msa,IL,2021,177120.0,12
394734,"Kankakee, IL",msa,IL,2022,189666.0,12
394734,"Kankakee, IL",msa,IL,2023,202433.0,12
394734,"Kankakee, IL",msa,IL,2024,213580.0,12
394734,"Kankakee, IL",msa,IL,2025,222552.0,12
394734,"Kankakee, IL",msa,IL,2026,228871.0,7
394735,"Kansas City, MO",msa,MO,2000,120795.0,12
394735,"Kansas City, MO",msa,MO,2001,129597.0,12
394735,"Kansas City, MO",msa,MO,2002,135856.0,12
394735,"Kansas City, MO",msa,MO,2003,141480.0,12
394735,"Kansas City, MO",msa,MO,2004,145828.0,12
394735,"Kansas City, MO",msa,MO,2005,151048.0,12
394735,"Kansas City, MO",msa,MO,2006,155814.0,12
394735,"Kansas City, MO",msa,MO,2007,157265.0,12
394735,"Kansas City, MO",msa,MO,2008,153512.0,12
394735,"Kansas City, MO",msa,MO,2009,150640.0,12
394735,"Kansas City, MO",msa,MO,2010,145543.0,12
394735,"Kansas City, MO",msa,MO,2011,137154.0,12
394735,"Kansas City, MO",msa,MO,2012,140069.0,12
394735,"Kansas City, MO",msa,MO,2013,146213.0,12
394735,"Kansas City, MO",msa,MO,2014,153156.0,12
394735,"Kansas City, MO",msa,MO,2015,163549.0,12
394735,"Kansas City, MO",msa,MO,2016,176368.0,12
394735,"Kansas City, MO",msa,MO,2017,189993.0,12
394735,"Kansas City, MO",msa,MO,2018,203621.0,12
394735,"Kansas City, MO",msa,MO,2019,213389.0,12
394735,"Kansas City, MO",msa,MO,2020,237287.0,12
394735,"Kansas City, MO",msa,MO,2021,266460.0,12
394735,"Kansas City, MO",msa,MO,2022,291336.0,12
394735,"Kansas City, MO",msa,MO,2023,306112.0,12
394735,"Kansas City, MO",msa,MO,2024,316615.0,12
394735,"Kansas City, MO",msa,MO,2025,325089.0,12
394735,"Kansas City, MO",msa,MO,2026,330112.0,7
394736,"Kapaa, HI",msa,HI,2000,166181.0,12
394736,"Kapaa, HI",msa,HI,2001,181532.0,12
394736,"Kapaa, HI",msa,HI,2002,199675.0,12
394736,"Kapaa, HI",msa,HI,2003,238735.0,12
394736,"Kapaa, HI",msa,HI,2004,313118.0,12
394736,"Kapaa, HI",msa,HI,2005,409313.0,12
394736,"Kapaa, HI",msa,HI,2006,437745.0,12
394736,"Kapaa, HI",msa,HI,2007,442203.0,12
394736,"Kapaa, HI",msa,HI,2008,417346.0,12
394736,"Kapaa, HI",msa,HI,2009,387471.0,12
394736,"Kapaa, HI",msa,HI,2010,383233.0,12
394736,"Kapaa, HI",msa,HI,2011,377523.0,12
394736,"Kapaa, HI",msa,HI,2012,402855.0,12
394736,"Kapaa, HI",msa,HI,2013,464672.0,12
394736,"Kapaa, HI",msa,HI,2014,496663.0,12
394736,"Kapaa, HI",msa,HI,2015,538769.0,12
394736,"Kapaa, HI",msa,HI,2016,556425.0,12
394736,"Kapaa, HI",msa,HI,2017,585389.0,12
394736,"Kapaa, HI",msa,HI,2018,625432.0,12
394736,"Kapaa, HI",msa,HI,2019,642633.0,12
394736,"Kapaa, HI",msa,HI,2020,710672.0,12
394736,"Kapaa, HI",msa,HI,2021,810322.0,12
394736,"Kapaa, HI",msa,HI,2022,943026.0,12
394736,"Kapaa, HI",msa,HI,2023,988946.0,12
394736,"Kapaa, HI",msa,HI,2024,1022446.0,12
394736,"Kapaa, HI",msa,HI,2025,1005272.0,12
394736,"Kapaa, HI",msa,HI,2026,1015346.0,7
394737,"Kearney, NE",msa,NE,2006,133027.0,12
394737,"Kearney, NE",msa,NE,2007,133924.0,12
394737,"Kearney, NE",msa,NE,2008,133812.0,12
394737,"Kearney, NE",msa,NE,2009,132536.0,12
394737,"Kearney, NE",msa,NE,2010,133078.0,12
394737,"Kearney, NE",msa,NE,2011,133169.0,12
394737,"Kearney, NE",msa,NE,2012,149166.0,12
394737,"Kearney, NE",msa,NE,2013,159250.0,12
394737,"Kearney, NE",msa,NE,2014,167478.0,12
394737,"Kearney, NE",msa,NE,2015,179103.0,12
394737,"Kearney, NE",msa,NE,2016,185653.0,12
394737,"Kearney, NE",msa,NE,2017,188707.0,12
394737,"Kearney, NE",msa,NE,2018,195443.0,12
394737,"Kearney, NE",msa,NE,2019,205199.0,12
394737,"Kearney, NE",msa,NE,2020,214658.0,12
394737,"Kearney, NE",msa,NE,2021,237650.0,12
394737,"Kearney, NE",msa,NE,2022,260119.0,12
394737,"Kearney, NE",msa,NE,2023,265770.0,12
394737,"Kearney, NE",msa,NE,2024,276634.0,12
394737,"Kearney, NE",msa,NE,2025,291074.0,12
394737,"Kearney, NE",msa,NE,2026,302313.0,7
394738,"Keene, NH",msa,NH,2000,110267.0,12
394738,"Keene, NH",msa,NH,2001,121804.0,12
394738,"Keene, NH",msa,NH,2002,136098.0,12
394738,"Keene, NH",msa,NH,2003,150228.0,12
394738,"Keene, NH",msa,NH,2004,162380.0,12
394738,"Keene, NH",msa,NH,2005,181164.0,12
394738,"Keene, NH",msa,NH,2006,196606.0,12
394738,"Keene, NH",msa,NH,2007,202874.0,12
394738,"Keene, NH",msa,NH,2008,188178.0,12
394738,"Keene, NH",msa,NH,2009,176033.0,12
394738,"Keene, NH",msa,NH,2010,173540.0,12
394738,"Keene, NH",msa,NH,2011,169627.0,12
394738,"Keene, NH",msa,NH,2012,170207.0,12
394738,"Keene, NH",msa,NH,2013,170462.0,12
394738,"Keene, NH",msa,NH,2014,173911.0,12
394738,"Keene, NH",msa,NH,2015,181028.0,12
394738,"Keene, NH",msa,NH,2016,183786.0,12
394738,"Keene, NH",msa,NH,2017,193778.0,12
394738,"Keene, NH",msa,NH,2018,203523.0,12
394738,"Keene, NH",msa,NH,2019,215840.0,12
394738,"Keene, NH",msa,NH,2020,247046.0,12
394738,"Keene, NH",msa,NH,2021,281756.0,12
394738,"Keene, NH",msa,NH,2022,325827.0,12
394738,"Keene, NH",msa,NH,2023,352889.0,12
394738,"Keene, NH",msa,NH,2024,376242.0,12
394738,"Keene, NH",msa,NH,2025,391061.0,12
394738,"Keene, NH",msa,NH,2026,396250.0,7
394739,"Kendallville, IN",msa,IN,2012,102849.0,12
394739,"Kendallville, IN",msa,IN,2013,107660.0,12
394739,"Kendallville, IN",msa,IN,2014,117090.0,12
394739,"Kendallville, IN",msa,IN,2015,124946.0,12
394739,"Kendallville, IN",msa,IN,2016,131727.0,12
394739,"Kendallville, IN",msa,IN,2017,138242.0,12
394739,"Kendallville, IN",msa,IN,2018,148567.0,12
394739,"Kendallville, IN",msa,IN,2019,157532.0,12
394739,"Kendallville, IN",msa,IN,2020,171905.0,12
394739,"Kendallville, IN",msa,IN,2021,196743.0,12
394739,"Kendallville, IN",msa,IN,2022,214240.0,12
394739,"Kendallville, IN",msa,IN,2023,226972.0,12
394739,"Kendallville, IN",msa,IN,2024,240938.0,12
394739,"Kendallville, IN",msa,IN,2025,250158.0,12
394739,"Kendallville, IN",msa,IN,2026,258072.0,7
394740,"Kennett, MO",msa,MO,2009,81499.0,12
394740,"Kennett, MO",msa,MO,2010,79969.0,12
394740,"Kennett, MO",msa,MO,2011,78761.0,12
394740,"Kennett, MO",msa,MO,2012,81388.0,12
394740,"Kennett, MO",msa,MO,2013,82214.0,12
394740,"Kennett, MO",msa,MO,2014,82725.0,12
394740,"Kennett, MO",msa,MO,2015,83731.0,12
394740,"Kennett, MO",msa,MO,2016,87282.0,12
394740,"Kennett, MO",msa,MO,2017,87685.0,12
394740,"Kennett, MO",msa,MO,2018,88300.0,12
394740,"Kennett, MO",msa,MO,2019,90483.0,12
394740,"Kennett, MO",msa,MO,2020,94618.0,12
394740,"Kennett, MO",msa,MO,2021,100653.0,12
394740,"Kennett, MO",msa,MO,2022,99238.0,12
394740,"Kennett, MO",msa,MO,2023,87119.0,12
394740,"Kennett, MO",msa,MO,2024,91739.0,12
394740,"Kennett, MO",msa,MO,2025,88814.0,12
394740,"Kennett, MO",msa,MO,2026,93444.0,7
394741,"Kennewick, WA",msa,WA,2000,141965.0,12
394741,"Kennewick, WA",msa,WA,2001,149019.0,12
394741,"Kennewick, WA",msa,WA,2002,154549.0,12
394741,"Kennewick, WA",msa,WA,2003,168112.0,12
394741,"Kennewick, WA",msa,WA,2004,181129.0,12
394741,"Kennewick, WA",msa,WA,2005,192441.0,12
394741,"Kennewick, WA",msa,WA,2006,197254.0,12
394741,"Kennewick, WA",msa,WA,2007,193672.0,12
394741,"Kennewick, WA",msa,WA,2008,186192.0,12
394741,"Kennewick, WA",msa,WA,2009,184327.0,12
394741,"Kennewick, WA",msa,WA,2010,190008.0,12
394741,"Kennewick, WA",msa,WA,2011,190934.0,12
394741,"Kennewick, WA",msa,WA,2012,189920.0,12
394741,"Kennewick, WA",msa,WA,2013,190738.0,12
394741,"Kennewick, WA",msa,WA,2014,195523.0,12
394741,"Kennewick, WA",msa,WA,2015,210118.0,12
394741,"Kennewick, WA",msa,WA,2016,230778.0,12
394741,"Kennewick, WA",msa,WA,2017,259095.0,12
394741,"Kennewick, WA",msa,WA,2018,286982.0,12
394741,"Kennewick, WA",msa,WA,2019,316848.0,12
394741,"Kennewick, WA",msa,WA,2020,342498.0,12
394741,"Kennewick, WA",msa,WA,2021,397050.0,12
394741,"Kennewick, WA",msa,WA,2022,428547.0,12
394741,"Kennewick, WA",msa,WA,2023,433910.0,12
394741,"Kennewick, WA",msa,WA,2024,443006.0,12
394741,"Kennewick, WA",msa,WA,2025,442396.0,12
394741,"Kennewick, WA",msa,WA,2026,442889.0,7
394742,"Kerrville, TX",msa,TX,2005,175621.0,12
394742,"Kerrville, TX",msa,TX,2006,185880.0,12
394742,"Kerrville, TX",msa,TX,2007,194051.0,12
394742,"Kerrville, TX",msa,TX,2008,193636.0,12
394742,"Kerrville, TX",msa,TX,2009,190634.0,12
394742,"Kerrville, TX",msa,TX,2010,186804.0,12
394742,"Kerrville, TX",msa,TX,2011,185186.0,12
394742,"Kerrville, TX",msa,TX,2012,186585.0,12
394742,"Kerrville, TX",msa,TX,2013,191157.0,12
394742,"Kerrville, TX",msa,TX,2014,199641.0,12
394742,"Kerrville, TX",msa,TX,2015,213566.0,12
394742,"Kerrville, TX",msa,TX,2016,232314.0,12
394742,"Kerrville, TX",msa,TX,2017,247460.0,12
394742,"Kerrville, TX",msa,TX,2018,266537.0,12
394742,"Kerrville, TX",msa,TX,2019,281167.0,12
394742,"Kerrville, TX",msa,TX,2020,306366.0,12
394742,"Kerrville, TX",msa,TX,2021,371250.0,12
394742,"Kerrville, TX",msa,TX,2022,400075.0,12
394742,"Kerrville, TX",msa,TX,2023,395616.0,12
394742,"Kerrville, TX",msa,TX,2024,391775.0,12
394742,"Kerrville, TX",msa,TX,2025,380027.0,12
394742,"Kerrville, TX",msa,TX,2026,373324.0,7
394743,"Ketchikan, AK",msa,AK,2005,211280.0,12
394743,"Ketchikan, AK",msa,AK,2006,222706.0,12
394743,"Ketchikan, AK",msa,AK,2007,225515.0,12
394743,"Ketchikan, AK",msa,AK,2008,224561.0,12
394743,"Ketchikan, AK",msa,AK,2009,220885.0,12
394743,"Ketchikan, AK",msa,AK,2010,221541.0,12
394743,"Ketchikan, AK",msa,AK,2011,218988.0,12
394743,"Ketchikan, AK",msa,AK,2012,228933.0,12
394743,"Ketchikan, AK",msa,AK,2013,233996.0,12
394743,"Ketchikan, AK",msa,AK,2014,242524.0,12
394743,"Ketchikan, AK",msa,AK,2015,256409.0,12
394743,"Ketchikan, AK",msa,AK,2016,266192.0,12
394743,"Ketchikan, AK",msa,AK,2017,273158.0,12
394743,"Ketchikan, AK",msa,AK,2018,288277.0,12
394743,"Ketchikan, AK",msa,AK,2019,312019.0,12
394743,"Ketchikan, AK",msa,AK,2020,331397.0,12
394743,"Ketchikan, AK",msa,AK,2021,350780.0,12
394743,"Ketchikan, AK",msa,AK,2022,373537.0,12
394743,"Ketchikan, AK",msa,AK,2023,359292.0,12
394743,"Ketchikan, AK",msa,AK,2024,366397.0,12
394743,"Ketchikan, AK",msa,AK,2025,397442.0,12
394743,"Ketchikan, AK",msa,AK,2026,409072.0,7
394744,"Key West, FL",msa,FL,2016,535162.0,12
394744,"Key West, FL",msa,FL,2017,566298.0,12
394744,"Key West, FL",msa,FL,2018,583048.0,12
394744,"Key West, FL",msa,FL,2019,591407.0,12
394744,"Key West, FL",msa,FL,2020,651519.0,12
394744,"Key West, FL",msa,FL,2021,808896.0,12
394744,"Key West, FL",msa,FL,2022,981643.0,12
394744,"Key West, FL",msa,FL,2023,1010340.0,12
394744,"Key West, FL",msa,FL,2024,991518.0,12
394744,"Key West, FL",msa,FL,2025,946776.0,12
394744,"Key West, FL",msa,FL,2026,960840.0,7
394745,"Kill Devil Hills, NC",msa,NC,2000,227136.0,12
394745,"Kill Devil Hills, NC",msa,NC,2001,242215.0,12
394745,"Kill Devil Hills, NC",msa,NC,2002,260766.0,12
394745,"Kill Devil Hills, NC",msa,NC,2003,279842.0,12
394745,"Kill Devil Hills, NC",msa,NC,2004,307789.0,12
394745,"Kill Devil Hills, NC",msa,NC,2005,354934.0,12
394745,"Kill Devil Hills, NC",msa,NC,2006,372057.0,12
394745,"Kill Devil Hills, NC",msa,NC,2007,370873.0,12
394745,"Kill Devil Hills, NC",msa,NC,2008,348854.0,12
394745,"Kill Devil Hills, NC",msa,NC,2009,323258.0,12
394745,"Kill Devil Hills, NC",msa,NC,2010,305368.0,12
394745,"Kill Devil Hills, NC",msa,NC,2011,289125.0,12
394745,"Kill Devil Hills, NC",msa,NC,2012,302889.0,12
394745,"Kill Devil Hills, NC",msa,NC,2013,319673.0,12
394745,"Kill Devil Hills, NC",msa,NC,2014,312316.0,12
394745,"Kill Devil Hills, NC",msa,NC,2015,324190.0,12
394745,"Kill Devil Hills, NC",msa,NC,2016,332008.0,12
394745,"Kill Devil Hills, NC",msa,NC,2017,342551.0,12
394745,"Kill Devil Hills, NC",msa,NC,2018,359891.0,12
394745,"Kill Devil Hills, NC",msa,NC,2019,364554.0,12
394745,"Kill Devil Hills, NC",msa,NC,2020,398873.0,12
394745,"Kill Devil Hills, NC",msa,NC,2021,505534.0,12
394745,"Kill Devil Hills, NC",msa,NC,2022,580280.0,12
394745,"Kill Devil Hills, NC",msa,NC,2023,596641.0,12
394745,"Kill Devil Hills, NC",msa,NC,2024,606721.0,12
394745,"Kill Devil Hills, NC",msa,NC,2025,603693.0,12
394745,"Kill Devil Hills, NC",msa,NC,2026,604060.0,7
394746,"Killeen, TX",msa,TX,2008,144166.0,12
394746,"Killeen, TX",msa,TX,2009,140302.0,12
394746,"Killeen, TX",msa,TX,2010,140943.0,12
394746,"Killeen, TX",msa,TX,2011,135986.0,12
394746,"Killeen, TX",msa,TX,2012,135352.0,12
394746,"Killeen, TX",msa,TX,2013,135318.0,12
394746,"Killeen, TX",msa,TX,2014,138173.0,12
394746,"Killeen, TX",msa,TX,2015,142812.0,12
394746,"Killeen, TX",msa,TX,2016,147314.0,12
394746,"Killeen, TX",msa,TX,2017,153085.0,12
394746,"Killeen, TX",msa,TX,2018,163517.0,12
394746,"Killeen, TX",msa,TX,2019,172771.0,12
394746,"Killeen, TX",msa,TX,2020,190917.0,12
394746,"Killeen, TX",msa,TX,2021,234695.0,12
394746,"Killeen, TX",msa,TX,2022,270026.0,12
394746,"Killeen, TX",msa,TX,2023,261240.0,12
394746,"Killeen, TX",msa,TX,2024,258450.0,12
394746,"Killeen, TX",msa,TX,2025,254238.0,12
394746,"Killeen, TX",msa,TX,2026,251916.0,7
394747,"Kingsport, TN",msa,TN,2000,96343.0,12
394747,"Kingsport, TN",msa,TN,2001,99880.0,12
394747,"Kingsport, TN",msa,TN,2002,100629.0,12
394747,"Kingsport, TN",msa,TN,2003,103538.0,12
394747,"Kingsport, TN",msa,TN,2004,106795.0,12
394747,"Kingsport, TN",msa,TN,2005,115999.0,12
394747,"Kingsport, TN",msa,TN,2006,123816.0,12
394747,"Kingsport, TN",msa,TN,2007,127145.0,12
394747,"Kingsport, TN",msa,TN,2008,126085.0,12
394747,"Kingsport, TN",msa,TN,2009,121298.0,12
394747,"Kingsport, TN",msa,TN,2010,119172.0,12
394747,"Kingsport, TN",msa,TN,2011,118017.0,12
394747,"Kingsport, TN",msa,TN,2012,119115.0,12
394747,"Kingsport, TN",msa,TN,2013,119207.0,12
394747,"Kingsport, TN",msa,TN,2014,121482.0,12
394747,"Kingsport, TN",msa,TN,2015,125130.0,12
394747,"Kingsport, TN",msa,TN,2016,130324.0,12
394747,"Kingsport, TN",msa,TN,2017,135213.0,12
394747,"Kingsport, TN",msa,TN,2018,139154.0,12
394747,"Kingsport, TN",msa,TN,2019,153173.0,12
394747,"Kingsport, TN",msa,TN,2020,162986.0,12
394747,"Kingsport, TN",msa,TN,2021,188416.0,12
394747,"Kingsport, TN",msa,TN,2022,210139.0,12
394747,"Kingsport, TN",msa,TN,2023,232553.0,12
394747,"Kingsport, TN",msa,TN,2024,241858.0,12
394747,"Kingsport, TN",msa,TN,2025,244572.0,12
394747,"Kingsport, TN",msa,TN,2026,246585.0,7
394748,"Kingston, NY",msa,NY,2000,130142.0,12
394748,"Kingston, NY",msa,NY,2001,143382.0,12
394748,"Kingston, NY",msa,NY,2002,161213.0,12
394748,"Kingston, NY",msa,NY,2003,189057.0,12
394748,"Kingston, NY",msa,NY,2004,219344.0,12
394748,"Kingston, NY",msa,NY,2005,254813.0,12
394748,"Kingston, NY",msa,NY,2006,259724.0,12
394748,"Kingston, NY",msa,NY,2007,259306.0,12
394748,"Kingston, NY",msa,NY,2008,244356.0,12
394748,"Kingston, NY",msa,NY,2009,228232.0,12
394748,"Kingston, NY",msa,NY,2010,223097.0,12
394748,"Kingston, NY",msa,NY,2011,202624.0,12
394748,"Kingston, NY",msa,NY,2012,193362.0,12
394748,"Kingston, NY",msa,NY,2013,196259.0,12
394748,"Kingston, NY",msa,NY,2014,198827.0,12
394748,"Kingston, NY",msa,NY,2015,204709.0,12
394748,"Kingston, NY",msa,NY,2016,208783.0,12
394748,"Kingston, NY",msa,NY,2017,221466.0,12
394748,"Kingston, NY",msa,NY,2018,235844.0,12
394748,"Kingston, NY",msa,NY,2019,246091.0,12
394748,"Kingston, NY",msa,NY,2020,285746.0,12
394748,"Kingston, NY",msa,NY,2021,339829.0,12
394748,"Kingston, NY",msa,NY,2022,378347.0,12
394748,"Kingston, NY",msa,NY,2023,403459.0,12
394748,"Kingston, NY",msa,NY,2024,433194.0,12
394748,"Kingston, NY",msa,NY,2025,439979.0,12
394748,"Kingston, NY",msa,NY,2026,449945.0,7
394749,"Kingsville, TX",msa,TX,2009,101552.0,12
394749,"Kingsville, TX",msa,TX,2010,100352.0,12
394749,"Kingsville, TX",msa,TX,2011,99476.0,12
394749,"Kingsville, TX",msa,TX,2012,99074.0,12
394749,"Kingsville, TX",msa,TX,2013,102458.0,12
394749,"Kingsville, TX",msa,TX,2014,106373.0,12
394749,"Kingsville, TX",msa,TX,2015,112166.0,12
394749,"Kingsville, TX",msa,TX,2016,112772.0,12
394749,"Kingsville, TX",msa,TX,2017,113153.0,12
394749,"Kingsville, TX",msa,TX,2018,114098.0,12
394749,"Kingsville, TX",msa,TX,2019,125812.0,12
394749,"Kingsville, TX",msa,TX,2020,137148.0,12
394749,"Kingsville, TX",msa,TX,2021,147759.0,12
394749,"Kingsville, TX",msa,TX,2022,147796.0,12
394749,"Kingsville, TX",msa,TX,2023,142421.0,12
394749,"Kingsville, TX",msa,TX,2024,148108.0,12
394749,"Kingsville, TX",msa,TX,2025,149897.0,12
394749,"Kingsville, TX",msa,TX,2026,147262.0,7
394750,"Kinston, NC",msa,NC,2006,74714.0,12
394750,"Kinston, NC",msa,NC,2007,76533.0,12
394750,"Kinston, NC",msa,NC,2008,75329.0,12
394750,"Kinston, NC",msa,NC,2009,71313.0,12
394750,"Kinston, NC",msa,NC,2010,70702.0,12
394750,"Kinston, NC",msa,NC,2011,68711.0,12
394750,"Kinston, NC",msa,NC,2012,67557.0,12
394750,"Kinston, NC",msa,NC,2013,68463.0,12
394750,"Kinston, NC",msa,NC,2014,69348.0,12
394750,"Kinston, NC",msa,NC,2015,70596.0,12
394750,"Kinston, NC",msa,NC,2016,71494.0,12
394750,"Kinston, NC",msa,NC,2017,75104.0,12
394750,"Kinston, NC",msa,NC,2018,78081.0,12
394750,"Kinston, NC",msa,NC,2019,82170.0,12
394750,"Kinston, NC",msa,NC,2020,92290.0,12
394750,"Kinston, NC",msa,NC,2021,107289.0,12
394750,"Kinston, NC",msa,NC,2022,132616.0,12
394750,"Kinston, NC",msa,NC,2023,136081.0,12
394750,"Kinston, NC",msa,NC,2024,144290.0,12
394750,"Kinston, NC",msa,NC,2025,146353.0,12
394750,"Kinston, NC",msa,NC,2026,152700.0,7
394751,"Kirksville, MO",msa,MO,2012,109193.0,12
394751,"Kirksville, MO",msa,MO,2013,114797.0,12
394751,"Kirksville, MO",msa,MO,2014,120475.0,12
394751,"Kirksville, MO",msa,MO,2015,123369.0,12
394751,"Kirksville, MO",msa,MO,2016,126465.0,12
394751,"Kirksville, MO",msa,MO,2017,125888.0,12
394751,"Kirksville, MO",msa,MO,2018,130727.0,12
394751,"Kirksville, MO",msa,MO,2019,137944.0,12
394751,"Kirksville, MO",msa,MO,2020,151109.0,12
394751,"Kirksville, MO",msa,MO,2021,170856.0,12
394751,"Kirksville, MO",msa,MO,2022,169627.0,12
394751,"Kirksville, MO",msa,MO,2023,174492.0,12
394751,"Kirksville, MO",msa,MO,2024,179503.0,12
394751,"Kirksville, MO",msa,MO,2025,188920.0,12
394751,"Kirksville, MO",msa,MO,2026,194265.0,7
394752,"Klamath Falls, OR",msa,OR,2000,82402.0,12
394752,"Klamath Falls, OR",msa,OR,2001,87621.0,12
394752,"Klamath Falls, OR",msa,OR,2002,88792.0,12
394752,"Klamath Falls, OR",msa,OR,2003,95356.0,12
394752,"Klamath Falls, OR",msa,OR,2004,106627.0,12
394752,"Klamath Falls, OR",msa,OR,2005,135875.0,12
394752,"Klamath Falls, OR",msa,OR,2006,159365.0,12
394752,"Klamath Falls, OR",msa,OR,2007,160771.0,12
394752,"Klamath Falls, OR",msa,OR,2008,153247.0,12
394752,"Klamath Falls, OR",msa,OR,2009,138103.0,12
394752,"Klamath Falls, OR",msa,OR,2010,129664.0,12
394752,"Klamath Falls, OR",msa,OR,2011,122810.0,12
394752,"Klamath Falls, OR",msa,OR,2012,123790.0,12
394752,"Klamath Falls, OR",msa,OR,2013,130247.0,12
394752,"Klamath Falls, OR",msa,OR,2014,137451.0,12
394752,"Klamath Falls, OR",msa,OR,2015,147432.0,12
394752,"Klamath Falls, OR",msa,OR,2016,154436.0,12
394752,"Klamath Falls, OR",msa,OR,2017,164052.0,12
394752,"Klamath Falls, OR",msa,OR,2018,179953.0,12
394752,"Klamath Falls, OR",msa,OR,2019,191763.0,12
394752,"Klamath Falls, OR",msa,OR,2020,217333.0,12
394752,"Klamath Falls, OR",msa,OR,2021,263121.0,12
394752,"Klamath Falls, OR",msa,OR,2022,283886.0,12
394752,"Klamath Falls, OR",msa,OR,2023,294617.0,12
394752,"Klamath Falls, OR",msa,OR,2024,303912.0,12
394752,"Klamath Falls, OR",msa,OR,2025,312040.0,12
394752,"Klamath Falls, OR",msa,OR,2026,312655.0,7
394753,"Knoxville, TN",msa,TN,2000,110605.0,12
394753,"Knoxville, TN",msa,TN,2001,114698.0,12
394753,"Knoxville, TN",msa,TN,2002,118361.0,12
394753,"Knoxville, TN",msa,TN,2003,123326.0,12
394753,"Knoxville, TN",msa,TN,2004,131703.0,12
394753,"Knoxville, TN",msa,TN,2005,143176.0,12
394753,"Knoxville, TN",msa,TN,2006,154907.0,12
394753,"Knoxville, TN",msa,TN,2007,159349.0,12
394753,"Knoxville, TN",msa,TN,2008,155735.0,12
394753,"Knoxville, TN",msa,TN,2009,149969.0,12
394753,"Knoxville, TN",msa,TN,2010,148799.0,12
394753,"Knoxville, TN",msa,TN,2011,144946.0,12
394753,"Knoxville, TN",msa,TN,2012,145817.0,12
394753,"Knoxville, TN",msa,TN,2013,149750.0,12
394753,"Knoxville, TN",msa,TN,2014,153850.0,12
394753,"Knoxville, TN",msa,TN,2015,160692.0,12
394753,"Knoxville, TN",msa,TN,2016,168571.0,12
394753,"Knoxville, TN",msa,TN,2017,178275.0,12
394753,"Knoxville, TN",msa,TN,2018,189479.0,12
394753,"Knoxville, TN",msa,TN,2019,202584.0,12
394753,"Knoxville, TN",msa,TN,2020,227118.0,12
394753,"Knoxville, TN",msa,TN,2021,273286.0,12
394753,"Knoxville, TN",msa,TN,2022,315372.0,12
394753,"Knoxville, TN",msa,TN,2023,347794.0,12
394753,"Knoxville, TN",msa,TN,2024,360240.0,12
394753,"Knoxville, TN",msa,TN,2025,363974.0,12
394753,"Knoxville, TN",msa,TN,2026,367915.0,7
394755,"Kokomo, IN",msa,IN,2009,81032.0,12
394755,"Kokomo, IN",msa,IN,2010,78852.0,12
394755,"Kokomo, IN",msa,IN,2011,76580.0,12
394755,"Kokomo, IN",msa,IN,2012,78449.0,12
394755,"Kokomo, IN",msa,IN,2013,82868.0,12
394755,"Kokomo, IN",msa,IN,2014,84973.0,12
394755,"Kokomo, IN",msa,IN,2015,90229.0,12
394755,"Kokomo, IN",msa,IN,2016,94908.0,12
394755,"Kokomo, IN",msa,IN,2017,101683.0,12
394755,"Kokomo, IN",msa,IN,2018,109129.0,12
394755,"Kokomo, IN",msa,IN,2019,115293.0,12
394755,"Kokomo, IN",msa,IN,2020,126994.0,12
394755,"Kokomo, IN",msa,IN,2021,144149.0,12
394755,"Kokomo, IN",msa,IN,2022,156323.0,12
394755,"Kokomo, IN",msa,IN,2023,163918.0,12
394755,"Kokomo, IN",msa,IN,2024,178953.0,12
394755,"Kokomo, IN",msa,IN,2025,190429.0,12
394755,"Kokomo, IN",msa,IN,2026,194961.0,7
394756,"La Crosse, WI",msa,WI,2002,151270.0,12
394756,"La Crosse, WI",msa,WI,2003,157544.0,12
394756,"La Crosse, WI",msa,WI,2004,167816.0,12
394756,"La Crosse, WI",msa,WI,2005,179121.0,12
394756,"La Crosse, WI",msa,WI,2006,180782.0,12
394756,"La Crosse, WI",msa,WI,2007,179382.0,12
394756,"La Crosse, WI",msa,WI,2008,172660.0,12
394756,"La Crosse, WI",msa,WI,2009,170968.0,12
394756,"La Crosse, WI",msa,WI,2010,169645.0,12
394756,"La Crosse, WI",msa,WI,2011,165007.0,12
394756,"La Crosse, WI",msa,WI,2012,165947.0,12
394756,"La Crosse, WI",msa,WI,2013,171593.0,12
394756,"La Crosse, WI",msa,WI,2014,173963.0,12
394756,"La Crosse, WI",msa,WI,2015,182398.0,12
394756,"La Crosse, WI",msa,WI,2016,191894.0,12
394756,"La Crosse, WI",msa,WI,2017,201647.0,12
394756,"La Crosse, WI",msa,WI,2018,210934.0,12
394756,"La Crosse, WI",msa,WI,2019,222610.0,12
394756,"La Crosse, WI",msa,WI,2020,241011.0,12
394756,"La Crosse, WI",msa,WI,2021,268396.0,12
394756,"La Crosse, WI",msa,WI,2022,288971.0,12
394756,"La Crosse, WI",msa,WI,2023,304332.0,12
394756,"La Crosse, WI",msa,WI,2024,320839.0,12
394756,"La Crosse, WI",msa,WI,2025,329482.0,12
394756,"La Crosse, WI",msa,WI,2026,338463.0,7
394758,"La Grande, OR",msa,OR,2009,159924.0,12
394758,"La Grande, OR",msa,OR,2010,152707.0,12
394758,"La Grande, OR",msa,OR,2011,147702.0,12
394758,"La Grande, OR",msa,OR,2012,149188.0,12
394758,"La Grande, OR",msa,OR,2013,155746.0,12
394758,"La Grande, OR",msa,OR,2014,158946.0,12
394758,"La Grande, OR",msa,OR,2015,165577.0,12
394758,"La Grande, OR",msa,OR,2016,175388.0,12
394758,"La Grande, OR",msa,OR,2017,184180.0,12
394758,"La Grande, OR",msa,OR,2018,195372.0,12
394758,"La Grande, OR",msa,OR,2019,205343.0,12
394758,"La Grande, OR",msa,OR,2020,228833.0,12
394758,"La Grande, OR",msa,OR,2021,275334.0,12
394758,"La Grande, OR",msa,OR,2022,290479.0,12
394758,"La Grande, OR",msa,OR,2023,300875.0,12
394758,"La Grande, OR",msa,OR,2024,311427.0,12
394758,"La Grande, OR",msa,OR,2025,331568.0,12
394758,"La Grande, OR",msa,OR,2026,339555.0,7
394762,"LaGrange, GA",msa,GA,2000,77958.0,12
394762,"LaGrange, GA",msa,GA,2001,82651.0,12
394762,"LaGrange, GA",msa,GA,2002,86353.0,12
394762,"LaGrange, GA",msa,GA,2003,89608.0,12
394762,"LaGrange, GA",msa,GA,2004,96161.0,12
394762,"LaGrange, GA",msa,GA,2005,99714.0,12
394762,"LaGrange, GA",msa,GA,2006,104207.0,12
394762,"LaGrange, GA",msa,GA,2007,105831.0,12
394762,"LaGrange, GA",msa,GA,2008,100493.0,12
394762,"LaGrange, GA",msa,GA,2009,92764.0,12
394762,"LaGrange, GA",msa,GA,2010,88934.0,12
394762,"LaGrange, GA",msa,GA,2011,82080.0,12
394762,"LaGrange, GA",msa,GA,2012,86136.0,12
394762,"LaGrange, GA",msa,GA,2013,93153.0,12
394762,"LaGrange, GA",msa,GA,2014,96995.0,12
394762,"LaGrange, GA",msa,GA,2015,100292.0,12
394762,"LaGrange, GA",msa,GA,2016,102411.0,12
394762,"LaGrange, GA",msa,GA,2017,107363.0,12
394762,"LaGrange, GA",msa,GA,2018,118684.0,12
394762,"LaGrange, GA",msa,GA,2019,123509.0,12
394762,"LaGrange, GA",msa,GA,2020,137071.0,12
394762,"LaGrange, GA",msa,GA,2021,156014.0,12
394762,"LaGrange, GA",msa,GA,2022,180849.0,12
394762,"LaGrange, GA",msa,GA,2023,189881.0,12
394762,"LaGrange, GA",msa,GA,2024,200963.0,12
394762,"LaGrange, GA",msa,GA,2025,200352.0,12
394762,"LaGrange, GA",msa,GA,2026,203712.0,7
394759,"Laconia, NH",msa,NH,2000,124963.0,12
394759,"Laconia, NH",msa,NH,2001,139662.0,12
394759,"Laconia, NH",msa,NH,2002,159793.0,12
394759,"Laconia, NH",msa,NH,2003,189184.0,12
394759,"Laconia, NH",msa,NH,2004,211029.0,12
394759,"Laconia, NH",msa,NH,2005,233434.0,12
394759,"Laconia, NH",msa,NH,2006,238018.0,12
394759,"Laconia, NH",msa,NH,2007,232601.0,12
394759,"Laconia, NH",msa,NH,2008,223784.0,12
394759,"Laconia, NH",msa,NH,2009,210687.0,12
394759,"Laconia, NH",msa,NH,2010,208780.0,12
394759,"Laconia, NH",msa,NH,2011,203710.0,12
394759,"Laconia, NH",msa,NH,2012,203999.0,12
394759,"Laconia, NH",msa,NH,2013,209161.0,12
394759,"Laconia, NH",msa,NH,2014,212891.0,12
394759,"Laconia, NH",msa,NH,2015,223303.0,12
394759,"Laconia, NH",msa,NH,2016,229019.0,12
394759,"Laconia, NH",msa,NH,2017,245598.0,12
394759,"Laconia, NH",msa,NH,2018,262106.0,12
394759,"Laconia, NH",msa,NH,2019,278135.0,12
394759,"Laconia, NH",msa,NH,2020,317275.0,12
394759,"Laconia, NH",msa,NH,2021,388879.0,12
394759,"Laconia, NH",msa,NH,2022,441314.0,12
394759,"Laconia, NH",msa,NH,2023,475469.0,12
394759,"Laconia, NH",msa,NH,2024,501259.0,12
394759,"Laconia, NH",msa,NH,2025,513087.0,12
394759,"Laconia, NH",msa,NH,2026,519157.0,7
753895,"Lafayette, IN",msa,IN,2000,111706.0,12
753895,"Lafayette, IN",msa,IN,2001,124021.0,12
753895,"Lafayette, IN",msa,IN,2002,125104.0,12
753895,"Lafayette, IN",msa,IN,2003,127561.0,12
753895,"Lafayette, IN",msa,IN,2004,128711.0,12
753895,"Lafayette, IN",msa,IN,2005,129647.0,12
753895,"Lafayette, IN",msa,IN,2006,131604.0,12
753895,"Lafayette, IN",msa,IN,2007,131103.0,12
753895,"Lafayette, IN",msa,IN,2008,126879.0,12
753895,"Lafayette, IN",msa,IN,2009,128673.0,12
753895,"Lafayette, IN",msa,IN,2010,125159.0,12
753895,"Lafayette, IN",msa,IN,2011,123214.0,12
753895,"Lafayette, IN",msa,IN,2012,125741.0,12
753895,"Lafayette, IN",msa,IN,2013,128835.0,12
753895,"Lafayette, IN",msa,IN,2014,132629.0,12
753895,"Lafayette, IN",msa,IN,2015,138138.0,12
753895,"Lafayette, IN",msa,IN,2016,147035.0,12
753895,"Lafayette, IN",msa,IN,2017,156673.0,12
753895,"Lafayette, IN",msa,IN,2018,165327.0,12
753895,"Lafayette, IN",msa,IN,2019,178741.0,12
753895,"Lafayette, IN",msa,IN,2020,196295.0,12
753895,"Lafayette, IN",msa,IN,2021,225104.0,12
753895,"Lafayette, IN",msa,IN,2022,239853.0,12
753895,"Lafayette, IN",msa,IN,2023,257513.0,12
753895,"Lafayette, IN",msa,IN,2024,275808.0,12
753895,"Lafayette, IN",msa,IN,2025,283594.0,12
753895,"Lafayette, IN",msa,IN,2026,287462.0,7
394761,"Lafayette, LA",msa,LA,2003,130713.0,12
394761,"Lafayette, LA",msa,LA,2004,138245.0,12
394761,"Lafayette, LA",msa,LA,2005,143639.0,12
394761,"Lafayette, LA",msa,LA,2006,158628.0,12
394761,"Lafayette, LA",msa,LA,2007,163790.0,12
394761,"Lafayette, LA",msa,LA,2008,163073.0,12
394761,"Lafayette, LA",msa,LA,2009,157821.0,12
394761,"Lafayette, LA",msa,LA,2010,161573.0,12
394761,"Lafayette, LA",msa,LA,2011,159093.0,12
394761,"Lafayette, LA",msa,LA,2012,164109.0,12
394761,"Lafayette, LA",msa,LA,2013,177878.0,12
394761,"Lafayette, LA",msa,LA,2014,183296.0,12
394761,"Lafayette, LA",msa,LA,2015,192617.0,12
394761,"Lafayette, LA",msa,LA,2016,187010.0,12
394761,"Lafayette, LA",msa,LA,2017,187503.0,12
394761,"Lafayette, LA",msa,LA,2018,184830.0,12
394761,"Lafayette, LA",msa,LA,2019,190517.0,12
394761,"Lafayette, LA",msa,LA,2020,196503.0,12
394761,"Lafayette, LA",msa,LA,2021,202863.0,12
394761,"Lafayette, LA",msa,LA,2022,207265.0,12
394761,"Lafayette, LA",msa,LA,2023,203255.0,12
394761,"Lafayette, LA",msa,LA,2024,198937.0,12
394761,"Lafayette, LA",msa,LA,2025,198441.0,12
394761,"Lafayette, LA",msa,LA,2026,202272.0,7
394763,"Lake Charles, LA",msa,LA,2016,205680.0,12
394763,"Lake Charles, LA",msa,LA,2017,211575.0,12
394763,"Lake Charles, LA",msa,LA,2018,216431.0,12
394763,"Lake Charles, LA",msa,LA,2019,218874.0,12
394763,"Lake Charles, LA",msa,LA,2020,225142.0,12
394763,"Lake Charles, LA",msa,LA,2021,214074.0,12
394763,"Lake Charles, LA",msa,LA,2022,216177.0,12
394763,"Lake Charles, LA",msa,LA,2023,198443.0,12
394763,"Lake Charles, LA",msa,LA,2024,190313.0,12
394763,"Lake Charles, LA",msa,LA,2025,197251.0,12
394763,"Lake Charles, LA",msa,LA,2026,201282.0,7
394764,"Lake City, FL",msa,FL,2000,86811.0,12
394764,"Lake City, FL",msa,FL,2001,93885.0,12
394764,"Lake City, FL",msa,FL,2002,101774.0,12
394764,"Lake City, FL",msa,FL,2003,105580.0,12
394764,"Lake City, FL",msa,FL,2004,109882.0,12
394764,"Lake City, FL",msa,FL,2005,135721.0,12
394764,"Lake City, FL",msa,FL,2006,162115.0,12
394764,"Lake City, FL",msa,FL,2007,166522.0,12
394764,"Lake City, FL",msa,FL,2008,140810.0,12
394764,"Lake City, FL",msa,FL,2009,124789.0,12
394764,"Lake City, FL",msa,FL,2010,117096.0,12
394764,"Lake City, FL",msa,FL,2011,111578.0,12
394764,"Lake City, FL",msa,FL,2012,110959.0,12
394764,"Lake City, FL",msa,FL,2013,113176.0,12
394764,"Lake City, FL",msa,FL,2014,117131.0,12
394764,"Lake City, FL",msa,FL,2015,123554.0,12
394764,"Lake City, FL",msa,FL,2016,131164.0,12
394764,"Lake City, FL",msa,FL,2017,142677.0,12
394764,"Lake City, FL",msa,FL,2018,153816.0,12
394764,"Lake City, FL",msa,FL,2019,163117.0,12
394764,"Lake City, FL",msa,FL,2020,186879.0,12
394764,"Lake City, FL",msa,FL,2021,221773.0,12
394764,"Lake City, FL",msa,FL,2022,256789.0,12
394764,"Lake City, FL",msa,FL,2023,260093.0,12
394764,"Lake City, FL",msa,FL,2024,270087.0,12
394764,"Lake City, FL",msa,FL,2025,268856.0,12
394764,"Lake City, FL",msa,FL,2026,271437.0,7
394765,"Lake Havasu City, AZ",msa,AZ,2000,102971.0,12
394765,"Lake Havasu City, AZ",msa,AZ,2001,109050.0,12
394765,"Lake Havasu City, AZ",msa,AZ,2002,120072.0,12
394765,"Lake Havasu City, AZ",msa,AZ,2003,144491.0,12
394765,"Lake Havasu City, AZ",msa,AZ,2004,183863.0,12
394765,"Lake Havasu City, AZ",msa,AZ,2005,224763.0,12
394765,"Lake Havasu City, AZ",msa,AZ,2006,249058.0,12
394765,"Lake Havasu City, AZ",msa,AZ,2007,222075.0,12
394765,"Lake Havasu City, AZ",msa,AZ,2008,181188.0,12
394765,"Lake Havasu City, AZ",msa,AZ,2009,144629.0,12
394765,"Lake Havasu City, AZ",msa,AZ,2010,132901.0,12
394765,"Lake Havasu City, AZ",msa,AZ,2011,128129.0,12
394765,"Lake Havasu City, AZ",msa,AZ,2012,132793.0,12
394765,"Lake Havasu City, AZ",msa,AZ,2013,147555.0,12
394765,"Lake Havasu City, AZ",msa,AZ,2014,155805.0,12
394765,"Lake Havasu City, AZ",msa,AZ,2015,170061.0,12
394765,"Lake Havasu City, AZ",msa,AZ,2016,179077.0,12
394765,"Lake Havasu City, AZ",msa,AZ,2017,193999.0,12
394765,"Lake Havasu City, AZ",msa,AZ,2018,215762.0,12
394765,"Lake Havasu City, AZ",msa,AZ,2019,234710.0,12
394765,"Lake Havasu City, AZ",msa,AZ,2020,267235.0,12
394765,"Lake Havasu City, AZ",msa,AZ,2021,334097.0,12
394765,"Lake Havasu City, AZ",msa,AZ,2022,353785.0,12
394765,"Lake Havasu City, AZ",msa,AZ,2023,344816.0,12
394765,"Lake Havasu City, AZ",msa,AZ,2024,348630.0,12
394765,"Lake Havasu City, AZ",msa,AZ,2025,347898.0,12
394765,"Lake Havasu City, AZ",msa,AZ,2026,352357.0,7
394766,"Lakeland, FL",msa,FL,2000,95982.0,12
394766,"Lakeland, FL",msa,FL,2001,100954.0,12
394766,"Lakeland, FL",msa,FL,2002,105961.0,12
394766,"Lakeland, FL",msa,FL,2003,114230.0,12
394766,"Lakeland, FL",msa,FL,2004,128793.0,12
394766,"Lakeland, FL",msa,FL,2005,165081.0,12
394766,"Lakeland, FL",msa,FL,2006,187185.0,12
394766,"Lakeland, FL",msa,FL,2007,176530.0,12
394766,"Lakeland, FL",msa,FL,2008,149051.0,12
394766,"Lakeland, FL",msa,FL,2009,121384.0,12
394766,"Lakeland, FL",msa,FL,2010,107653.0,12
394766,"Lakeland, FL",msa,FL,2011,96018.0,12
394766,"Lakeland, FL",msa,FL,2012,103025.0,12
394766,"Lakeland, FL",msa,FL,2013,120405.0,12
394766,"Lakeland, FL",msa,FL,2014,132386.0,12
394766,"Lakeland, FL",msa,FL,2015,143737.0,12
394766,"Lakeland, FL",msa,FL,2016,157479.0,12
394766,"Lakeland, FL",msa,FL,2017,171941.0,12
394766,"Lakeland, FL",msa,FL,2018,188571.0,12
394766,"Lakeland, FL",msa,FL,2019,200668.0,12
394766,"Lakeland, FL",msa,FL,2020,221150.0,12
394766,"Lakeland, FL",msa,FL,2021,270453.0,12
394766,"Lakeland, FL",msa,FL,2022,321749.0,12
394766,"Lakeland, FL",msa,FL,2023,319256.0,12
394766,"Lakeland, FL",msa,FL,2024,315783.0,12
394766,"Lakeland, FL",msa,FL,2025,301945.0,12
394766,"Lakeland, FL",msa,FL,2026,298055.0,7
394767,"Lamesa, TX",msa,TX,2011,86216.0,12
394767,"Lamesa, TX",msa,TX,2012,84551.0,12
394767,"Lamesa, TX",msa,TX,2013,85133.0,12
394767,"Lamesa, TX",msa,TX,2014,90091.0,12
394767,"Lamesa, TX",msa,TX,2015,99859.0,12
394767,"Lamesa, TX",msa,TX,2016,100674.0,12
394767,"Lamesa, TX",msa,TX,2017,100286.0,12
394767,"Lamesa, TX",msa,TX,2018,99746.0,12
394767,"Lamesa, TX",msa,TX,2019,110794.0,12
394767,"Lamesa, TX",msa,TX,2020,127227.0,12
394767,"Lamesa, TX",msa,TX,2021,128120.0,12
394767,"Lamesa, TX",msa,TX,2022,120078.0,12
394767,"Lamesa, TX",msa,TX,2023,103945.0,12
394767,"Lamesa, TX",msa,TX,2024,108593.0,12
394767,"Lamesa, TX",msa,TX,2025,112506.0,12
394767,"Lamesa, TX",msa,TX,2026,114460.0,7
394768,"Lancaster, PA",msa,PA,2002,144141.0,12
394768,"Lancaster, PA",msa,PA,2003,153785.0,12
394768,"Lancaster, PA",msa,PA,2004,163694.0,12
394768,"Lancaster, PA",msa,PA,2005,190997.0,12
394768,"Lancaster, PA",msa,PA,2006,204249.0,12
394768,"Lancaster, PA",msa,PA,2007,209779.0,12
394768,"Lancaster, PA",msa,PA,2008,204306.0,12
394768,"Lancaster, PA",msa,PA,2009,201867.0,12
394768,"Lancaster, PA",msa,PA,2010,196303.0,12
394768,"Lancaster, PA",msa,PA,2011,189332.0,12
394768,"Lancaster, PA",msa,PA,2012,192531.0,12
394768,"Lancaster, PA",msa,PA,2013,194662.0,12
394768,"Lancaster, PA",msa,PA,2014,199261.0,12
394768,"Lancaster, PA",msa,PA,2015,205637.0,12
394768,"Lancaster, PA",msa,PA,2016,213412.0,12
394768,"Lancaster, PA",msa,PA,2017,223695.0,12
394768,"Lancaster, PA",msa,PA,2018,235037.0,12
394768,"Lancaster, PA",msa,PA,2019,244926.0,12
394768,"Lancaster, PA",msa,PA,2020,265807.0,12
394768,"Lancaster, PA",msa,PA,2021,296254.0,12
394768,"Lancaster, PA",msa,PA,2022,328017.0,12
394768,"Lancaster, PA",msa,PA,2023,350299.0,12
394768,"Lancaster, PA",msa,PA,2024,365568.0,12
394768,"Lancaster, PA",msa,PA,2025,381270.0,12
394768,"Lancaster, PA",msa,PA,2026,390025.0,7
394770,"Lansing, MI",msa,MI,2000,105200.0,12
394770,"Lansing, MI",msa,MI,2001,113288.0,12
394770,"Lansing, MI",msa,MI,2002,120148.0,12
394770,"Lansing, MI",msa,MI,2003,127483.0,12
394770,"Lansing, MI",msa,MI,2004,133552.0,12
394770,"Lansing, MI",msa,MI,2005,137438.0,12
394770,"Lansing, MI",msa,MI,2006,137429.0,12
394770,"Lansing, MI",msa,MI,2007,127958.0,12
394770,"Lansing, MI",msa,MI,2008,120420.0,12
394770,"Lansing, MI",msa,MI,2009,109737.0,12
394770,"Lansing, MI",msa,MI,2010,106236.0,12
394770,"Lansing, MI",msa,MI,2011,102739.0,12
394770,"Lansing, MI",msa,MI,2012,107503.0,12
394770,"Lansing, MI",msa,MI,2013,116083.0,12
394770,"Lansing, MI",msa,MI,2014,123306.0,12
394770,"Lansing, MI",msa,MI,2015,130011.0,12
394770,"Lansing, MI",msa,MI,2016,138075.0,12
394770,"Lansing, MI",msa,MI,2017,147998.0,12
394770,"Lansing, MI",msa,MI,2018,156116.0,12
394770,"Lansing, MI",msa,MI,2019,167275.0,12
394770,"Lansing, MI",msa,MI,2020,184243.0,12
394770,"Lansing, MI",msa,MI,2021,197531.0,12
394770,"Lansing, MI",msa,MI,2022,214833.0,12
394770,"Lansing, MI",msa,MI,2023,225978.0,12
394770,"Lansing, MI",msa,MI,2024,239579.0,12
394770,"Lansing, MI",msa,MI,2025,247863.0,12
394770,"Lansing, MI",msa,MI,2026,252339.0,7
394771,"Laramie, WY",msa,WY,2009,198422.0,12
394771,"Laramie, WY",msa,WY,2010,195465.0,12
394771,"Laramie, WY",msa,WY,2011,195341.0,12
394771,"Laramie, WY",msa,WY,2012,210996.0,12
394771,"Laramie, WY",msa,WY,2013,212978.0,12
394771,"Laramie, WY",msa,WY,2014,217401.0,12
394771,"Laramie, WY",msa,WY,2015,226387.0,12
394771,"Laramie, WY",msa,WY,2016,235234.0,12
394771,"Laramie, WY",msa,WY,2017,236667.0,12
394771,"Laramie, WY",msa,WY,2018,242911.0,12
394771,"Laramie, WY",msa,WY,2019,258430.0,12
394771,"Laramie, WY",msa,WY,2020,278149.0,12
394771,"Laramie, WY",msa,WY,2021,312222.0,12
394771,"Laramie, WY",msa,WY,2022,343013.0,12
394771,"Laramie, WY",msa,WY,2023,348204.0,12
394771,"Laramie, WY",msa,WY,2024,368373.0,12
394771,"Laramie, WY",msa,WY,2025,378200.0,12
394771,"Laramie, WY",msa,WY,2026,380541.0,7
394772,"Laredo, TX",msa,TX,2009,128835.0,12
394772,"Laredo, TX",msa,TX,2010,127055.0,12
394772,"Laredo, TX",msa,TX,2011,124870.0,12
394772,"Laredo, TX",msa,TX,2012,127967.0,12
394772,"Laredo, TX",msa,TX,2013,134816.0,12
394772,"Laredo, TX",msa,TX,2014,140658.0,12
394772,"Laredo, TX",msa,TX,2015,151139.0,12
394772,"Laredo, TX",msa,TX,2016,155742.0,12
394772,"Laredo, TX",msa,TX,2017,158490.0,12
394772,"Laredo, TX",msa,TX,2018,164952.0,12
394772,"Laredo, TX",msa,TX,2019,172783.0,12
394772,"Laredo, TX",msa,TX,2020,184246.0,12
394772,"Laredo, TX",msa,TX,2021,201538.0,12
394772,"Laredo, TX",msa,TX,2022,209973.0,12
394772,"Laredo, TX",msa,TX,2023,212362.0,12
394772,"Laredo, TX",msa,TX,2024,211578.0,12
394772,"Laredo, TX",msa,TX,2025,216823.0,12
394772,"Laredo, TX",msa,TX,2026,218953.0,7
394773,"Las Cruces, NM",msa,NM,2002,157204.0,12
394773,"Las Cruces, NM",msa,NM,2003,164611.0,12
394773,"Las Cruces, NM",msa,NM,2004,179513.0,12
394773,"Las Cruces, NM",msa,NM,2005,201034.0,12
394773,"Las Cruces, NM",msa,NM,2006,223150.0,12
394773,"Las Cruces, NM",msa,NM,2007,233830.0,12
394773,"Las Cruces, NM",msa,NM,2008,228685.0,12
394773,"Las Cruces, NM",msa,NM,2009,196723.0,12
394773,"Las Cruces, NM",msa,NM,2010,181673.0,12
394773,"Las Cruces, NM",msa,NM,2011,171183.0,12
394773,"Las Cruces, NM",msa,NM,2012,171015.0,12
394773,"Las Cruces, NM",msa,NM,2013,169096.0,12
394773,"Las Cruces, NM",msa,NM,2014,166472.0,12
394773,"Las Cruces, NM",msa,NM,2015,167730.0,12
394773,"Las Cruces, NM",msa,NM,2016,168268.0,12
394773,"Las Cruces, NM",msa,NM,2017,171171.0,12
394773,"Las Cruces, NM",msa,NM,2018,182005.0,12
394773,"Las Cruces, NM",msa,NM,2019,183590.0,12
394773,"Las Cruces, NM",msa,NM,2020,202517.0,12
394773,"Las Cruces, NM",msa,NM,2021,234268.0,12
394773,"Las Cruces, NM",msa,NM,2022,266188.0,12
394773,"Las Cruces, NM",msa,NM,2023,285600.0,12
394773,"Las Cruces, NM",msa,NM,2024,290958.0,12
394773,"Las Cruces, NM",msa,NM,2025,288373.0,12
394773,"Las Cruces, NM",msa,NM,2026,288909.0,7
394774,"Las Vegas, NM",msa,NM,2012,166480.0,12
394774,"Las Vegas, NM",msa,NM,2013,167740.0,12
394774,"Las Vegas, NM",msa,NM,2014,159031.0,12
394774,"Las Vegas, NM",msa,NM,2015,166013.0,12
394774,"Las Vegas, NM",msa,NM,2016,163292.0,12
394774,"Las Vegas, NM",msa,NM,2017,169215.0,12
394774,"Las Vegas, NM",msa,NM,2018,181923.0,12
394774,"Las Vegas, NM",msa,NM,2019,186707.0,12
394774,"Las Vegas, NM",msa,NM,2020,202183.0,12
394774,"Las Vegas, NM",msa,NM,2021,232323.0,12
394774,"Las Vegas, NM",msa,NM,2022,226379.0,12
394774,"Las Vegas, NM",msa,NM,2023,226160.0,12
394774,"Las Vegas, NM",msa,NM,2024,240776.0,12
394774,"Las Vegas, NM",msa,NM,2025,247372.0,12
394774,"Las Vegas, NM",msa,NM,2026,254105.0,7
394775,"Las Vegas, NV",msa,NV,2000,163915.0,12
394775,"Las Vegas, NV",msa,NV,2001,175125.0,12
394775,"Las Vegas, NV",msa,NV,2002,185489.0,12
394775,"Las Vegas, NV",msa,NV,2003,207434.0,12
394775,"Las Vegas, NV",msa,NV,2004,289460.0,12
394775,"Las Vegas, NV",msa,NV,2005,331903.0,12
394775,"Las Vegas, NV",msa,NV,2006,338969.0,12
394775,"Las Vegas, NV",msa,NV,2007,301901.0,12
394775,"Las Vegas, NV",msa,NV,2008,208658.0,12
394775,"Las Vegas, NV",msa,NV,2009,149876.0,12
394775,"Las Vegas, NV",msa,NV,2010,140355.0,12
394775,"Las Vegas, NV",msa,NV,2011,125199.0,12
394775,"Las Vegas, NV",msa,NV,2012,137476.0,12
394775,"Las Vegas, NV",msa,NV,2013,180770.0,12
394775,"Las Vegas, NV",msa,NV,2014,196883.0,12
394775,"Las Vegas, NV",msa,NV,2015,211964.0,12
394775,"Las Vegas, NV",msa,NV,2016,223547.0,12
394775,"Las Vegas, NV",msa,NV,2017,256965.0,12
394775,"Las Vegas, NV",msa,NV,2018,292483.0,12
394775,"Las Vegas, NV",msa,NV,2019,299763.0,12
394775,"Las Vegas, NV",msa,NV,2020,317837.0,12
394775,"Las Vegas, NV",msa,NV,2021,390504.0,12
394775,"Las Vegas, NV",msa,NV,2022,427760.0,12
394775,"Las Vegas, NV",msa,NV,2023,422522.0,12
394775,"Las Vegas, NV",msa,NV,2024,445474.0,12
394775,"Las Vegas, NV",msa,NV,2025,436868.0,12
394775,"Las Vegas, NV",msa,NV,2026,429591.0,7
394776,"Laurel, MS",msa,MS,2012,123311.0,12
394776,"Laurel, MS",msa,MS,2013,115547.0,12
394776,"Laurel, MS",msa,MS,2014,121749.0,12
394776,"Laurel, MS",msa,MS,2015,131074.0,12
394776,"Laurel, MS",msa,MS,2016,125991.0,12
394776,"Laurel, MS",msa,MS,2017,128767.0,12
394776,"Laurel, MS",msa,MS,2018,131486.0,12
394776,"Laurel, MS",msa,MS,2019,136378.0,12
394776,"Laurel, MS",msa,MS,2020,145087.0,12
394776,"Laurel, MS",msa,MS,2021,166515.0,12
394776,"Laurel, MS",msa,MS,2022,162514.0,12
394776,"Laurel, MS",msa,MS,2023,161033.0,12
394776,"Laurel, MS",msa,MS,2024,163156.0,12
394776,"Laurel, MS",msa,MS,2025,152520.0,12
394776,"Laurel, MS",msa,MS,2026,153650.0,7
394777,"Laurinburg, NC",msa,NC,2000,65071.0,12
394777,"Laurinburg, NC",msa,NC,2001,67530.0,12
394777,"Laurinburg, NC",msa,NC,2002,69237.0,12
394777,"Laurinburg, NC",msa,NC,2003,70683.0,12
394777,"Laurinburg, NC",msa,NC,2004,73110.0,12
394777,"Laurinburg, NC",msa,NC,2005,78217.0,12
394777,"Laurinburg, NC",msa,NC,2006,83356.0,12
394777,"Laurinburg, NC",msa,NC,2007,85816.0,12
394777,"Laurinburg, NC",msa,NC,2008,85814.0,12
394777,"Laurinburg, NC",msa,NC,2009,81866.0,12
394777,"Laurinburg, NC",msa,NC,2010,79818.0,12
394777,"Laurinburg, NC",msa,NC,2011,77677.0,12
394777,"Laurinburg, NC",msa,NC,2012,76474.0,12
394777,"Laurinburg, NC",msa,NC,2013,76665.0,12
394777,"Laurinburg, NC",msa,NC,2014,75814.0,12
394777,"Laurinburg, NC",msa,NC,2015,77636.0,12
394777,"Laurinburg, NC",msa,NC,2016,79312.0,12
394777,"Laurinburg, NC",msa,NC,2017,80662.0,12
394777,"Laurinburg, NC",msa,NC,2018,80460.0,12
394777,"Laurinburg, NC",msa,NC,2019,83052.0,12
394777,"Laurinburg, NC",msa,NC,2020,95391.0,12
394777,"Laurinburg, NC",msa,NC,2021,109066.0,12
394777,"Laurinburg, NC",msa,NC,2022,135292.0,12
394777,"Laurinburg, NC",msa,NC,2023,142342.0,12
394777,"Laurinburg, NC",msa,NC,2024,144281.0,12
394777,"Laurinburg, NC",msa,NC,2025,143200.0,12
394777,"Laurinburg, NC",msa,NC,2026,147801.0,7
394778,"Lawrence, KS",msa,KS,2004,145348.0,12
394778,"Lawrence, KS",msa,KS,2005,155609.0,12
394778,"Lawrence, KS",msa,KS,2006,163384.0,12
394778,"Lawrence, KS",msa,KS,2007,165200.0,12
394778,"Lawrence, KS",msa,KS,2008,165550.0,12
394778,"Lawrence, KS",msa,KS,2009,163761.0,12
394778,"Lawrence, KS",msa,KS,2010,162683.0,12
394778,"Lawrence, KS",msa,KS,2011,164100.0,12
394778,"Lawrence, KS",msa,KS,2012,165427.0,12
394778,"Lawrence, KS",msa,KS,2013,171154.0,12
394778,"Lawrence, KS",msa,KS,2014,174058.0,12
394778,"Lawrence, KS",msa,KS,2015,178062.0,12
394778,"Lawrence, KS",msa,KS,2016,187180.0,12
394778,"Lawrence, KS",msa,KS,2017,197675.0,12
394778,"Lawrence, KS",msa,KS,2018,206957.0,12
394778,"Lawrence, KS",msa,KS,2019,219023.0,12
394778,"Lawrence, KS",msa,KS,2020,240015.0,12
394778,"Lawrence, KS",msa,KS,2021,271052.0,12
394778,"Lawrence, KS",msa,KS,2022,292544.0,12
394778,"Lawrence, KS",msa,KS,2023,310295.0,12
394778,"Lawrence, KS",msa,KS,2024,327843.0,12
394778,"Lawrence, KS",msa,KS,2025,337384.0,12
394778,"Lawrence, KS",msa,KS,2026,343019.0,7
394779,"Lawrenceburg, TN",msa,TN,2000,82360.0,12
394779,"Lawrenceburg, TN",msa,TN,2001,84765.0,12
394779,"Lawrenceburg, TN",msa,TN,2002,87144.0,12
394779,"Lawrenceburg, TN",msa,TN,2003,89413.0,12
394779,"Lawrenceburg, TN",msa,TN,2004,89795.0,12
394779,"Lawrenceburg, TN",msa,TN,2005,91358.0,12
394779,"Lawrenceburg, TN",msa,TN,2006,93917.0,12
394779,"Lawrenceburg, TN",msa,TN,2007,99622.0,12
394779,"Lawrenceburg, TN",msa,TN,2008,99069.0,12
394779,"Lawrenceburg, TN",msa,TN,2009,94316.0,12
394779,"Lawrenceburg, TN",msa,TN,2010,92871.0,12
394779,"Lawrenceburg, TN",msa,TN,2011,90806.0,12
394779,"Lawrenceburg, TN",msa,TN,2012,93368.0,12
394779,"Lawrenceburg, TN",msa,TN,2013,95945.0,12
394779,"Lawrenceburg, TN",msa,TN,2014,104048.0,12
394779,"Lawrenceburg, TN",msa,TN,2015,109268.0,12
394779,"Lawrenceburg, TN",msa,TN,2016,119791.0,12
394779,"Lawrenceburg, TN",msa,TN,2017,127621.0,12
394779,"Lawrenceburg, TN",msa,TN,2018,134144.0,12
394779,"Lawrenceburg, TN",msa,TN,2019,152135.0,12
394779,"Lawrenceburg, TN",msa,TN,2020,169685.0,12
394779,"Lawrenceburg, TN",msa,TN,2021,203338.0,12
394779,"Lawrenceburg, TN",msa,TN,2022,221775.0,12
394779,"Lawrenceburg, TN",msa,TN,2023,228022.0,12
394779,"Lawrenceburg, TN",msa,TN,2024,231947.0,12
394779,"Lawrenceburg, TN",msa,TN,2025,246299.0,12
394779,"Lawrenceburg, TN",msa,TN,2026,251333.0,7
394780,"Lawton, OK",msa,OK,2000,96151.0,12
394780,"Lawton, OK",msa,OK,2001,98965.0,12
394780,"Lawton, OK",msa,OK,2002,100919.0,12
394780,"Lawton, OK",msa,OK,2003,103022.0,10
394780,"Lawton, OK",msa,OK,2004,100541.0,12
394780,"Lawton, OK",msa,OK,2005,108615.0,12
394780,"Lawton, OK",msa,OK,2006,118504.0,12
394780,"Lawton, OK",msa,OK,2007,125623.0,12
394780,"Lawton, OK",msa,OK,2008,121587.0,12
394780,"Lawton, OK",msa,OK,2009,121662.0,12
394780,"Lawton, OK",msa,OK,2010,122186.0,12
394780,"Lawton, OK",msa,OK,2011,120779.0,12
394780,"Lawton, OK",msa,OK,2012,116858.0,12
394780,"Lawton, OK",msa,OK,2013,114470.0,12
394780,"Lawton, OK",msa,OK,2014,112040.0,12
394780,"Lawton, OK",msa,OK,2015,105775.0,12
394780,"Lawton, OK",msa,OK,2016,103156.0,12
394780,"Lawton, OK",msa,OK,2017,103989.0,12
394780,"Lawton, OK",msa,OK,2018,102401.0,12
394780,"Lawton, OK",msa,OK,2019,103963.0,12
394780,"Lawton, OK",msa,OK,2020,112573.0,12
394780,"Lawton, OK",msa,OK,2021,126649.0,12
394780,"Lawton, OK",msa,OK,2022,139166.0,12
394780,"Lawton, OK",msa,OK,2023,142419.0,12
394780,"Lawton, OK",msa,OK,2024,147367.0,12
394780,"Lawton, OK",msa,OK,2025,152548.0,12
394780,"Lawton, OK",msa,OK,2026,155847.0,7
394781,"Lebanon, MO",msa,MO,2009,117884.0,12
394781,"Lebanon, MO",msa,MO,2010,115852.0,12
394781,"Lebanon, MO",msa,MO,2011,113101.0,12
394781,"Lebanon, MO",msa,MO,2012,109565.0,12
394781,"Lebanon, MO",msa,MO,2013,111498.0,12
394781,"Lebanon, MO",msa,MO,2014,119351.0,12
394781,"Lebanon, MO",msa,MO,2015,123952.0,12
394781,"Lebanon, MO",msa,MO,2016,127763.0,12
394781,"Lebanon, MO",msa,MO,2017,131205.0,12
394781,"Lebanon, MO",msa,MO,2018,137148.0,12
394781,"Lebanon, MO",msa,MO,2019,147226.0,12
394781,"Lebanon, MO",msa,MO,2020,163372.0,12
394781,"Lebanon, MO",msa,MO,2021,186708.0,12
394781,"Lebanon, MO",msa,MO,2022,208337.0,12
394781,"Lebanon, MO",msa,MO,2023,218489.0,12
394781,"Lebanon, MO",msa,MO,2024,223939.0,12
394781,"Lebanon, MO",msa,MO,2025,232167.0,12
394781,"Lebanon, MO",msa,MO,2026,237348.0,7
394783,"Lebanon, PA",msa,PA,2005,162963.0,12
394783,"Lebanon, PA",msa,PA,2006,171799.0,12
394783,"Lebanon, PA",msa,PA,2007,179822.0,12
394783,"Lebanon, PA",msa,PA,2008,179898.0,12
394783,"Lebanon, PA",msa,PA,2009,178347.0,12
394783,"Lebanon, PA",msa,PA,2010,177671.0,12
394783,"Lebanon, PA",msa,PA,2011,168403.0,12
394783,"Lebanon, PA",msa,PA,2012,167905.0,12
394783,"Lebanon, PA",msa,PA,2013,170927.0,12
394783,"Lebanon, PA",msa,PA,2014,172112.0,12
394783,"Lebanon, PA",msa,PA,2015,172507.0,12
394783,"Lebanon, PA",msa,PA,2016,175471.0,12
394783,"Lebanon, PA",msa,PA,2017,182088.0,12
394783,"Lebanon, PA",msa,PA,2018,189064.0,12
394783,"Lebanon, PA",msa,PA,2019,201307.0,12
394783,"Lebanon, PA",msa,PA,2020,217980.0,12
394783,"Lebanon, PA",msa,PA,2021,239743.0,12
394783,"Lebanon, PA",msa,PA,2022,266368.0,12
394783,"Lebanon, PA",msa,PA,2023,281405.0,12
394783,"Lebanon, PA",msa,PA,2024,295523.0,12
394783,"Lebanon, PA",msa,PA,2025,312550.0,12
394783,"Lebanon, PA",msa,PA,2026,321498.0,7
394784,"Levelland, TX",msa,TX,2009,112736.0,12
394784,"Levelland, TX",msa,TX,2010,112545.0,12
394784,"Levelland, TX",msa,TX,2011,111235.0,12
394784,"Levelland, TX",msa,TX,2012,113853.0,12
394784,"Levelland, TX",msa,TX,2013,117744.0,12
394784,"Levelland, TX",msa,TX,2014,118303.0,12
394784,"Levelland, TX",msa,TX,2015,125484.0,12
394784,"Levelland, TX",msa,TX,2016,127869.0,12
394784,"Levelland, TX",msa,TX,2017,130001.0,12
394784,"Levelland, TX",msa,TX,2018,138540.0,12
394784,"Levelland, TX",msa,TX,2019,149056.0,12
394784,"Levelland, TX",msa,TX,2020,155962.0,12
394784,"Levelland, TX",msa,TX,2021,167265.0,12
394784,"Levelland, TX",msa,TX,2022,166869.0,12
394784,"Levelland, TX",msa,TX,2023,166754.0,12
394784,"Levelland, TX",msa,TX,2024,166712.0,12
394784,"Levelland, TX",msa,TX,2025,165289.0,12
394784,"Levelland, TX",msa,TX,2026,167864.0,7
394785,"Lewisburg, PA",msa,PA,2012,159910.0,12
394785,"Lewisburg, PA",msa,PA,2013,161937.0,12
394785,"Lewisburg, PA",msa,PA,2014,166819.0,12
394785,"Lewisburg, PA",msa,PA,2015,172549.0,12
394785,"Lewisburg, PA",msa,PA,2016,177957.0,12
394785,"Lewisburg, PA",msa,PA,2017,183650.0,12
394785,"Lewisburg, PA",msa,PA,2018,186897.0,12
394785,"Lewisburg, PA",msa,PA,2019,197174.0,12
394785,"Lewisburg, PA",msa,PA,2020,214691.0,12
394785,"Lewisburg, PA",msa,PA,2021,229005.0,12
394785,"Lewisburg, PA",msa,PA,2022,249630.0,12
394785,"Lewisburg, PA",msa,PA,2023,259064.0,12
394785,"Lewisburg, PA",msa,PA,2024,267345.0,12
394785,"Lewisburg, PA",msa,PA,2025,287504.0,12
394785,"Lewisburg, PA",msa,PA,2026,296985.0,7
394786,"Lewisburg, TN",msa,TN,2000,89450.0,12
394786,"Lewisburg, TN",msa,TN,2001,92799.0,12
394786,"Lewisburg, TN",msa,TN,2002,95069.0,12
394786,"Lewisburg, TN",msa,TN,2003,98045.0,12
394786,"Lewisburg, TN",msa,TN,2004,102301.0,12
394786,"Lewisburg, TN",msa,TN,2005,101971.0,12
394786,"Lewisburg, TN",msa,TN,2006,106543.0,12
394786,"Lewisburg, TN",msa,TN,2007,113277.0,12
394786,"Lewisburg, TN",msa,TN,2008,111264.0,12
394786,"Lewisburg, TN",msa,TN,2009,106156.0,12
394786,"Lewisburg, TN",msa,TN,2010,104705.0,12
394786,"Lewisburg, TN",msa,TN,2011,102386.0,12
394786,"Lewisburg, TN",msa,TN,2012,102380.0,12
394786,"Lewisburg, TN",msa,TN,2013,107038.0,12
394786,"Lewisburg, TN",msa,TN,2014,114503.0,12
394786,"Lewisburg, TN",msa,TN,2015,130283.0,12
394786,"Lewisburg, TN",msa,TN,2016,144981.0,12
394786,"Lewisburg, TN",msa,TN,2017,166304.0,12
394786,"Lewisburg, TN",msa,TN,2018,187140.0,12
394786,"Lewisburg, TN",msa,TN,2019,206303.0,12
394786,"Lewisburg, TN",msa,TN,2020,227593.0,12
394786,"Lewisburg, TN",msa,TN,2021,280329.0,12
394786,"Lewisburg, TN",msa,TN,2022,303858.0,12
394786,"Lewisburg, TN",msa,TN,2023,306591.0,12
394786,"Lewisburg, TN",msa,TN,2024,313443.0,12
394786,"Lewisburg, TN",msa,TN,2025,323776.0,12
394786,"Lewisburg, TN",msa,TN,2026,327685.0,7
394787,"Lewiston, ID",msa,ID,2009,180156.0,12
394787,"Lewiston, ID",msa,ID,2010,171066.0,12
394787,"Lewiston, ID",msa,ID,2011,167740.0,12
394787,"Lewiston, ID",msa,ID,2012,175599.0,12
394787,"Lewiston, ID",msa,ID,2013,176803.0,12
394787,"Lewiston, ID",msa,ID,2014,182393.0,12
394787,"Lewiston, ID",msa,ID,2015,192548.0,12
394787,"Lewiston, ID",msa,ID,2016,202669.0,12
394787,"Lewiston, ID",msa,ID,2017,212533.0,12
394787,"Lewiston, ID",msa,ID,2018,225729.0,12
394787,"Lewiston, ID",msa,ID,2019,241457.0,12
394787,"Lewiston, ID",msa,ID,2020,270096.0,12
394787,"Lewiston, ID",msa,ID,2021,327738.0,12
394787,"Lewiston, ID",msa,ID,2022,352409.0,12
394787,"Lewiston, ID",msa,ID,2023,359304.0,12
394787,"Lewiston, ID",msa,ID,2024,368230.0,12
394787,"Lewiston, ID",msa,ID,2025,375488.0,12
394787,"Lewiston, ID",msa,ID,2026,379653.0,7
394788,"Lewiston, ME",msa,ME,2000,93319.0,12
394788,"Lewiston, ME",msa,ME,2001,100506.0,12
394788,"Lewiston, ME",msa,ME,2002,109999.0,12
394788,"Lewiston, ME",msa,ME,2003,119118.0,12
394788,"Lewiston, ME",msa,ME,2004,135634.0,12
394788,"Lewiston, ME",msa,ME,2005,150574.0,12
394788,"Lewiston, ME",msa,ME,2006,156345.0,12
394788,"Lewiston, ME",msa,ME,2007,157366.0,12
394788,"Lewiston, ME",msa,ME,2008,152285.0,12
394788,"Lewiston, ME",msa,ME,2009,140941.0,12
394788,"Lewiston, ME",msa,ME,2010,137396.0,12
394788,"Lewiston, ME",msa,ME,2011,136754.0,12
394788,"Lewiston, ME",msa,ME,2012,136757.0,12
394788,"Lewiston, ME",msa,ME,2013,139917.0,12
394788,"Lewiston, ME",msa,ME,2014,140876.0,12
394788,"Lewiston, ME",msa,ME,2015,146730.0,12
394788,"Lewiston, ME",msa,ME,2016,154360.0,12
394788,"Lewiston, ME",msa,ME,2017,167626.0,12
394788,"Lewiston, ME",msa,ME,2018,177952.0,12
394788,"Lewiston, ME",msa,ME,2019,189584.0,12
394788,"Lewiston, ME",msa,ME,2020,221116.0,12
394788,"Lewiston, ME",msa,ME,2021,256863.0,12
394788,"Lewiston, ME",msa,ME,2022,285272.0,12
394788,"Lewiston, ME",msa,ME,2023,317262.0,12
394788,"Lewiston, ME",msa,ME,2024,329667.0,12
394788,"Lewiston, ME",msa,ME,2025,334274.0,12
394788,"Lewiston, ME",msa,ME,2026,337574.0,7
394789,"Lewistown, PA",msa,PA,2012,92621.0,12
394789,"Lewistown, PA",msa,PA,2013,92117.0,12
394789,"Lewistown, PA",msa,PA,2014,92937.0,12
394789,"Lewistown, PA",msa,PA,2015,94786.0,12
394789,"Lewistown, PA",msa,PA,2016,101287.0,12
394789,"Lewistown, PA",msa,PA,2017,103774.0,12
394789,"Lewistown, PA",msa,PA,2018,111908.0,12
394789,"Lewistown, PA",msa,PA,2019,115795.0,12
394789,"Lewistown, PA",msa,PA,2020,129745.0,12
394789,"Lewistown, PA",msa,PA,2021,140971.0,12
394789,"Lewistown, PA",msa,PA,2022,157310.0,12
394789,"Lewistown, PA",msa,PA,2023,169795.0,12
394789,"Lewistown, PA",msa,PA,2024,178539.0,12
394789,"Lewistown, PA",msa,PA,2025,189023.0,12
394789,"Lewistown, PA",msa,PA,2026,197850.0,7
394792,"Lexington, KY",msa,KY,2000,131473.0,12
394792,"Lexington, KY",msa,KY,2001,136113.0,12
394792,"Lexington, KY",msa,KY,2002,140940.0,12
394792,"Lexington, KY",msa,KY,2003,146548.0,12
394792,"Lexington, KY",msa,KY,2004,153887.0,12
394792,"Lexington, KY",msa,KY,2005,159194.0,12
394792,"Lexington, KY",msa,KY,2006,162378.0,12
394792,"Lexington, KY",msa,KY,2007,162261.0,12
394792,"Lexington, KY",msa,KY,2008,160909.0,12
394792,"Lexington, KY",msa,KY,2009,158690.0,12
394792,"Lexington, KY",msa,KY,2010,157476.0,12
394792,"Lexington, KY",msa,KY,2011,152877.0,12
394792,"Lexington, KY",msa,KY,2012,154009.0,12
394792,"Lexington, KY",msa,KY,2013,156909.0,12
394792,"Lexington, KY",msa,KY,2014,159955.0,12
394792,"Lexington, KY",msa,KY,2015,166251.0,12
394792,"Lexington, KY",msa,KY,2016,175356.0,12
394792,"Lexington, KY",msa,KY,2017,187136.0,12
394792,"Lexington, KY",msa,KY,2018,195540.0,12
394792,"Lexington, KY",msa,KY,2019,204757.0,12
394792,"Lexington, KY",msa,KY,2020,225661.0,12
394792,"Lexington, KY",msa,KY,2021,252236.0,12
394792,"Lexington, KY",msa,KY,2022,278570.0,12
394792,"Lexington, KY",msa,KY,2023,297238.0,12
394792,"Lexington, KY",msa,KY,2024,311432.0,12
394792,"Lexington, KY",msa,KY,2025,323034.0,12
394792,"Lexington, KY",msa,KY,2026,327773.0,7
394791,"Lexington, NE",msa,NE,2008,95996.0,12
394791,"Lexington, NE",msa,NE,2009,95397.0,12
394791,"Lexington, NE",msa,NE,2010,98099.0,12
394791,"Lexington, NE",msa,NE,2011,97397.0,12
394791,"Lexington, NE",msa,NE,2012,101389.0,12
394791,"Lexington, NE",msa,NE,2013,108140.0,12
394791,"Lexington, NE",msa,NE,2014,112707.0,12
394791,"Lexington, NE",msa,NE,2015,122663.0,12
394791,"Lexington, NE",msa,NE,2016,127917.0,12
394791,"Lexington, NE",msa,NE,2017,133815.0,12
394791,"Lexington, NE",msa,NE,2018,140637.0,12
394791,"Lexington, NE",msa,NE,2019,148193.0,12
394791,"Lexington, NE",msa,NE,2020,160022.0,12
394791,"Lexington, NE",msa,NE,2021,177748.0,12
394791,"Lexington, NE",msa,NE,2022,193083.0,12
394791,"Lexington, NE",msa,NE,2023,199522.0,12
394791,"Lexington, NE",msa,NE,2024,208309.0,12
394791,"Lexington, NE",msa,NE,2025,215115.0,12
394791,"Lexington, NE",msa,NE,2026,213879.0,7
394793,"Liberal, KS",msa,KS,2016,108842.0,12
394793,"Liberal, KS",msa,KS,2017,108437.0,12
394793,"Liberal, KS",msa,KS,2018,106659.0,12
394793,"Liberal, KS",msa,KS,2019,115077.0,12
394793,"Liberal, KS",msa,KS,2020,125682.0,12
394793,"Liberal, KS",msa,KS,2021,141488.0,12
394793,"Liberal, KS",msa,KS,2022,150498.0,12
394793,"Liberal, KS",msa,KS,2023,138660.0,12
394793,"Liberal, KS",msa,KS,2024,145317.0,12
394793,"Liberal, KS",msa,KS,2025,150002.0,12
394793,"Liberal, KS",msa,KS,2026,147640.0,7
394794,"Lima, OH",msa,OH,2000,86363.0,12
394794,"Lima, OH",msa,OH,2001,89798.0,12
394794,"Lima, OH",msa,OH,2002,93553.0,12
394794,"Lima, OH",msa,OH,2003,96487.0,12
394794,"Lima, OH",msa,OH,2004,107603.0,12
394794,"Lima, OH",msa,OH,2005,107627.0,12
394794,"Lima, OH",msa,OH,2006,111042.0,12
394794,"Lima, OH",msa,OH,2007,108586.0,12
394794,"Lima, OH",msa,OH,2008,109735.0,12
394794,"Lima, OH",msa,OH,2009,101943.0,12
394794,"Lima, OH",msa,OH,2010,97341.0,12
394794,"Lima, OH",msa,OH,2011,92465.0,12
394794,"Lima, OH",msa,OH,2012,89526.0,12
394794,"Lima, OH",msa,OH,2013,90729.0,12
394794,"Lima, OH",msa,OH,2014,92174.0,12
394794,"Lima, OH",msa,OH,2015,96364.0,12
394794,"Lima, OH",msa,OH,2016,100256.0,12
394794,"Lima, OH",msa,OH,2017,105657.0,12
394794,"Lima, OH",msa,OH,2018,111583.0,12
394794,"Lima, OH",msa,OH,2019,118397.0,12
394794,"Lima, OH",msa,OH,2020,133854.0,12
394794,"Lima, OH",msa,OH,2021,145981.0,12
394794,"Lima, OH",msa,OH,2022,161461.0,12
394794,"Lima, OH",msa,OH,2023,168155.0,12
394794,"Lima, OH",msa,OH,2024,176881.0,12
394794,"Lima, OH",msa,OH,2025,189229.0,12
394794,"Lima, OH",msa,OH,2026,194194.0,7
394795,"Lincoln, IL",msa,IL,2014,105758.0,12
394795,"Lincoln, IL",msa,IL,2015,108206.0,12
394795,"Lincoln, IL",msa,IL,2016,106770.0,12
394795,"Lincoln, IL",msa,IL,2017,105566.0,12
394795,"Lincoln, IL",msa,IL,2018,105007.0,12
394795,"Lincoln, IL",msa,IL,2019,112856.0,12
394795,"Lincoln, IL",msa,IL,2020,120421.0,12
394795,"Lincoln, IL",msa,IL,2021,121296.0,12
394795,"Lincoln, IL",msa,IL,2022,120858.0,12
394795,"Lincoln, IL",msa,IL,2023,128220.0,12
394795,"Lincoln, IL",msa,IL,2024,131421.0,12
394795,"Lincoln, IL",msa,IL,2025,139039.0,12
394795,"Lincoln, IL",msa,IL,2026,144444.0,7
394796,"Lincoln, NE",msa,NE,2000,127254.0,12
394796,"Lincoln, NE",msa,NE,2001,132703.0,12
394796,"Lincoln, NE",msa,NE,2002,137719.0,12
394796,"Lincoln, NE",msa,NE,2003,144493.0,12
394796,"Lincoln, NE",msa,NE,2004,149013.0,12
394796,"Lincoln, NE",msa,NE,2005,154170.0,12
394796,"Lincoln, NE",msa,NE,2006,156676.0,12
394796,"Lincoln, NE",msa,NE,2007,155950.0,12
394796,"Lincoln, NE",msa,NE,2008,152621.0,12
394796,"Lincoln, NE",msa,NE,2009,151699.0,12
394796,"Lincoln, NE",msa,NE,2010,151590.0,12
394796,"Lincoln, NE",msa,NE,2011,148873.0,12
394796,"Lincoln, NE",msa,NE,2012,148635.0,12
394796,"Lincoln, NE",msa,NE,2013,152187.0,12
394796,"Lincoln, NE",msa,NE,2014,156799.0,12
394796,"Lincoln, NE",msa,NE,2015,166453.0,12
394796,"Lincoln, NE",msa,NE,2016,176128.0,12
394796,"Lincoln, NE",msa,NE,2017,186511.0,12
394796,"Lincoln, NE",msa,NE,2018,196725.0,12
394796,"Lincoln, NE",msa,NE,2019,205259.0,12
394796,"Lincoln, NE",msa,NE,2020,222099.0,12
394796,"Lincoln, NE",msa,NE,2021,248926.0,12
394796,"Lincoln, NE",msa,NE,2022,270361.0,12
394796,"Lincoln, NE",msa,NE,2023,281010.0,12
394796,"Lincoln, NE",msa,NE,2024,289394.0,12
394796,"Lincoln, NE",msa,NE,2025,301359.0,12
394796,"Lincoln, NE",msa,NE,2026,304490.0,7
394798,"Little Rock, AR",msa,AR,2000,108115.0,12
394798,"Little Rock, AR",msa,AR,2001,112228.0,12
394798,"Little Rock, AR",msa,AR,2002,116645.0,12
394798,"Little Rock, AR",msa,AR,2003,122508.0,12
394798,"Little Rock, AR",msa,AR,2004,130048.0,12
394798,"Little Rock, AR",msa,AR,2005,139301.0,12
394798,"Little Rock, AR",msa,AR,2006,147151.0,12
394798,"Little Rock, AR",msa,AR,2007,148188.0,12
394798,"Little Rock, AR",msa,AR,2008,147300.0,12
394798,"Little Rock, AR",msa,AR,2009,146277.0,12
394798,"Little Rock, AR",msa,AR,2010,146407.0,12
394798,"Little Rock, AR",msa,AR,2011,142795.0,12
394798,"Little Rock, AR",msa,AR,2012,143851.0,12
394798,"Little Rock, AR",msa,AR,2013,145920.0,12
394798,"Little Rock, AR",msa,AR,2014,148742.0,12
394798,"Little Rock, AR",msa,AR,2015,152785.0,12
394798,"Little Rock, AR",msa,AR,2016,153490.0,12
394798,"Little Rock, AR",msa,AR,2017,157223.0,12
394798,"Little Rock, AR",msa,AR,2018,159374.0,12
394798,"Little Rock, AR",msa,AR,2019,164096.0,12
394798,"Little Rock, AR",msa,AR,2020,176605.0,12
394798,"Little Rock, AR",msa,AR,2021,196768.0,12
394798,"Little Rock, AR",msa,AR,2022,212340.0,12
394798,"Little Rock, AR",msa,AR,2023,215632.0,12
394798,"Little Rock, AR",msa,AR,2024,223226.0,12
394798,"Little Rock, AR",msa,AR,2025,227374.0,12
394798,"Little Rock, AR",msa,AR,2026,231278.0,7
394799,"Lock Haven, PA",msa,PA,2009,130811.0,12
394799,"Lock Haven, PA",msa,PA,2010,126394.0,12
394799,"Lock Haven, PA",msa,PA,2011,121478.0,12
394799,"Lock Haven, PA",msa,PA,2012,121746.0,12
394799,"Lock Haven, PA",msa,PA,2013,126785.0,12
394799,"Lock Haven, PA",msa,PA,2014,127479.0,12
394799,"Lock Haven, PA",msa,PA,2015,131933.0,12
394799,"Lock Haven, PA",msa,PA,2016,134450.0,12
394799,"Lock Haven, PA",msa,PA,2017,138768.0,12
394799,"Lock Haven, PA",msa,PA,2018,142464.0,12
394799,"Lock Haven, PA",msa,PA,2019,147757.0,12
394799,"Lock Haven, PA",msa,PA,2020,157496.0,12
394799,"Lock Haven, PA",msa,PA,2021,171825.0,12
394799,"Lock Haven, PA",msa,PA,2022,182864.0,12
394799,"Lock Haven, PA",msa,PA,2023,183502.0,12
394799,"Lock Haven, PA",msa,PA,2024,190120.0,12
394799,"Lock Haven, PA",msa,PA,2025,198945.0,12
394799,"Lock Haven, PA",msa,PA,2026,202207.0,7
394800,"Logan, UT",msa,UT,2005,202517.0,12
394800,"Logan, UT",msa,UT,2006,207453.0,12
394800,"Logan, UT",msa,UT,2007,223363.0,12
394800,"Logan, UT",msa,UT,2008,219808.0,12
394800,"Logan, UT",msa,UT,2009,208734.0,12
394800,"Logan, UT",msa,UT,2010,203958.0,12
394800,"Logan, UT",msa,UT,2011,187447.0,12
394800,"Logan, UT",msa,UT,2012,182179.0,12
394800,"Logan, UT",msa,UT,2013,189436.0,12
394800,"Logan, UT",msa,UT,2014,189680.0,12
394800,"Logan, UT",msa,UT,2015,204309.0,12
394800,"Logan, UT",msa,UT,2016,224673.0,12
394800,"Logan, UT",msa,UT,2017,244357.0,12
394800,"Logan, UT",msa,UT,2018,267607.0,12
394800,"Logan, UT",msa,UT,2019,294423.0,12
394800,"Logan, UT",msa,UT,2020,336344.0,12
394800,"Logan, UT",msa,UT,2021,427931.0,12
394800,"Logan, UT",msa,UT,2022,454505.0,12
394800,"Logan, UT",msa,UT,2023,454617.0,12
394800,"Logan, UT",msa,UT,2024,455919.0,12
394800,"Logan, UT",msa,UT,2025,469792.0,12
394800,"Logan, UT",msa,UT,2026,471050.0,7
394801,"Logansport, IN",msa,IN,2012,76190.0,12
394801,"Logansport, IN",msa,IN,2013,77413.0,12
394801,"Logansport, IN",msa,IN,2014,77116.0,12
394801,"Logansport, IN",msa,IN,2015,80645.0,12
394801,"Logansport, IN",msa,IN,2016,85498.0,12
394801,"Logansport, IN",msa,IN,2017,88523.0,12
394801,"Logansport, IN",msa,IN,2018,97755.0,12
394801,"Logansport, IN",msa,IN,2019,102458.0,12
394801,"Logansport, IN",msa,IN,2020,118320.0,12
394801,"Logansport, IN",msa,IN,2021,132754.0,12
394801,"Logansport, IN",msa,IN,2022,145294.0,12
394801,"Logansport, IN",msa,IN,2023,153715.0,12
394801,"Logansport, IN",msa,IN,2024,169700.0,12
394801,"Logansport, IN",msa,IN,2025,171960.0,12
394801,"Logansport, IN",msa,IN,2026,174920.0,7
394802,"London, KY",msa,KY,2000,62234.0,12
394802,"London, KY",msa,KY,2001,64707.0,12
394802,"London, KY",msa,KY,2002,66573.0,12
394802,"London, KY",msa,KY,2003,69076.0,12
394802,"London, KY",msa,KY,2004,72290.0,12
394802,"London, KY",msa,KY,2005,75401.0,12
394802,"London, KY",msa,KY,2006,78245.0,12
394802,"London, KY",msa,KY,2007,79756.0,12
394802,"London, KY",msa,KY,2008,81330.0,12
394802,"London, KY",msa,KY,2009,81646.0,12
394802,"London, KY",msa,KY,2010,88357.0,12
394802,"London, KY",msa,KY,2011,79830.0,12
394802,"London, KY",msa,KY,2012,85794.0,12
394802,"London, KY",msa,KY,2013,85695.0,12
394802,"London, KY",msa,KY,2014,86387.0,12
394802,"London, KY",msa,KY,2015,92287.0,12
394802,"London, KY",msa,KY,2016,95341.0,12
394802,"London, KY",msa,KY,2017,99163.0,12
394802,"London, KY",msa,KY,2018,103482.0,12
394802,"London, KY",msa,KY,2019,106691.0,12
394802,"London, KY",msa,KY,2020,120721.0,12
394802,"London, KY",msa,KY,2021,131222.0,12
394802,"London, KY",msa,KY,2022,148170.0,12
394802,"London, KY",msa,KY,2023,150001.0,12
394802,"London, KY",msa,KY,2024,151972.0,12
394802,"London, KY",msa,KY,2025,154753.0,12
394802,"London, KY",msa,KY,2026,151184.0,7
394803,"Longview, TX",msa,TX,2000,87116.0,12
394803,"Longview, TX",msa,TX,2001,90376.0,12
394803,"Longview, TX",msa,TX,2002,93315.0,12
394803,"Longview, TX",msa,TX,2003,95039.0,12
394803,"Longview, TX",msa,TX,2004,98607.0,12
394803,"Longview, TX",msa,TX,2005,112100.0,12
394803,"Longview, TX",msa,TX,2006,118527.0,12
394803,"Longview, TX",msa,TX,2007,128716.0,12
394803,"Longview, TX",msa,TX,2008,127922.0,12
394803,"Longview, TX",msa,TX,2009,125831.0,12
394803,"Longview, TX",msa,TX,2010,126149.0,12
394803,"Longview, TX",msa,TX,2011,125771.0,12
394803,"Longview, TX",msa,TX,2012,127285.0,12
394803,"Longview, TX",msa,TX,2013,128991.0,12
394803,"Longview, TX",msa,TX,2014,134897.0,12
394803,"Longview, TX",msa,TX,2015,139387.0,12
394803,"Longview, TX",msa,TX,2016,143355.0,12
394803,"Longview, TX",msa,TX,2017,141848.0,12
394803,"Longview, TX",msa,TX,2018,157069.0,12
394803,"Longview, TX",msa,TX,2019,169148.0,12
394803,"Longview, TX",msa,TX,2020,173557.0,12
394803,"Longview, TX",msa,TX,2021,191300.0,12
394803,"Longview, TX",msa,TX,2022,211002.0,12
394803,"Longview, TX",msa,TX,2023,214556.0,12
394803,"Longview, TX",msa,TX,2024,218936.0,12
394803,"Longview, TX",msa,TX,2025,219268.0,12
394803,"Longview, TX",msa,TX,2026,221161.0,7
394804,"Longview, WA",msa,WA,2009,179092.0,12
394804,"Longview, WA",msa,WA,2010,170793.0,12
394804,"Longview, WA",msa,WA,2011,161411.0,12
394804,"Longview, WA",msa,WA,2012,163265.0,12
394804,"Longview, WA",msa,WA,2013,169986.0,12
394804,"Longview, WA",msa,WA,2014,177829.0,12
394804,"Longview, WA",msa,WA,2015,197664.0,12
394804,"Longview, WA",msa,WA,2016,219476.0,12
394804,"Longview, WA",msa,WA,2017,245916.0,12
394804,"Longview, WA",msa,WA,2018,268104.0,12
394804,"Longview, WA",msa,WA,2019,294979.0,12
394804,"Longview, WA",msa,WA,2020,337910.0,12
394804,"Longview, WA",msa,WA,2021,390119.0,12
394804,"Longview, WA",msa,WA,2022,409388.0,12
394804,"Longview, WA",msa,WA,2023,418193.0,12
394804,"Longview, WA",msa,WA,2024,427459.0,12
394804,"Longview, WA",msa,WA,2025,428019.0,12
394804,"Longview, WA",msa,WA,2026,424667.0,7
394805,"Los Alamos, NM",msa,NM,2009,308390.0,12
394805,"Los Alamos, NM",msa,NM,2010,283705.0,12
394805,"Los Alamos, NM",msa,NM,2011,269727.0,12
394805,"Los Alamos, NM",msa,NM,2012,263398.0,12
394805,"Los Alamos, NM",msa,NM,2013,259120.0,12
394805,"Los Alamos, NM",msa,NM,2014,252024.0,12
394805,"Los Alamos, NM",msa,NM,2015,255097.0,12
394805,"Los Alamos, NM",msa,NM,2016,274344.0,12
394805,"Los Alamos, NM",msa,NM,2017,312489.0,12
394805,"Los Alamos, NM",msa,NM,2018,344264.0,12
394805,"Los Alamos, NM",msa,NM,2019,376554.0,12
394805,"Los Alamos, NM",msa,NM,2020,433972.0,12
394805,"Los Alamos, NM",msa,NM,2021,472820.0,12
394805,"Los Alamos, NM",msa,NM,2022,507059.0,12
394805,"Los Alamos, NM",msa,NM,2023,542647.0,12
394805,"Los Alamos, NM",msa,NM,2024,586896.0,12
394805,"Los Alamos, NM",msa,NM,2025,588998.0,12
394805,"Los Alamos, NM",msa,NM,2026,588095.0,7
753899,"Los Angeles, CA",msa,CA,2000,247338.0,12
753899,"Los Angeles, CA",msa,CA,2001,273924.0,12
753899,"Los Angeles, CA",msa,CA,2002,320541.0,12
753899,"Los Angeles, CA",msa,CA,2003,381989.0,12
753899,"Los Angeles, CA",msa,CA,2004,484228.0,12
753899,"Los Angeles, CA",msa,CA,2005,570750.0,12
753899,"Los Angeles, CA",msa,CA,2006,600507.0,12
753899,"Los Angeles, CA",msa,CA,2007,553571.0,12
753899,"Los Angeles, CA",msa,CA,2008,434698.0,12
753899,"Los Angeles, CA",msa,CA,2009,408615.0,12
753899,"Los Angeles, CA",msa,CA,2010,397888.0,12
753899,"Los Angeles, CA",msa,CA,2011,375618.0,12
753899,"Los Angeles, CA",msa,CA,2012,401196.0,12
753899,"Los Angeles, CA",msa,CA,2013,474751.0,12
753899,"Los Angeles, CA",msa,CA,2014,510758.0,12
753899,"Los Angeles, CA",msa,CA,2015,504453.0,12
753899,"Los Angeles, CA",msa,CA,2016,534326.0,12
753899,"Los Angeles, CA",msa,CA,2017,602691.0,12
753899,"Los Angeles, CA",msa,CA,2018,672202.0,12
753899,"Los Angeles, CA",msa,CA,2019,676168.0,12
753899,"Los Angeles, CA",msa,CA,2020,736425.0,12
753899,"Los Angeles, CA",msa,CA,2021,837509.0,12
753899,"Los Angeles, CA",msa,CA,2022,894258.0,12
753899,"Los Angeles, CA",msa,CA,2023,939102.0,12
753899,"Los Angeles, CA",msa,CA,2024,979013.0,12
753899,"Los Angeles, CA",msa,CA,2025,965861.0,12
753899,"Los Angeles, CA",msa,CA,2026,964934.0,7
394807,"Louisville, KY",msa,KY,2000,118088.0,12
394807,"Louisville, KY",msa,KY,2001,126739.0,12
394807,"Louisville, KY",msa,KY,2002,130531.0,12
394807,"Louisville, KY",msa,KY,2003,134078.0,12
394807,"Louisville, KY",msa,KY,2004,135728.0,12
394807,"Louisville, KY",msa,KY,2005,143013.0,12
394807,"Louisville, KY",msa,KY,2006,145971.0,12
394807,"Louisville, KY",msa,KY,2007,146786.0,12
394807,"Louisville, KY",msa,KY,2008,144150.0,12
394807,"Louisville, KY",msa,KY,2009,142316.0,12
394807,"Louisville, KY",msa,KY,2010,139369.0,12
394807,"Louisville, KY",msa,KY,2011,134456.0,12
394807,"Louisville, KY",msa,KY,2012,136959.0,12
394807,"Louisville, KY",msa,KY,2013,142114.0,12
394807,"Louisville, KY",msa,KY,2014,147409.0,12
394807,"Louisville, KY",msa,KY,2015,153861.0,12
394807,"Louisville, KY",msa,KY,2016,162959.0,12
394807,"Louisville, KY",msa,KY,2017,170153.0,12
394807,"Louisville, KY",msa,KY,2018,183546.0,12
394807,"Louisville, KY",msa,KY,2019,195176.0,12
394807,"Louisville, KY",msa,KY,2020,213463.0,12
394807,"Louisville, KY",msa,KY,2021,234138.0,12
394807,"Louisville, KY",msa,KY,2022,250779.0,12
394807,"Louisville, KY",msa,KY,2023,261288.0,12
394807,"Louisville, KY",msa,KY,2024,271875.0,12
394807,"Louisville, KY",msa,KY,2025,280289.0,12
394807,"Louisville, KY",msa,KY,2026,282043.0,7
394808,"Lubbock, TX",msa,TX,2000,88388.0,12
394808,"Lubbock, TX",msa,TX,2001,92568.0,12
394808,"Lubbock, TX",msa,TX,2002,95449.0,12
394808,"Lubbock, TX",msa,TX,2003,97824.0,12
394808,"Lubbock, TX",msa,TX,2004,101383.0,12
394808,"Lubbock, TX",msa,TX,2005,106858.0,12
394808,"Lubbock, TX",msa,TX,2006,121284.0,12
394808,"Lubbock, TX",msa,TX,2007,124441.0,12
394808,"Lubbock, TX",msa,TX,2008,129359.0,12
394808,"Lubbock, TX",msa,TX,2009,133347.0,12
394808,"Lubbock, TX",msa,TX,2010,133070.0,12
394808,"Lubbock, TX",msa,TX,2011,131993.0,12
394808,"Lubbock, TX",msa,TX,2012,130640.0,12
394808,"Lubbock, TX",msa,TX,2013,130560.0,12
394808,"Lubbock, TX",msa,TX,2014,136154.0,12
394808,"Lubbock, TX",msa,TX,2015,132482.0,12
394808,"Lubbock, TX",msa,TX,2016,145822.0,12
394808,"Lubbock, TX",msa,TX,2017,157895.0,12
394808,"Lubbock, TX",msa,TX,2018,164979.0,12
394808,"Lubbock, TX",msa,TX,2019,157522.0,12
394808,"Lubbock, TX",msa,TX,2020,170869.0,12
394808,"Lubbock, TX",msa,TX,2021,192273.0,12
394808,"Lubbock, TX",msa,TX,2022,214013.0,12
394808,"Lubbock, TX",msa,TX,2023,213414.0,12
394808,"Lubbock, TX",msa,TX,2024,210353.0,12
394808,"Lubbock, TX",msa,TX,2025,210023.0,12
394808,"Lubbock, TX",msa,TX,2026,213274.0,7
753901,"Ludington, MI",msa,MI,2000,136356.0,12
753901,"Ludington, MI",msa,MI,2001,146302.0,12
753901,"Ludington, MI",msa,MI,2002,153223.0,12
753901,"Ludington, MI",msa,MI,2003,167625.0,12
753901,"Ludington, MI",msa,MI,2004,170736.0,12
753901,"Ludington, MI",msa,MI,2005,171828.0,12
753901,"Ludington, MI",msa,MI,2006,169194.0,12
753901,"Ludington, MI",msa,MI,2007,160987.0,12
753901,"Ludington, MI",msa,MI,2008,150325.0,12
753901,"Ludington, MI",msa,MI,2009,138407.0,12
753901,"Ludington, MI",msa,MI,2010,125927.0,12
753901,"Ludington, MI",msa,MI,2011,133094.0,12
753901,"Ludington, MI",msa,MI,2012,138315.0,12
753901,"Ludington, MI",msa,MI,2013,149202.0,12
753901,"Ludington, MI",msa,MI,2014,153177.0,12
753901,"Ludington, MI",msa,MI,2015,161083.0,12
753901,"Ludington, MI",msa,MI,2016,171657.0,12
753901,"Ludington, MI",msa,MI,2017,168919.0,12
753901,"Ludington, MI",msa,MI,2018,162453.0,12
753901,"Ludington, MI",msa,MI,2019,173794.0,12
753901,"Ludington, MI",msa,MI,2020,196746.0,12
753901,"Ludington, MI",msa,MI,2021,241870.0,12
753901,"Ludington, MI",msa,MI,2022,250206.0,12
753901,"Ludington, MI",msa,MI,2023,250757.0,12
753901,"Ludington, MI",msa,MI,2024,261949.0,12
753901,"Ludington, MI",msa,MI,2025,263995.0,12
753901,"Ludington, MI",msa,MI,2026,276754.0,7
394809,"Lufkin, TX",msa,TX,2000,89228.0,12
394809,"Lufkin, TX",msa,TX,2001,92133.0,12
394809,"Lufkin, TX",msa,TX,2002,94929.0,12
394809,"Lufkin, TX",msa,TX,2003,96142.0,12
394809,"Lufkin, TX",msa,TX,2004,100361.0,12
394809,"Lufkin, TX",msa,TX,2005,101091.0,12
394809,"Lufkin, TX",msa,TX,2006,106247.0,12
394809,"Lufkin, TX",msa,TX,2007,110750.0,12
394809,"Lufkin, TX",msa,TX,2008,110591.0,12
394809,"Lufkin, TX",msa,TX,2009,110698.0,12
394809,"Lufkin, TX",msa,TX,2010,110054.0,12
394809,"Lufkin, TX",msa,TX,2011,110907.0,12
394809,"Lufkin, TX",msa,TX,2012,111543.0,12
394809,"Lufkin, TX",msa,TX,2013,113480.0,12
394809,"Lufkin, TX",msa,TX,2014,118854.0,12
394809,"Lufkin, TX",msa,TX,2015,120197.0,12
394809,"Lufkin, TX",msa,TX,2016,124977.0,12
394809,"Lufkin, TX",msa,TX,2017,126865.0,12
394809,"Lufkin, TX",msa,TX,2018,131853.0,12
394809,"Lufkin, TX",msa,TX,2019,148704.0,12
394809,"Lufkin, TX",msa,TX,2020,161781.0,12
394809,"Lufkin, TX",msa,TX,2021,186130.0,12
394809,"Lufkin, TX",msa,TX,2022,194859.0,12
394809,"Lufkin, TX",msa,TX,2023,197276.0,12
394809,"Lufkin, TX",msa,TX,2024,196339.0,12
394809,"Lufkin, TX",msa,TX,2025,197215.0,12
394809,"Lufkin, TX",msa,TX,2026,196675.0,7
394810,"Lumberton, NC",msa,NC,2016,76917.0,12
394810,"Lumberton, NC",msa,NC,2017,75680.0,12
394810,"Lumberton, NC",msa,NC,2018,82560.0,12
394810,"Lumberton, NC",msa,NC,2019,84221.0,12
394810,"Lumberton, NC",msa,NC,2020,97644.0,12
394810,"Lumberton, NC",msa,NC,2021,110880.0,12
394810,"Lumberton, NC",msa,NC,2022,129207.0,12
394810,"Lumberton, NC",msa,NC,2023,133990.0,12
394810,"Lumberton, NC",msa,NC,2024,135921.0,12
394810,"Lumberton, NC",msa,NC,2025,132414.0,12
394810,"Lumberton, NC",msa,NC,2026,136888.0,7
394811,"Lynchburg, VA",msa,VA,2000,118409.0,12
394811,"Lynchburg, VA",msa,VA,2001,126764.0,12
394811,"Lynchburg, VA",msa,VA,2002,135191.0,12
394811,"Lynchburg, VA",msa,VA,2003,136835.0,12
394811,"Lynchburg, VA",msa,VA,2004,146258.0,12
394811,"Lynchburg, VA",msa,VA,2005,153667.0,12
394811,"Lynchburg, VA",msa,VA,2006,168942.0,12
394811,"Lynchburg, VA",msa,VA,2007,177066.0,12
394811,"Lynchburg, VA",msa,VA,2008,168762.0,12
394811,"Lynchburg, VA",msa,VA,2009,159978.0,12
394811,"Lynchburg, VA",msa,VA,2010,156487.0,12
394811,"Lynchburg, VA",msa,VA,2011,152714.0,12
394811,"Lynchburg, VA",msa,VA,2012,154749.0,12
394811,"Lynchburg, VA",msa,VA,2013,155900.0,12
394811,"Lynchburg, VA",msa,VA,2014,156322.0,12
394811,"Lynchburg, VA",msa,VA,2015,161592.0,12
394811,"Lynchburg, VA",msa,VA,2016,166389.0,12
394811,"Lynchburg, VA",msa,VA,2017,171729.0,12
394811,"Lynchburg, VA",msa,VA,2018,177684.0,12
394811,"Lynchburg, VA",msa,VA,2019,187254.0,12
394811,"Lynchburg, VA",msa,VA,2020,205944.0,12
394811,"Lynchburg, VA",msa,VA,2021,228852.0,12
394811,"Lynchburg, VA",msa,VA,2022,253985.0,12
394811,"Lynchburg, VA",msa,VA,2023,272838.0,12
394811,"Lynchburg, VA",msa,VA,2024,283020.0,12
394811,"Lynchburg, VA",msa,VA,2025,287242.0,12
394811,"Lynchburg, VA",msa,VA,2026,291659.0,7
394812,"Macomb, IL",msa,IL,2000,72628.0,12
394812,"Macomb, IL",msa,IL,2001,76332.0,12
394812,"Macomb, IL",msa,IL,2002,79346.0,12
394812,"Macomb, IL",msa,IL,2003,82799.0,12
394812,"Macomb, IL",msa,IL,2004,88815.0,12
394812,"Macomb, IL",msa,IL,2005,94794.0,12
394812,"Macomb, IL",msa,IL,2006,97809.0,12
394812,"Macomb, IL",msa,IL,2007,97390.0,12
394812,"Macomb, IL",msa,IL,2008,93056.0,12
394812,"Macomb, IL",msa,IL,2009,88416.0,12
394812,"Macomb, IL",msa,IL,2010,86240.0,12
394812,"Macomb, IL",msa,IL,2011,84267.0,12
394812,"Macomb, IL",msa,IL,2012,93467.0,12
394812,"Macomb, IL",msa,IL,2013,91257.0,12
394812,"Macomb, IL",msa,IL,2014,91349.0,12
394812,"Macomb, IL",msa,IL,2015,92526.0,12
394812,"Macomb, IL",msa,IL,2016,89870.0,12
394812,"Macomb, IL",msa,IL,2017,84067.0,12
394812,"Macomb, IL",msa,IL,2018,80659.0,12
394812,"Macomb, IL",msa,IL,2019,88349.0,12
394812,"Macomb, IL",msa,IL,2020,92255.0,12
394812,"Macomb, IL",msa,IL,2021,92946.0,12
394812,"Macomb, IL",msa,IL,2022,99935.0,12
394812,"Macomb, IL",msa,IL,2023,100290.0,12
394812,"Macomb, IL",msa,IL,2024,103304.0,12
394812,"Macomb, IL",msa,IL,2025,101180.0,12
394812,"Macomb, IL",msa,IL,2026,100557.0,7
394813,"Macon, GA",msa,GA,2000,94593.0,12
394813,"Macon, GA",msa,GA,2001,99530.0,12
394813,"Macon, GA",msa,GA,2002,101867.0,12
394813,"Macon, GA",msa,GA,2003,105616.0,12
394813,"Macon, GA",msa,GA,2004,109331.0,12
394813,"Macon, GA",msa,GA,2005,113750.0,12
394813,"Macon, GA",msa,GA,2006,117700.0,12
394813,"Macon, GA",msa,GA,2007,119798.0,12
394813,"Macon, GA",msa,GA,2008,114137.0,12
394813,"Macon, GA",msa,GA,2009,108240.0,12
394813,"Macon, GA",msa,GA,2010,102340.0,12
394813,"Macon, GA",msa,GA,2011,95768.0,12
394813,"Macon, GA",msa,GA,2012,93713.0,12
394813,"Macon, GA",msa,GA,2013,96023.0,12
394813,"Macon, GA",msa,GA,2014,100463.0,12
394813,"Macon, GA",msa,GA,2015,104924.0,12
394813,"Macon, GA",msa,GA,2016,104366.0,12
394813,"Macon, GA",msa,GA,2017,109188.0,12
394813,"Macon, GA",msa,GA,2018,117097.0,12
394813,"Macon, GA",msa,GA,2019,128526.0,12
394813,"Macon, GA",msa,GA,2020,140443.0,12
394813,"Macon, GA",msa,GA,2021,158971.0,12
394813,"Macon, GA",msa,GA,2022,183173.0,12
394813,"Macon, GA",msa,GA,2023,190489.0,12
394813,"Macon, GA",msa,GA,2024,197252.0,12
394813,"Macon, GA",msa,GA,2025,196755.0,12
394813,"Macon, GA",msa,GA,2026,199964.0,7
394814,"Madera, CA",msa,CA,2003,131779.0,12
394814,"Madera, CA",msa,CA,2004,163284.0,12
394814,"Madera, CA",msa,CA,2005,209891.0,12
394814,"Madera, CA",msa,CA,2006,232696.0,12
394814,"Madera, CA",msa,CA,2007,205241.0,12
394814,"Madera, CA",msa,CA,2008,156270.0,12
394814,"Madera, CA",msa,CA,2009,143066.0,12
394814,"Madera, CA",msa,CA,2010,142418.0,12
394814,"Madera, CA",msa,CA,2011,137071.0,12
394814,"Madera, CA",msa,CA,2012,148957.0,12
394814,"Madera, CA",msa,CA,2013,180067.0,12
394814,"Madera, CA",msa,CA,2014,198806.0,12
394814,"Madera, CA",msa,CA,2015,211122.0,12
394814,"Madera, CA",msa,CA,2016,216433.0,12
394814,"Madera, CA",msa,CA,2017,248699.0,12
394814,"Madera, CA",msa,CA,2018,266950.0,12
394814,"Madera, CA",msa,CA,2019,282212.0,12
394814,"Madera, CA",msa,CA,2020,311874.0,12
394814,"Madera, CA",msa,CA,2021,372457.0,12
394814,"Madera, CA",msa,CA,2022,397305.0,12
394814,"Madera, CA",msa,CA,2023,402565.0,12
394814,"Madera, CA",msa,CA,2024,418510.0,12
394814,"Madera, CA",msa,CA,2025,422967.0,12
394814,"Madera, CA",msa,CA,2026,426494.0,7
394815,"Madison, IN",msa,IN,2012,93007.0,12
394815,"Madison, IN",msa,IN,2013,95663.0,12
394815,"Madison, IN",msa,IN,2014,102254.0,12
394815,"Madison, IN",msa,IN,2015,111638.0,12
394815,"Madison, IN",msa,IN,2016,117342.0,12
394815,"Madison, IN",msa,IN,2017,128235.0,12
394815,"Madison, IN",msa,IN,2018,134487.0,12
394815,"Madison, IN",msa,IN,2019,143403.0,12
394815,"Madison, IN",msa,IN,2020,156426.0,12
394815,"Madison, IN",msa,IN,2021,176024.0,12
394815,"Madison, IN",msa,IN,2022,195606.0,12
394815,"Madison, IN",msa,IN,2023,207974.0,12
394815,"Madison, IN",msa,IN,2024,221727.0,12
394815,"Madison, IN",msa,IN,2025,234224.0,12
394815,"Madison, IN",msa,IN,2026,240427.0,7
394816,"Madison, WI",msa,WI,2000,158994.0,12
394816,"Madison, WI",msa,WI,2001,167673.0,12
394816,"Madison, WI",msa,WI,2002,176367.0,12
394816,"Madison, WI",msa,WI,2003,188821.0,12
394816,"Madison, WI",msa,WI,2004,205944.0,12
394816,"Madison, WI",msa,WI,2005,220783.0,12
394816,"Madison, WI",msa,WI,2006,227631.0,12
394816,"Madison, WI",msa,WI,2007,232455.0,12
394816,"Madison, WI",msa,WI,2008,221236.0,12
394816,"Madison, WI",msa,WI,2009,218559.0,12
394816,"Madison, WI",msa,WI,2010,212888.0,12
394816,"Madison, WI",msa,WI,2011,206353.0,12
394816,"Madison, WI",msa,WI,2012,208459.0,12
394816,"Madison, WI",msa,WI,2013,218580.0,12
394816,"Madison, WI",msa,WI,2014,226448.0,12
394816,"Madison, WI",msa,WI,2015,239935.0,12
394816,"Madison, WI",msa,WI,2016,256091.0,12
394816,"Madison, WI",msa,WI,2017,271172.0,12
394816,"Madison, WI",msa,WI,2018,285668.0,12
394816,"Madison, WI",msa,WI,2019,298959.0,12
394816,"Madison, WI",msa,WI,2020,325016.0,12
394816,"Madison, WI",msa,WI,2021,355362.0,12
394816,"Madison, WI",msa,WI,2022,385664.0,12
394816,"Madison, WI",msa,WI,2023,411178.0,12
394816,"Madison, WI",msa,WI,2024,435940.0,12
394816,"Madison, WI",msa,WI,2025,448780.0,12
394816,"Madison, WI",msa,WI,2026,452940.0,7
394817,"Madisonville, KY",msa,KY,2000,69827.0,12
394817,"Madisonville, KY",msa,KY,2001,72223.0,12
394817,"Madisonville, KY",msa,KY,2002,74891.0,12
394817,"Madisonville, KY",msa,KY,2003,78013.0,12
394817,"Madisonville, KY",msa,KY,2004,81680.0,12
394817,"Madisonville, KY",msa,KY,2005,85108.0,12
394817,"Madisonville, KY",msa,KY,2006,87757.0,12
394817,"Madisonville, KY",msa,KY,2007,90053.0,12
394817,"Madisonville, KY",msa,KY,2008,90228.0,12
394817,"Madisonville, KY",msa,KY,2009,89650.0,12
394817,"Madisonville, KY",msa,KY,2010,90053.0,12
394817,"Madisonville, KY",msa,KY,2011,81527.0,12
394817,"Madisonville, KY",msa,KY,2012,84378.0,12
394817,"Madisonville, KY",msa,KY,2013,86159.0,12
394817,"Madisonville, KY",msa,KY,2014,87656.0,12
394817,"Madisonville, KY",msa,KY,2015,89785.0,12
394817,"Madisonville, KY",msa,KY,2016,95395.0,12
394817,"Madisonville, KY",msa,KY,2017,95603.0,12
394817,"Madisonville, KY",msa,KY,2018,97686.0,12
394817,"Madisonville, KY",msa,KY,2019,105164.0,12
394817,"Madisonville, KY",msa,KY,2020,113232.0,12
394817,"Madisonville, KY",msa,KY,2021,127681.0,12
394817,"Madisonville, KY",msa,KY,2022,141727.0,12
394817,"Madisonville, KY",msa,KY,2023,148778.0,12
394817,"Madisonville, KY",msa,KY,2024,154105.0,12
394817,"Madisonville, KY",msa,KY,2025,153100.0,12
394817,"Madisonville, KY",msa,KY,2026,144973.0,7
394818,"Magnolia, AR",msa,AR,2000,93471.0,12
394818,"Magnolia, AR",msa,AR,2001,94678.0,12
394818,"Magnolia, AR",msa,AR,2002,95589.0,12
394818,"Magnolia, AR",msa,AR,2003,98501.0,12
394818,"Magnolia, AR",msa,AR,2004,103091.0,12
394818,"Magnolia, AR",msa,AR,2005,109728.0,12
394818,"Magnolia, AR",msa,AR,2006,114738.0,12
394818,"Magnolia, AR",msa,AR,2007,116859.0,12
394818,"Magnolia, AR",msa,AR,2008,114872.0,12
394818,"Magnolia, AR",msa,AR,2009,112089.0,12
394818,"Magnolia, AR",msa,AR,2010,109703.0,12
394818,"Magnolia, AR",msa,AR,2011,107810.0,12
394818,"Magnolia, AR",msa,AR,2012,118978.0,12
394818,"Magnolia, AR",msa,AR,2013,118424.0,12
394818,"Magnolia, AR",msa,AR,2014,118131.0,12
394818,"Magnolia, AR",msa,AR,2015,127884.0,12
394818,"Magnolia, AR",msa,AR,2016,130824.0,12
394818,"Magnolia, AR",msa,AR,2017,138196.0,12
394818,"Magnolia, AR",msa,AR,2018,137476.0,12
394818,"Magnolia, AR",msa,AR,2019,141901.0,12
394818,"Magnolia, AR",msa,AR,2020,154246.0,12
394818,"Magnolia, AR",msa,AR,2021,163712.0,12
394818,"Magnolia, AR",msa,AR,2022,158568.0,12
394818,"Magnolia, AR",msa,AR,2023,150858.0,12
394818,"Magnolia, AR",msa,AR,2024,148694.0,12
394818,"Magnolia, AR",msa,AR,2025,135948.0,12
394818,"Magnolia, AR",msa,AR,2026,134841.0,7
394819,"Malone, NY",msa,NY,2000,66199.0,12
394819,"Malone, NY",msa,NY,2001,70790.0,12
394819,"Malone, NY",msa,NY,2002,77796.0,12
394819,"Malone, NY",msa,NY,2003,85606.0,12
394819,"Malone, NY",msa,NY,2004,96283.0,12
394819,"Malone, NY",msa,NY,2005,107448.0,12
394819,"Malone, NY",msa,NY,2006,110263.0,12
394819,"Malone, NY",msa,NY,2007,109757.0,12
394819,"Malone, NY",msa,NY,2008,105379.0,12
394819,"Malone, NY",msa,NY,2009,100144.0,12
394819,"Malone, NY",msa,NY,2010,100189.0,12
394819,"Malone, NY",msa,NY,2011,100528.0,12
394819,"Malone, NY",msa,NY,2012,98518.0,12
394819,"Malone, NY",msa,NY,2013,99409.0,12
394819,"Malone, NY",msa,NY,2014,99758.0,12
394819,"Malone, NY",msa,NY,2015,105780.0,12
394819,"Malone, NY",msa,NY,2016,105375.0,12
394819,"Malone, NY",msa,NY,2017,111185.0,12
394819,"Malone, NY",msa,NY,2018,114706.0,12
394819,"Malone, NY",msa,NY,2019,119098.0,12
394819,"Malone, NY",msa,NY,2020,133375.0,12
394819,"Malone, NY",msa,NY,2021,147049.0,12
394819,"Malone, NY",msa,NY,2022,167359.0,12
394819,"Malone, NY",msa,NY,2023,167814.0,12
394819,"Malone, NY",msa,NY,2024,169962.0,12
394819,"Malone, NY",msa,NY,2025,170537.0,12
394819,"Malone, NY",msa,NY,2026,180335.0,7
753902,"Malvern, AR",msa,AR,2000,68727.0,12
753902,"Malvern, AR",msa,AR,2001,71885.0,12
753902,"Malvern, AR",msa,AR,2002,74697.0,12
753902,"Malvern, AR",msa,AR,2003,80476.0,12
753902,"Malvern, AR",msa,AR,2004,87947.0,12
753902,"Malvern, AR",msa,AR,2005,97689.0,12
753902,"Malvern, AR",msa,AR,2006,103860.0,12
753902,"Malvern, AR",msa,AR,2007,105384.0,12
753902,"Malvern, AR",msa,AR,2008,101820.0,12
753902,"Malvern, AR",msa,AR,2009,102232.0,12
753902,"Malvern, AR",msa,AR,2010,102748.0,12
753902,"Malvern, AR",msa,AR,2011,103624.0,12
753902,"Malvern, AR",msa,AR,2012,105333.0,12
753902,"Malvern, AR",msa,AR,2013,100416.0,12
753902,"Malvern, AR",msa,AR,2014,104161.0,12
753902,"Malvern, AR",msa,AR,2015,112665.0,12
753902,"Malvern, AR",msa,AR,2016,120962.0,12
753902,"Malvern, AR",msa,AR,2017,123313.0,12
753902,"Malvern, AR",msa,AR,2018,122961.0,12
753902,"Malvern, AR",msa,AR,2019,126677.0,12
753902,"Malvern, AR",msa,AR,2020,143147.0,12
753902,"Malvern, AR",msa,AR,2021,156402.0,12
753902,"Malvern, AR",msa,AR,2022,162457.0,12
753902,"Malvern, AR",msa,AR,2023,167833.0,12
753902,"Malvern, AR",msa,AR,2024,172720.0,12
753902,"Malvern, AR",msa,AR,2025,167767.0,12
753902,"Malvern, AR",msa,AR,2026,163991.0,7
394820,"Manchester, NH",msa,NH,2000,163750.0,12
394820,"Manchester, NH",msa,NH,2001,192825.0,12
394820,"Manchester, NH",msa,NH,2002,219354.0,12
394820,"Manchester, NH",msa,NH,2003,248115.0,12
394820,"Manchester, NH",msa,NH,2004,271800.0,12
394820,"Manchester, NH",msa,NH,2005,293731.0,12
394820,"Manchester, NH",msa,NH,2006,286799.0,12
394820,"Manchester, NH",msa,NH,2007,275953.0,12
394820,"Manchester, NH",msa,NH,2008,248583.0,12
394820,"Manchester, NH",msa,NH,2009,242128.0,12
394820,"Manchester, NH",msa,NH,2010,232335.0,12
394820,"Manchester, NH",msa,NH,2011,216903.0,12
394820,"Manchester, NH",msa,NH,2012,219826.0,12
394820,"Manchester, NH",msa,NH,2013,229589.0,12
394820,"Manchester, NH",msa,NH,2014,235738.0,12
394820,"Manchester, NH",msa,NH,2015,250961.0,12
394820,"Manchester, NH",msa,NH,2016,262927.0,12
394820,"Manchester, NH",msa,NH,2017,282462.0,12
394820,"Manchester, NH",msa,NH,2018,297192.0,12
394820,"Manchester, NH",msa,NH,2019,312034.0,12
394820,"Manchester, NH",msa,NH,2020,350526.0,12
394820,"Manchester, NH",msa,NH,2021,394049.0,12
394820,"Manchester, NH",msa,NH,2022,445089.0,12
394820,"Manchester, NH",msa,NH,2023,481876.0,12
394820,"Manchester, NH",msa,NH,2024,512983.0,12
394820,"Manchester, NH",msa,NH,2025,526885.0,12
394820,"Manchester, NH",msa,NH,2026,528959.0,7
394821,"Manhattan, KS",msa,KS,2008,145670.0,12
394821,"Manhattan, KS",msa,KS,2009,146072.0,12
394821,"Manhattan, KS",msa,KS,2010,149679.0,12
394821,"Manhattan, KS",msa,KS,2011,150127.0,12
394821,"Manhattan, KS",msa,KS,2012,157727.0,12
394821,"Manhattan, KS",msa,KS,2013,159626.0,12
394821,"Manhattan, KS",msa,KS,2014,167866.0,12
394821,"Manhattan, KS",msa,KS,2015,173849.0,12
394821,"Manhattan, KS",msa,KS,2016,174807.0,12
394821,"Manhattan, KS",msa,KS,2017,182413.0,12
394821,"Manhattan, KS",msa,KS,2018,184110.0,12
394821,"Manhattan, KS",msa,KS,2019,190600.0,12
394821,"Manhattan, KS",msa,KS,2020,199008.0,12
394821,"Manhattan, KS",msa,KS,2021,216793.0,12
394821,"Manhattan, KS",msa,KS,2022,231597.0,12
394821,"Manhattan, KS",msa,KS,2023,238079.0,12
394821,"Manhattan, KS",msa,KS,2024,253112.0,12
394821,"Manhattan, KS",msa,KS,2025,268539.0,12
394821,"Manhattan, KS",msa,KS,2026,271423.0,7
394822,"Manitowoc, WI",msa,WI,2000,108805.0,12
394822,"Manitowoc, WI",msa,WI,2001,114142.0,12
394822,"Manitowoc, WI",msa,WI,2002,119081.0,12
394822,"Manitowoc, WI",msa,WI,2003,125320.0,12
394822,"Manitowoc, WI",msa,WI,2004,134232.0,12
394822,"Manitowoc, WI",msa,WI,2005,130506.0,12
394822,"Manitowoc, WI",msa,WI,2006,130321.0,12
394822,"Manitowoc, WI",msa,WI,2007,132266.0,12
394822,"Manitowoc, WI",msa,WI,2008,128876.0,12
394822,"Manitowoc, WI",msa,WI,2009,123604.0,12
394822,"Manitowoc, WI",msa,WI,2010,121174.0,12
394822,"Manitowoc, WI",msa,WI,2011,117601.0,12
394822,"Manitowoc, WI",msa,WI,2012,120462.0,12
394822,"Manitowoc, WI",msa,WI,2013,121449.0,12
394822,"Manitowoc, WI",msa,WI,2014,120907.0,12
394822,"Manitowoc, WI",msa,WI,2015,125963.0,12
394822,"Manitowoc, WI",msa,WI,2016,129991.0,12
394822,"Manitowoc, WI",msa,WI,2017,133008.0,12
394822,"Manitowoc, WI",msa,WI,2018,140380.0,12
394822,"Manitowoc, WI",msa,WI,2019,153820.0,12
394822,"Manitowoc, WI",msa,WI,2020,169675.0,12
394822,"Manitowoc, WI",msa,WI,2021,189727.0,12
394822,"Manitowoc, WI",msa,WI,2022,205412.0,12
394822,"Manitowoc, WI",msa,WI,2023,224320.0,12
394822,"Manitowoc, WI",msa,WI,2024,247114.0,12
394822,"Manitowoc, WI",msa,WI,2025,262918.0,12
394822,"Manitowoc, WI",msa,WI,2026,269406.0,7
394823,"Mankato, MN",msa,MN,2003,170572.0,12
394823,"Mankato, MN",msa,MN,2004,179828.0,12
394823,"Mankato, MN",msa,MN,2005,189947.0,12
394823,"Mankato, MN",msa,MN,2006,183652.0,12
394823,"Mankato, MN",msa,MN,2007,181534.0,12
394823,"Mankato, MN",msa,MN,2008,175461.0,12
394823,"Mankato, MN",msa,MN,2009,163817.0,12
394823,"Mankato, MN",msa,MN,2010,162827.0,12
394823,"Mankato, MN",msa,MN,2011,158137.0,12
394823,"Mankato, MN",msa,MN,2012,159146.0,12
394823,"Mankato, MN",msa,MN,2013,164974.0,12
394823,"Mankato, MN",msa,MN,2014,167779.0,12
394823,"Mankato, MN",msa,MN,2015,174976.0,12
394823,"Mankato, MN",msa,MN,2016,186363.0,12
394823,"Mankato, MN",msa,MN,2017,196304.0,12
394823,"Mankato, MN",msa,MN,2018,204833.0,12
394823,"Mankato, MN",msa,MN,2019,216429.0,12
394823,"Mankato, MN",msa,MN,2020,229862.0,12
394823,"Mankato, MN",msa,MN,2021,253043.0,12
394823,"Mankato, MN",msa,MN,2022,274644.0,12
394823,"Mankato, MN",msa,MN,2023,282978.0,12
394823,"Mankato, MN",msa,MN,2024,292937.0,12
394823,"Mankato, MN",msa,MN,2025,309031.0,12
394823,"Mankato, MN",msa,MN,2026,311714.0,7
394824,"Mansfield, OH",msa,OH,2000,85639.0,12
394824,"Mansfield, OH",msa,OH,2001,88434.0,12
394824,"Mansfield, OH",msa,OH,2002,92255.0,12
394824,"Mansfield, OH",msa,OH,2003,95115.0,12
394824,"Mansfield, OH",msa,OH,2004,98526.0,12
394824,"Mansfield, OH",msa,OH,2005,102044.0,12
394824,"Mansfield, OH",msa,OH,2006,106171.0,12
394824,"Mansfield, OH",msa,OH,2007,107915.0,10
394824,"Mansfield, OH",msa,OH,2008,92583.0,12
394824,"Mansfield, OH",msa,OH,2009,86525.0,12
394824,"Mansfield, OH",msa,OH,2010,75935.0,12
394824,"Mansfield, OH",msa,OH,2011,79001.0,12
394824,"Mansfield, OH",msa,OH,2012,77834.0,12
394824,"Mansfield, OH",msa,OH,2013,80359.0,12
394824,"Mansfield, OH",msa,OH,2014,80756.0,12
394824,"Mansfield, OH",msa,OH,2015,85954.0,12
394824,"Mansfield, OH",msa,OH,2016,89643.0,12
394824,"Mansfield, OH",msa,OH,2017,96863.0,12
394824,"Mansfield, OH",msa,OH,2018,103899.0,12
394824,"Mansfield, OH",msa,OH,2019,113531.0,12
394824,"Mansfield, OH",msa,OH,2020,129526.0,12
394824,"Mansfield, OH",msa,OH,2021,146945.0,12
394824,"Mansfield, OH",msa,OH,2022,160022.0,12
394824,"Mansfield, OH",msa,OH,2023,169734.0,12
394824,"Mansfield, OH",msa,OH,2024,181667.0,12
394824,"Mansfield, OH",msa,OH,2025,193482.0,12
394824,"Mansfield, OH",msa,OH,2026,200826.0,7
753903,"Marietta, OH",msa,OH,2000,92838.0,12
753903,"Marietta, OH",msa,OH,2001,97408.0,12
753903,"Marietta, OH",msa,OH,2002,100187.0,12
753903,"Marietta, OH",msa,OH,2003,103793.0,12
753903,"Marietta, OH",msa,OH,2004,107621.0,12
753903,"Marietta, OH",msa,OH,2005,111453.0,12
753903,"Marietta, OH",msa,OH,2006,111891.0,12
753903,"Marietta, OH",msa,OH,2007,110617.0,12
753903,"Marietta, OH",msa,OH,2008,108476.0,12
753903,"Marietta, OH",msa,OH,2009,104550.0,12
753903,"Marietta, OH",msa,OH,2010,103073.0,12
753903,"Marietta, OH",msa,OH,2011,100714.0,12
753903,"Marietta, OH",msa,OH,2012,102624.0,12
753903,"Marietta, OH",msa,OH,2013,106534.0,12
753903,"Marietta, OH",msa,OH,2014,112267.0,12
753903,"Marietta, OH",msa,OH,2015,119816.0,12
753903,"Marietta, OH",msa,OH,2016,123697.0,12
753903,"Marietta, OH",msa,OH,2017,127558.0,12
753903,"Marietta, OH",msa,OH,2018,130512.0,12
753903,"Marietta, OH",msa,OH,2019,136426.0,12
753903,"Marietta, OH",msa,OH,2020,149910.0,12
753903,"Marietta, OH",msa,OH,2021,162453.0,12
753903,"Marietta, OH",msa,OH,2022,170053.0,12
753903,"Marietta, OH",msa,OH,2023,170213.0,12
753903,"Marietta, OH",msa,OH,2024,176043.0,12
753903,"Marietta, OH",msa,OH,2025,185290.0,12
753903,"Marietta, OH",msa,OH,2026,189875.0,7
394825,"Marinette, WI",msa,WI,2000,78084.0,12
394825,"Marinette, WI",msa,WI,2001,82148.0,12
394825,"Marinette, WI",msa,WI,2002,88873.0,12
394825,"Marinette, WI",msa,WI,2003,91080.0,12
394825,"Marinette, WI",msa,WI,2004,94967.0,12
394825,"Marinette, WI",msa,WI,2005,104856.0,12
394825,"Marinette, WI",msa,WI,2006,108215.0,12
394825,"Marinette, WI",msa,WI,2007,109346.0,12
394825,"Marinette, WI",msa,WI,2008,105978.0,12
394825,"Marinette, WI",msa,WI,2009,99487.0,12
394825,"Marinette, WI",msa,WI,2010,89593.0,12
394825,"Marinette, WI",msa,WI,2011,91192.0,12
394825,"Marinette, WI",msa,WI,2012,93437.0,12
394825,"Marinette, WI",msa,WI,2013,96277.0,12
394825,"Marinette, WI",msa,WI,2014,97457.0,12
394825,"Marinette, WI",msa,WI,2015,102939.0,12
394825,"Marinette, WI",msa,WI,2016,102975.0,12
394825,"Marinette, WI",msa,WI,2017,108951.0,12
394825,"Marinette, WI",msa,WI,2018,113231.0,12
394825,"Marinette, WI",msa,WI,2019,121540.0,12
394825,"Marinette, WI",msa,WI,2020,134713.0,12
394825,"Marinette, WI",msa,WI,2021,156486.0,12
394825,"Marinette, WI",msa,WI,2022,165980.0,12
394825,"Marinette, WI",msa,WI,2023,180130.0,12
394825,"Marinette, WI",msa,WI,2024,189264.0,12
394825,"Marinette, WI",msa,WI,2025,203744.0,12
394825,"Marinette, WI",msa,WI,2026,210493.0,7
394826,"Marion, IN",msa,IN,2002,84018.0,12
394826,"Marion, IN",msa,IN,2003,81971.0,12
394826,"Marion, IN",msa,IN,2004,81402.0,12
394826,"Marion, IN",msa,IN,2005,88794.0,12
394826,"Marion, IN",msa,IN,2006,90362.0,12
394826,"Marion, IN",msa,IN,2007,87573.0,12
394826,"Marion, IN",msa,IN,2008,80107.0,12
394826,"Marion, IN",msa,IN,2009,77996.0,12
394826,"Marion, IN",msa,IN,2010,77060.0,12
394826,"Marion, IN",msa,IN,2011,75627.0,12
394826,"Marion, IN",msa,IN,2012,76712.0,12
394826,"Marion, IN",msa,IN,2013,75765.0,12
394826,"Marion, IN",msa,IN,2014,78730.0,12
394826,"Marion, IN",msa,IN,2015,81874.0,12
394826,"Marion, IN",msa,IN,2016,82491.0,12
394826,"Marion, IN",msa,IN,2017,86047.0,12
394826,"Marion, IN",msa,IN,2018,91987.0,12
394826,"Marion, IN",msa,IN,2019,96505.0,12
394826,"Marion, IN",msa,IN,2020,104943.0,12
394826,"Marion, IN",msa,IN,2021,120974.0,12
394826,"Marion, IN",msa,IN,2022,129733.0,12
394826,"Marion, IN",msa,IN,2023,133456.0,12
394826,"Marion, IN",msa,IN,2024,145641.0,12
394826,"Marion, IN",msa,IN,2025,151345.0,12
394826,"Marion, IN",msa,IN,2026,155697.0,7
753904,"Marion, NC",msa,NC,2016,149462.0,12
753904,"Marion, NC",msa,NC,2017,157050.0,12
753904,"Marion, NC",msa,NC,2018,167856.0,12
753904,"Marion, NC",msa,NC,2019,185259.0,12
753904,"Marion, NC",msa,NC,2020,203863.0,12
753904,"Marion, NC",msa,NC,2021,236132.0,12
753904,"Marion, NC",msa,NC,2022,254958.0,12
753904,"Marion, NC",msa,NC,2023,267504.0,12
753904,"Marion, NC",msa,NC,2024,271006.0,12
753904,"Marion, NC",msa,NC,2025,264311.0,12
753904,"Marion, NC",msa,NC,2026,264315.0,7
394827,"Marion, OH",msa,OH,2009,81481.0,12
394827,"Marion, OH",msa,OH,2010,80547.0,12
394827,"Marion, OH",msa,OH,2011,79057.0,12
394827,"Marion, OH",msa,OH,2012,78315.0,12
394827,"Marion, OH",msa,OH,2013,78135.0,12
394827,"Marion, OH",msa,OH,2014,79070.0,12
394827,"Marion, OH",msa,OH,2015,83937.0,12
394827,"Marion, OH",msa,OH,2016,89672.0,12
394827,"Marion, OH",msa,OH,2017,93132.0,12
394827,"Marion, OH",msa,OH,2018,106238.0,12
394827,"Marion, OH",msa,OH,2019,108843.0,12
394827,"Marion, OH",msa,OH,2020,124164.0,12
394827,"Marion, OH",msa,OH,2021,137493.0,12
394827,"Marion, OH",msa,OH,2022,149781.0,12
394827,"Marion, OH",msa,OH,2023,159446.0,12
394827,"Marion, OH",msa,OH,2024,169274.0,12
394827,"Marion, OH",msa,OH,2025,177706.0,12
394827,"Marion, OH",msa,OH,2026,183452.0,7
394829,"Marquette, MI",msa,MI,2000,92176.0,12
394829,"Marquette, MI",msa,MI,2001,95828.0,12
394829,"Marquette, MI",msa,MI,2002,99479.0,12
394829,"Marquette, MI",msa,MI,2003,104092.0,12
394829,"Marquette, MI",msa,MI,2004,110201.0,12
394829,"Marquette, MI",msa,MI,2005,117311.0,12
394829,"Marquette, MI",msa,MI,2006,114206.0,12
394829,"Marquette, MI",msa,MI,2007,109943.0,12
394829,"Marquette, MI",msa,MI,2008,105293.0,12
394829,"Marquette, MI",msa,MI,2009,109437.0,12
394829,"Marquette, MI",msa,MI,2010,112892.0,12
394829,"Marquette, MI",msa,MI,2011,120050.0,12
394829,"Marquette, MI",msa,MI,2012,128718.0,12
394829,"Marquette, MI",msa,MI,2013,132311.0,12
394829,"Marquette, MI",msa,MI,2014,130984.0,12
394829,"Marquette, MI",msa,MI,2015,133060.0,12
394829,"Marquette, MI",msa,MI,2016,135730.0,12
394829,"Marquette, MI",msa,MI,2017,140904.0,12
394829,"Marquette, MI",msa,MI,2018,148154.0,12
394829,"Marquette, MI",msa,MI,2019,155633.0,12
394829,"Marquette, MI",msa,MI,2020,168738.0,12
394829,"Marquette, MI",msa,MI,2021,192226.0,12
394829,"Marquette, MI",msa,MI,2022,215220.0,12
394829,"Marquette, MI",msa,MI,2023,223190.0,12
394829,"Marquette, MI",msa,MI,2024,233935.0,12
394829,"Marquette, MI",msa,MI,2025,251707.0,12
394829,"Marquette, MI",msa,MI,2026,264727.0,7
394830,"Marshall, MN",msa,MN,2011,141642.0,12
394830,"Marshall, MN",msa,MN,2012,142906.0,12
394830,"Marshall, MN",msa,MN,2013,147190.0,12
394830,"Marshall, MN",msa,MN,2014,147764.0,12
394830,"Marshall, MN",msa,MN,2015,154062.0,12
394830,"Marshall, MN",msa,MN,2016,158307.0,12
394830,"Marshall, MN",msa,MN,2017,157579.0,12
394830,"Marshall, MN",msa,MN,2018,161807.0,12
394830,"Marshall, MN",msa,MN,2019,160085.0,12
394830,"Marshall, MN",msa,MN,2020,170009.0,12
394830,"Marshall, MN",msa,MN,2021,189188.0,12
394830,"Marshall, MN",msa,MN,2022,197542.0,12
394830,"Marshall, MN",msa,MN,2023,200719.0,12
394830,"Marshall, MN",msa,MN,2024,207064.0,12
394830,"Marshall, MN",msa,MN,2025,219142.0,12
394830,"Marshall, MN",msa,MN,2026,227259.0,7
394831,"Marshall, MO",msa,MO,2012,110720.0,12
394831,"Marshall, MO",msa,MO,2013,129774.0,12
394831,"Marshall, MO",msa,MO,2014,138952.0,12
394831,"Marshall, MO",msa,MO,2015,135494.0,12
394831,"Marshall, MO",msa,MO,2016,136054.0,12
394831,"Marshall, MO",msa,MO,2017,137389.0,12
394831,"Marshall, MO",msa,MO,2018,148942.0,12
394831,"Marshall, MO",msa,MO,2019,146747.0,12
394831,"Marshall, MO",msa,MO,2020,164214.0,12
394831,"Marshall, MO",msa,MO,2021,155044.0,12
394831,"Marshall, MO",msa,MO,2022,177256.0,12
394831,"Marshall, MO",msa,MO,2023,163454.0,12
394831,"Marshall, MO",msa,MO,2024,171220.0,12
394831,"Marshall, MO",msa,MO,2025,180250.0,12
394831,"Marshall, MO",msa,MO,2026,186295.0,7
394833,"Marshalltown, IA",msa,IA,2009,108073.0,12
394833,"Marshalltown, IA",msa,IA,2010,106946.0,12
394833,"Marshalltown, IA",msa,IA,2011,104709.0,12
394833,"Marshalltown, IA",msa,IA,2012,103904.0,12
394833,"Marshalltown, IA",msa,IA,2013,106299.0,12
394833,"Marshalltown, IA",msa,IA,2014,99941.0,12
394833,"Marshalltown, IA",msa,IA,2015,106220.0,12
394833,"Marshalltown, IA",msa,IA,2016,110161.0,12
394833,"Marshalltown, IA",msa,IA,2017,116569.0,12
394833,"Marshalltown, IA",msa,IA,2018,129148.0,12
394833,"Marshalltown, IA",msa,IA,2019,138377.0,12
394833,"Marshalltown, IA",msa,IA,2020,145608.0,12
394833,"Marshalltown, IA",msa,IA,2021,162030.0,12
394833,"Marshalltown, IA",msa,IA,2022,172850.0,12
394833,"Marshalltown, IA",msa,IA,2023,176911.0,12
394833,"Marshalltown, IA",msa,IA,2024,186190.0,12
394833,"Marshalltown, IA",msa,IA,2025,192963.0,12
394833,"Marshalltown, IA",msa,IA,2026,196186.0,7
394835,"Martin, TN",msa,TN,2000,82462.0,12
394835,"Martin, TN",msa,TN,2001,85915.0,12
394835,"Martin, TN",msa,TN,2002,86860.0,12
394835,"Martin, TN",msa,TN,2003,89311.0,12
394835,"Martin, TN",msa,TN,2004,87736.0,12
394835,"Martin, TN",msa,TN,2005,93110.0,12
394835,"Martin, TN",msa,TN,2006,94226.0,12
394835,"Martin, TN",msa,TN,2007,96495.0,12
394835,"Martin, TN",msa,TN,2008,96553.0,12
394835,"Martin, TN",msa,TN,2009,92459.0,12
394835,"Martin, TN",msa,TN,2010,91296.0,12
394835,"Martin, TN",msa,TN,2011,90061.0,12
394835,"Martin, TN",msa,TN,2012,89854.0,12
394835,"Martin, TN",msa,TN,2013,94170.0,12
394835,"Martin, TN",msa,TN,2014,94820.0,12
394835,"Martin, TN",msa,TN,2015,97886.0,12
394835,"Martin, TN",msa,TN,2016,100328.0,12
394835,"Martin, TN",msa,TN,2017,104780.0,12
394835,"Martin, TN",msa,TN,2018,104384.0,12
394835,"Martin, TN",msa,TN,2019,114243.0,12
394835,"Martin, TN",msa,TN,2020,123347.0,12
394835,"Martin, TN",msa,TN,2021,145684.0,12
394835,"Martin, TN",msa,TN,2022,159717.0,12
394835,"Martin, TN",msa,TN,2023,167347.0,12
394835,"Martin, TN",msa,TN,2024,176635.0,12
394835,"Martin, TN",msa,TN,2025,188963.0,12
394835,"Martin, TN",msa,TN,2026,195647.0,7
394836,"Martinsville, VA",msa,VA,2000,86850.0,12
394836,"Martinsville, VA",msa,VA,2001,91920.0,12
394836,"Martinsville, VA",msa,VA,2002,96334.0,12
394836,"Martinsville, VA",msa,VA,2003,103511.0,12
394836,"Martinsville, VA",msa,VA,2004,118263.0,12
394836,"Martinsville, VA",msa,VA,2005,116199.0,12
394836,"Martinsville, VA",msa,VA,2006,115051.0,12
394836,"Martinsville, VA",msa,VA,2007,110016.0,12
394836,"Martinsville, VA",msa,VA,2008,110187.0,12
394836,"Martinsville, VA",msa,VA,2009,100250.0,12
394836,"Martinsville, VA",msa,VA,2010,100034.0,12
394836,"Martinsville, VA",msa,VA,2011,95609.0,12
394836,"Martinsville, VA",msa,VA,2012,100591.0,12
394836,"Martinsville, VA",msa,VA,2013,92780.0,12
394836,"Martinsville, VA",msa,VA,2014,91620.0,12
394836,"Martinsville, VA",msa,VA,2015,93488.0,12
394836,"Martinsville, VA",msa,VA,2016,93204.0,12
394836,"Martinsville, VA",msa,VA,2017,92806.0,12
394836,"Martinsville, VA",msa,VA,2018,90549.0,12
394836,"Martinsville, VA",msa,VA,2019,92826.0,12
394836,"Martinsville, VA",msa,VA,2020,100571.0,12
394836,"Martinsville, VA",msa,VA,2021,119276.0,12
394836,"Martinsville, VA",msa,VA,2022,131525.0,12
394836,"Martinsville, VA",msa,VA,2023,138935.0,12
394836,"Martinsville, VA",msa,VA,2024,146715.0,12
394836,"Martinsville, VA",msa,VA,2025,140746.0,12
394836,"Martinsville, VA",msa,VA,2026,135895.0,7
394837,"Maryville, MO",msa,MO,2012,117278.0,12
394837,"Maryville, MO",msa,MO,2013,125989.0,12
394837,"Maryville, MO",msa,MO,2014,128870.0,12
394837,"Maryville, MO",msa,MO,2015,132564.0,12
394837,"Maryville, MO",msa,MO,2016,128922.0,12
394837,"Maryville, MO",msa,MO,2017,132094.0,12
394837,"Maryville, MO",msa,MO,2018,140673.0,12
394837,"Maryville, MO",msa,MO,2019,153049.0,12
394837,"Maryville, MO",msa,MO,2020,161775.0,12
394837,"Maryville, MO",msa,MO,2021,186694.0,12
394837,"Maryville, MO",msa,MO,2022,206055.0,12
394837,"Maryville, MO",msa,MO,2023,208288.0,12
394837,"Maryville, MO",msa,MO,2024,214183.0,12
394837,"Maryville, MO",msa,MO,2025,221463.0,12
394837,"Maryville, MO",msa,MO,2026,224391.0,7
394838,"Mason City, IA",msa,IA,2009,93070.0,12
394838,"Mason City, IA",msa,IA,2010,93211.0,12
394838,"Mason City, IA",msa,IA,2011,93011.0,12
394838,"Mason City, IA",msa,IA,2012,96295.0,12
394838,"Mason City, IA",msa,IA,2013,105718.0,12
394838,"Mason City, IA",msa,IA,2014,104632.0,12
394838,"Mason City, IA",msa,IA,2015,113504.0,12
394838,"Mason City, IA",msa,IA,2016,115926.0,12
394838,"Mason City, IA",msa,IA,2017,121692.0,12
394838,"Mason City, IA",msa,IA,2018,131343.0,12
394838,"Mason City, IA",msa,IA,2019,137313.0,12
394838,"Mason City, IA",msa,IA,2020,147890.0,12
394838,"Mason City, IA",msa,IA,2021,166193.0,12
394838,"Mason City, IA",msa,IA,2022,183109.0,12
394838,"Mason City, IA",msa,IA,2023,182255.0,12
394838,"Mason City, IA",msa,IA,2024,191333.0,12
394838,"Mason City, IA",msa,IA,2025,199719.0,12
394838,"Mason City, IA",msa,IA,2026,203051.0,7
394840,"Mayfield, KY",msa,KY,2003,66662.0,12
394840,"Mayfield, KY",msa,KY,2004,67433.0,12
394840,"Mayfield, KY",msa,KY,2005,70003.0,12
394840,"Mayfield, KY",msa,KY,2006,71424.0,12
394840,"Mayfield, KY",msa,KY,2007,72221.0,12
394840,"Mayfield, KY",msa,KY,2008,73158.0,12
394840,"Mayfield, KY",msa,KY,2009,72063.0,12
394840,"Mayfield, KY",msa,KY,2010,72159.0,12
394840,"Mayfield, KY",msa,KY,2011,71066.0,12
394840,"Mayfield, KY",msa,KY,2012,71751.0,12
394840,"Mayfield, KY",msa,KY,2013,72365.0,12
394840,"Mayfield, KY",msa,KY,2014,74624.0,12
394840,"Mayfield, KY",msa,KY,2015,79319.0,12
394840,"Mayfield, KY",msa,KY,2016,80227.0,12
394840,"Mayfield, KY",msa,KY,2017,85442.0,12
394840,"Mayfield, KY",msa,KY,2018,94095.0,12
394840,"Mayfield, KY",msa,KY,2019,99894.0,12
394840,"Mayfield, KY",msa,KY,2020,116771.0,12
394840,"Mayfield, KY",msa,KY,2021,126223.0,12
394840,"Mayfield, KY",msa,KY,2022,149527.0,12
394840,"Mayfield, KY",msa,KY,2023,150918.0,12
394840,"Mayfield, KY",msa,KY,2024,161603.0,12
394840,"Mayfield, KY",msa,KY,2025,172349.0,12
394840,"Mayfield, KY",msa,KY,2026,171232.0,7
394841,"Maysville, KY",msa,KY,2010,87052.0,12
394841,"Maysville, KY",msa,KY,2011,86383.0,12
394841,"Maysville, KY",msa,KY,2012,84803.0,12
394841,"Maysville, KY",msa,KY,2013,85980.0,12
394841,"Maysville, KY",msa,KY,2014,86794.0,12
394841,"Maysville, KY",msa,KY,2015,93574.0,12
394841,"Maysville, KY",msa,KY,2016,93872.0,12
394841,"Maysville, KY",msa,KY,2017,94637.0,12
394841,"Maysville, KY",msa,KY,2018,100866.0,12
394841,"Maysville, KY",msa,KY,2019,105059.0,12
394841,"Maysville, KY",msa,KY,2020,119590.0,12
394841,"Maysville, KY",msa,KY,2021,135554.0,12
394841,"Maysville, KY",msa,KY,2022,152931.0,12
394841,"Maysville, KY",msa,KY,2023,154280.0,12
394841,"Maysville, KY",msa,KY,2024,168469.0,12
394841,"Maysville, KY",msa,KY,2025,175091.0,12
394841,"Maysville, KY",msa,KY,2026,174850.0,7
394842,"McAlester, OK",msa,OK,2000,68637.0,12
394842,"McAlester, OK",msa,OK,2001,72304.0,12
394842,"McAlester, OK",msa,OK,2002,74659.0,12
394842,"McAlester, OK",msa,OK,2003,77021.0,12
394842,"McAlester, OK",msa,OK,2004,79969.0,12
394842,"McAlester, OK",msa,OK,2005,81796.0,12
394842,"McAlester, OK",msa,OK,2006,88023.0,12
394842,"McAlester, OK",msa,OK,2007,92126.0,12
394842,"McAlester, OK",msa,OK,2008,98308.0,12
394842,"McAlester, OK",msa,OK,2009,96513.0,12
394842,"McAlester, OK",msa,OK,2010,92127.0,12
394842,"McAlester, OK",msa,OK,2011,88831.0,12
394842,"McAlester, OK",msa,OK,2012,87966.0,12
394842,"McAlester, OK",msa,OK,2013,88248.0,12
394842,"McAlester, OK",msa,OK,2014,86865.0,12
394842,"McAlester, OK",msa,OK,2015,88366.0,12
394842,"McAlester, OK",msa,OK,2016,87863.0,12
394842,"McAlester, OK",msa,OK,2017,89807.0,12
394842,"McAlester, OK",msa,OK,2018,93373.0,12
394842,"McAlester, OK",msa,OK,2019,99764.0,12
394842,"McAlester, OK",msa,OK,2020,111136.0,12
394842,"McAlester, OK",msa,OK,2021,122472.0,12
394842,"McAlester, OK",msa,OK,2022,134804.0,12
394842,"McAlester, OK",msa,OK,2023,137921.0,12
394842,"McAlester, OK",msa,OK,2024,143496.0,12
394842,"McAlester, OK",msa,OK,2025,145290.0,12
394842,"McAlester, OK",msa,OK,2026,150061.0,7
394843,"McAllen, TX",msa,TX,2007,81737.0,12
394843,"McAllen, TX",msa,TX,2008,81367.0,12
394843,"McAllen, TX",msa,TX,2009,81076.0,12
394843,"McAllen, TX",msa,TX,2010,89550.0,12
394843,"McAllen, TX",msa,TX,2011,86835.0,12
394843,"McAllen, TX",msa,TX,2012,85355.0,12
394843,"McAllen, TX",msa,TX,2013,88734.0,12
394843,"McAllen, TX",msa,TX,2014,93597.0,12
394843,"McAllen, TX",msa,TX,2015,99269.0,12
394843,"McAllen, TX",msa,TX,2016,105062.0,12
394843,"McAllen, TX",msa,TX,2017,107487.0,12
394843,"McAllen, TX",msa,TX,2018,113482.0,12
394843,"McAllen, TX",msa,TX,2019,120538.0,12
394843,"McAllen, TX",msa,TX,2020,135984.0,12
394843,"McAllen, TX",msa,TX,2021,152529.0,12
394843,"McAllen, TX",msa,TX,2022,178052.0,12
394843,"McAllen, TX",msa,TX,2023,190457.0,12
394843,"McAllen, TX",msa,TX,2024,194406.0,12
394843,"McAllen, TX",msa,TX,2025,192105.0,12
394843,"McAllen, TX",msa,TX,2026,191508.0,7
394844,"McComb, MS",msa,MS,2009,100661.0,12
394844,"McComb, MS",msa,MS,2010,99263.0,12
394844,"McComb, MS",msa,MS,2011,96275.0,12
394844,"McComb, MS",msa,MS,2012,95210.0,12
394844,"McComb, MS",msa,MS,2013,91939.0,12
394844,"McComb, MS",msa,MS,2014,91940.0,12
394844,"McComb, MS",msa,MS,2015,94723.0,12
394844,"McComb, MS",msa,MS,2016,94927.0,12
394844,"McComb, MS",msa,MS,2017,98787.0,12
394844,"McComb, MS",msa,MS,2018,101828.0,12
394844,"McComb, MS",msa,MS,2019,104224.0,12
394844,"McComb, MS",msa,MS,2020,107955.0,12
394844,"McComb, MS",msa,MS,2021,119553.0,12
394844,"McComb, MS",msa,MS,2022,114416.0,12
394844,"McComb, MS",msa,MS,2023,103856.0,12
394844,"McComb, MS",msa,MS,2024,103282.0,12
394844,"McComb, MS",msa,MS,2025,99686.0,12
394844,"McComb, MS",msa,MS,2026,107870.0,7
394845,"McMinnville, TN",msa,TN,2000,87884.0,12
394845,"McMinnville, TN",msa,TN,2001,91329.0,12
394845,"McMinnville, TN",msa,TN,2002,93725.0,12
394845,"McMinnville, TN",msa,TN,2003,93595.0,12
394845,"McMinnville, TN",msa,TN,2004,96166.0,12
394845,"McMinnville, TN",msa,TN,2005,98285.0,12
394845,"McMinnville, TN",msa,TN,2006,102704.0,12
394845,"McMinnville, TN",msa,TN,2007,106344.0,12
394845,"McMinnville, TN",msa,TN,2008,105202.0,12
394845,"McMinnville, TN",msa,TN,2009,100141.0,12
394845,"McMinnville, TN",msa,TN,2010,99547.0,12
394845,"McMinnville, TN",msa,TN,2011,97626.0,12
394845,"McMinnville, TN",msa,TN,2012,98573.0,12
394845,"McMinnville, TN",msa,TN,2013,100128.0,12
394845,"McMinnville, TN",msa,TN,2014,103575.0,12
394845,"McMinnville, TN",msa,TN,2015,109841.0,12
394845,"McMinnville, TN",msa,TN,2016,119381.0,12
394845,"McMinnville, TN",msa,TN,2017,128336.0,12
394845,"McMinnville, TN",msa,TN,2018,137870.0,12
394845,"McMinnville, TN",msa,TN,2019,158980.0,12
394845,"McMinnville, TN",msa,TN,2020,174788.0,12
394845,"McMinnville, TN",msa,TN,2021,215057.0,12
394845,"McMinnville, TN",msa,TN,2022,229933.0,12
394845,"McMinnville, TN",msa,TN,2023,249292.0,12
394845,"McMinnville, TN",msa,TN,2024,255082.0,12
394845,"McMinnville, TN",msa,TN,2025,254947.0,12
394845,"McMinnville, TN",msa,TN,2026,258317.0,7
394846,"McPherson, KS",msa,KS,2014,136475.0,12
394846,"McPherson, KS",msa,KS,2015,142923.0,12
394846,"McPherson, KS",msa,KS,2016,144486.0,12
394846,"McPherson, KS",msa,KS,2017,148981.0,12
394846,"McPherson, KS",msa,KS,2018,156459.0,12
394846,"McPherson, KS",msa,KS,2019,162791.0,12
394846,"McPherson, KS",msa,KS,2020,176022.0,12
394846,"McPherson, KS",msa,KS,2021,189715.0,12
394846,"McPherson, KS",msa,KS,2022,201276.0,12
394846,"McPherson, KS",msa,KS,2023,207473.0,12
394846,"McPherson, KS",msa,KS,2024,217784.0,12
394846,"McPherson, KS",msa,KS,2025,225706.0,12
394846,"McPherson, KS",msa,KS,2026,227604.0,7
394847,"Meadville, PA",msa,PA,2000,64741.0,12
394847,"Meadville, PA",msa,PA,2001,68779.0,12
394847,"Meadville, PA",msa,PA,2002,73013.0,12
394847,"Meadville, PA",msa,PA,2003,79511.0,12
394847,"Meadville, PA",msa,PA,2004,86527.0,12
394847,"Meadville, PA",msa,PA,2005,92743.0,12
394847,"Meadville, PA",msa,PA,2006,95652.0,12
394847,"Meadville, PA",msa,PA,2007,95844.0,12
394847,"Meadville, PA",msa,PA,2008,91866.0,12
394847,"Meadville, PA",msa,PA,2009,88404.0,12
394847,"Meadville, PA",msa,PA,2010,89846.0,12
394847,"Meadville, PA",msa,PA,2011,88662.0,12
394847,"Meadville, PA",msa,PA,2012,93718.0,12
394847,"Meadville, PA",msa,PA,2013,93844.0,12
394847,"Meadville, PA",msa,PA,2014,102234.0,12
394847,"Meadville, PA",msa,PA,2015,104688.0,12
394847,"Meadville, PA",msa,PA,2016,106473.0,12
394847,"Meadville, PA",msa,PA,2017,113614.0,12
394847,"Meadville, PA",msa,PA,2018,116675.0,12
394847,"Meadville, PA",msa,PA,2019,123009.0,12
394847,"Meadville, PA",msa,PA,2020,136648.0,12
394847,"Meadville, PA",msa,PA,2021,150671.0,12
394847,"Meadville, PA",msa,PA,2022,159706.0,12
394847,"Meadville, PA",msa,PA,2023,157006.0,12
394847,"Meadville, PA",msa,PA,2024,158081.0,12
394847,"Meadville, PA",msa,PA,2025,168492.0,12
394847,"Meadville, PA",msa,PA,2026,172440.0,7
394848,"Medford, OR",msa,OR,2000,164513.0,12
394848,"Medford, OR",msa,OR,2001,177474.0,12
394848,"Medford, OR",msa,OR,2002,191227.0,12
394848,"Medford, OR",msa,OR,2003,217470.0,12
394848,"Medford, OR",msa,OR,2004,258553.0,12
394848,"Medford, OR",msa,OR,2005,316355.0,12
394848,"Medford, OR",msa,OR,2006,332673.0,12
394848,"Medford, OR",msa,OR,2007,306193.0,12
394848,"Medford, OR",msa,OR,2008,263664.0,12
394848,"Medford, OR",msa,OR,2009,234559.0,12
394848,"Medford, OR",msa,OR,2010,221225.0,12
394848,"Medford, OR",msa,OR,2011,193345.0,12
394848,"Medford, OR",msa,OR,2012,195187.0,12
394848,"Medford, OR",msa,OR,2013,220804.0,12
394848,"Medford, OR",msa,OR,2014,239283.0,12
394848,"Medford, OR",msa,OR,2015,260423.0,12
394848,"Medford, OR",msa,OR,2016,284456.0,12
394848,"Medford, OR",msa,OR,2017,308616.0,12
394848,"Medford, OR",msa,OR,2018,325598.0,12
394848,"Medford, OR",msa,OR,2019,333937.0,12
394848,"Medford, OR",msa,OR,2020,364128.0,12
394848,"Medford, OR",msa,OR,2021,425775.0,12
394848,"Medford, OR",msa,OR,2022,437042.0,12
394848,"Medford, OR",msa,OR,2023,432866.0,12
394848,"Medford, OR",msa,OR,2024,439950.0,12
394848,"Medford, OR",msa,OR,2025,440623.0,12
394848,"Medford, OR",msa,OR,2026,441885.0,7
394849,"Memphis, TN",msa,TN,2000,119949.0,12
394849,"Memphis, TN",msa,TN,2001,122765.0,12
394849,"Memphis, TN",msa,TN,2002,124493.0,12
394849,"Memphis, TN",msa,TN,2003,127318.0,12
394849,"Memphis, TN",msa,TN,2004,130348.0,12
394849,"Memphis, TN",msa,TN,2005,135736.0,12
394849,"Memphis, TN",msa,TN,2006,141148.0,12
394849,"Memphis, TN",msa,TN,2007,140259.0,12
394849,"Memphis, TN",msa,TN,2008,127747.0,12
394849,"Memphis, TN",msa,TN,2009,119455.0,12
394849,"Memphis, TN",msa,TN,2010,115603.0,12
394849,"Memphis, TN",msa,TN,2011,110501.0,12
394849,"Memphis, TN",msa,TN,2012,112595.0,12
394849,"Memphis, TN",msa,TN,2013,116701.0,12
394849,"Memphis, TN",msa,TN,2014,123090.0,12
394849,"Memphis, TN",msa,TN,2015,128916.0,12
394849,"Memphis, TN",msa,TN,2016,134777.0,12
394849,"Memphis, TN",msa,TN,2017,144800.0,12
394849,"Memphis, TN",msa,TN,2018,156052.0,12
394849,"Memphis, TN",msa,TN,2019,167710.0,12
394849,"Memphis, TN",msa,TN,2020,188491.0,12
394849,"Memphis, TN",msa,TN,2021,220214.0,12
394849,"Memphis, TN",msa,TN,2022,246168.0,12
394849,"Memphis, TN",msa,TN,2023,244139.0,12
394849,"Memphis, TN",msa,TN,2024,246502.0,12
394849,"Memphis, TN",msa,TN,2025,245532.0,12
394849,"Memphis, TN",msa,TN,2026,246065.0,7
394850,"Menomonie, WI",msa,WI,2009,141999.0,12
394850,"Menomonie, WI",msa,WI,2010,139402.0,12
394850,"Menomonie, WI",msa,WI,2011,134916.0,12
394850,"Menomonie, WI",msa,WI,2012,138778.0,12
394850,"Menomonie, WI",msa,WI,2013,142861.0,12
394850,"Menomonie, WI",msa,WI,2014,150880.0,12
394850,"Menomonie, WI",msa,WI,2015,161555.0,12
394850,"Menomonie, WI",msa,WI,2016,169542.0,12
394850,"Menomonie, WI",msa,WI,2017,181359.0,12
394850,"Menomonie, WI",msa,WI,2018,196115.0,12
394850,"Menomonie, WI",msa,WI,2019,206179.0,12
394850,"Menomonie, WI",msa,WI,2020,230418.0,12
394850,"Menomonie, WI",msa,WI,2021,258057.0,12
394850,"Menomonie, WI",msa,WI,2022,281309.0,12
394850,"Menomonie, WI",msa,WI,2023,291682.0,12
394850,"Menomonie, WI",msa,WI,2024,306598.0,12
394850,"Menomonie, WI",msa,WI,2025,316516.0,12
394850,"Menomonie, WI",msa,WI,2026,318669.0,7
394851,"Merced, CA",msa,CA,2001,165536.0,12
394851,"Merced, CA",msa,CA,2002,192009.0,12
394851,"Merced, CA",msa,CA,2003,222378.0,12
394851,"Merced, CA",msa,CA,2004,274932.0,12
394851,"Merced, CA",msa,CA,2005,367438.0,12
394851,"Merced, CA",msa,CA,2006,370400.0,12
394851,"Merced, CA",msa,CA,2007,288302.0,12
394851,"Merced, CA",msa,CA,2008,157162.0,12
394851,"Merced, CA",msa,CA,2009,118933.0,12
394851,"Merced, CA",msa,CA,2010,130486.0,12
394851,"Merced, CA",msa,CA,2011,123487.0,12
394851,"Merced, CA",msa,CA,2012,132066.0,12
394851,"Merced, CA",msa,CA,2013,166978.0,12
394851,"Merced, CA",msa,CA,2014,193579.0,12
394851,"Merced, CA",msa,CA,2015,211696.0,12
394851,"Merced, CA",msa,CA,2016,230288.0,12
394851,"Merced, CA",msa,CA,2017,255406.0,12
394851,"Merced, CA",msa,CA,2018,277623.0,12
394851,"Merced, CA",msa,CA,2019,296327.0,12
394851,"Merced, CA",msa,CA,2020,323585.0,12
394851,"Merced, CA",msa,CA,2021,392117.0,12
394851,"Merced, CA",msa,CA,2022,414101.0,12
394851,"Merced, CA",msa,CA,2023,414859.0,12
394851,"Merced, CA",msa,CA,2024,429940.0,12
394851,"Merced, CA",msa,CA,2025,421214.0,12
394851,"Merced, CA",msa,CA,2026,419764.0,7
394852,"Meridian, MS",msa,MS,2012,105675.0,12
394852,"Meridian, MS",msa,MS,2013,105640.0,12
394852,"Meridian, MS",msa,MS,2014,110143.0,12
394852,"Meridian, MS",msa,MS,2015,111577.0,12
394852,"Meridian, MS",msa,MS,2016,108022.0,12
394852,"Meridian, MS",msa,MS,2017,100413.0,12
394852,"Meridian, MS",msa,MS,2018,102769.0,12
394852,"Meridian, MS",msa,MS,2019,103664.0,12
394852,"Meridian, MS",msa,MS,2020,109231.0,12
394852,"Meridian, MS",msa,MS,2021,126021.0,12
394852,"Meridian, MS",msa,MS,2022,127706.0,12
394852,"Meridian, MS",msa,MS,2023,120933.0,12
394852,"Meridian, MS",msa,MS,2024,124675.0,12
394852,"Meridian, MS",msa,MS,2025,118161.0,12
394852,"Meridian, MS",msa,MS,2026,120312.0,7
394854,"Mexico, MO",msa,MO,2004,95435.0,12
394854,"Mexico, MO",msa,MO,2005,98856.0,12
394854,"Mexico, MO",msa,MO,2006,101180.0,12
394854,"Mexico, MO",msa,MO,2007,101510.0,12
394854,"Mexico, MO",msa,MO,2008,100031.0,12
394854,"Mexico, MO",msa,MO,2009,96281.0,12
394854,"Mexico, MO",msa,MO,2010,94973.0,12
394854,"Mexico, MO",msa,MO,2011,91266.0,12
394854,"Mexico, MO",msa,MO,2012,92750.0,12
394854,"Mexico, MO",msa,MO,2013,90350.0,12
394854,"Mexico, MO",msa,MO,2014,90139.0,12
394854,"Mexico, MO",msa,MO,2015,95269.0,12
394854,"Mexico, MO",msa,MO,2016,95042.0,12
394854,"Mexico, MO",msa,MO,2017,99093.0,12
394854,"Mexico, MO",msa,MO,2018,102540.0,12
394854,"Mexico, MO",msa,MO,2019,114105.0,12
394854,"Mexico, MO",msa,MO,2020,125034.0,12
394854,"Mexico, MO",msa,MO,2021,140035.0,12
394854,"Mexico, MO",msa,MO,2022,152982.0,12
394854,"Mexico, MO",msa,MO,2023,158197.0,12
394854,"Mexico, MO",msa,MO,2024,166523.0,12
394854,"Mexico, MO",msa,MO,2025,183522.0,12
394854,"Mexico, MO",msa,MO,2026,191509.0,7
394856,"Miami, FL",msa,FL,2000,123158.0,12
394856,"Miami, FL",msa,FL,2001,139608.0,12
394856,"Miami, FL",msa,FL,2002,158183.0,12
394856,"Miami, FL",msa,FL,2003,182831.0,12
394856,"Miami, FL",msa,FL,2004,219354.0,12
394856,"Miami, FL",msa,FL,2005,278803.0,12
394856,"Miami, FL",msa,FL,2006,312683.0,12
394856,"Miami, FL",msa,FL,2007,280377.0,12
394856,"Miami, FL",msa,FL,2008,210494.0,12
394856,"Miami, FL",msa,FL,2009,170214.0,12
394856,"Miami, FL",msa,FL,2010,158245.0,12
394856,"Miami, FL",msa,FL,2011,149769.0,12
394856,"Miami, FL",msa,FL,2012,159533.0,12
394856,"Miami, FL",msa,FL,2013,190707.0,12
394856,"Miami, FL",msa,FL,2014,215346.0,12
394856,"Miami, FL",msa,FL,2015,237927.0,12
394856,"Miami, FL",msa,FL,2016,258031.0,12
394856,"Miami, FL",msa,FL,2017,278224.0,12
394856,"Miami, FL",msa,FL,2018,295906.0,12
394856,"Miami, FL",msa,FL,2019,305566.0,12
394856,"Miami, FL",msa,FL,2020,328096.0,12
394856,"Miami, FL",msa,FL,2021,387618.0,12
394856,"Miami, FL",msa,FL,2022,462888.0,12
394856,"Miami, FL",msa,FL,2023,491502.0,12
394856,"Miami, FL",msa,FL,2024,500479.0,12
394856,"Miami, FL",msa,FL,2025,477089.0,12
394856,"Miami, FL",msa,FL,2026,477769.0,7
394855,"Miami, OK",msa,OK,2000,50438.0,12
394855,"Miami, OK",msa,OK,2001,52895.0,12
394855,"Miami, OK",msa,OK,2002,54792.0,12
394855,"Miami, OK",msa,OK,2003,56541.0,12
394855,"Miami, OK",msa,OK,2004,58741.0,12
394855,"Miami, OK",msa,OK,2005,61525.0,12
394855,"Miami, OK",msa,OK,2006,64765.0,12
394855,"Miami, OK",msa,OK,2007,68752.0,12
394855,"Miami, OK",msa,OK,2008,77607.0,12
394855,"Miami, OK",msa,OK,2009,80791.0,12
394855,"Miami, OK",msa,OK,2010,75153.0,12
394855,"Miami, OK",msa,OK,2011,72510.0,12
394855,"Miami, OK",msa,OK,2012,76250.0,12
394855,"Miami, OK",msa,OK,2013,81224.0,12
394855,"Miami, OK",msa,OK,2014,78946.0,12
394855,"Miami, OK",msa,OK,2015,77553.0,12
394855,"Miami, OK",msa,OK,2016,80276.0,12
394855,"Miami, OK",msa,OK,2017,87518.0,12
394855,"Miami, OK",msa,OK,2018,90055.0,12
394855,"Miami, OK",msa,OK,2019,92314.0,12
394855,"Miami, OK",msa,OK,2020,101873.0,12
394855,"Miami, OK",msa,OK,2021,122152.0,12
394855,"Miami, OK",msa,OK,2022,129799.0,12
394855,"Miami, OK",msa,OK,2023,131097.0,12
394855,"Miami, OK",msa,OK,2024,145198.0,12
394855,"Miami, OK",msa,OK,2025,135573.0,12
394855,"Miami, OK",msa,OK,2026,142254.0,7
394857,"Michigan City, IN",msa,IN,2009,123197.0,12
394857,"Michigan City, IN",msa,IN,2010,123023.0,12
394857,"Michigan City, IN",msa,IN,2011,121307.0,12
394857,"Michigan City, IN",msa,IN,2012,121871.0,12
394857,"Michigan City, IN",msa,IN,2013,126204.0,12
394857,"Michigan City, IN",msa,IN,2014,126724.0,12
394857,"Michigan City, IN",msa,IN,2015,132334.0,12
394857,"Michigan City, IN",msa,IN,2016,133808.0,12
394857,"Michigan City, IN",msa,IN,2017,141015.0,12
394857,"Michigan City, IN",msa,IN,2018,151183.0,12
394857,"Michigan City, IN",msa,IN,2019,160227.0,12
394857,"Michigan City, IN",msa,IN,2020,176125.0,12
394857,"Michigan City, IN",msa,IN,2021,200178.0,12
394857,"Michigan City, IN",msa,IN,2022,221002.0,12
394857,"Michigan City, IN",msa,IN,2023,231428.0,12
394857,"Michigan City, IN",msa,IN,2024,246262.0,12
394857,"Michigan City, IN",msa,IN,2025,256419.0,12
394857,"Michigan City, IN",msa,IN,2026,262733.0,7
394858,"Middlesborough, KY",msa,KY,2009,101940.0,12
394858,"Middlesborough, KY",msa,KY,2010,99206.0,12
394858,"Middlesborough, KY",msa,KY,2011,94933.0,12
394858,"Middlesborough, KY",msa,KY,2012,104096.0,12
394858,"Middlesborough, KY",msa,KY,2013,104744.0,12
394858,"Middlesborough, KY",msa,KY,2014,105180.0,12
394858,"Middlesborough, KY",msa,KY,2015,110596.0,12
394858,"Middlesborough, KY",msa,KY,2016,105697.0,12
394858,"Middlesborough, KY",msa,KY,2017,100217.0,12
394858,"Middlesborough, KY",msa,KY,2018,108245.0,12
394858,"Middlesborough, KY",msa,KY,2019,113810.0,12
394858,"Middlesborough, KY",msa,KY,2020,124243.0,12
394858,"Middlesborough, KY",msa,KY,2021,118061.0,12
394858,"Middlesborough, KY",msa,KY,2022,125683.0,12
394858,"Middlesborough, KY",msa,KY,2023,114253.0,12
394858,"Middlesborough, KY",msa,KY,2024,116670.0,12
394858,"Middlesborough, KY",msa,KY,2025,94519.0,12
394858,"Middlesborough, KY",msa,KY,2026,92564.0,7
394859,"Midland, MI",msa,MI,2000,115873.0,12
394859,"Midland, MI",msa,MI,2001,121533.0,12
394859,"Midland, MI",msa,MI,2002,128229.0,12
394859,"Midland, MI",msa,MI,2003,133364.0,12
394859,"Midland, MI",msa,MI,2004,134203.0,12
394859,"Midland, MI",msa,MI,2005,133484.0,12
394859,"Midland, MI",msa,MI,2006,137450.0,12
394859,"Midland, MI",msa,MI,2007,135960.0,12
394859,"Midland, MI",msa,MI,2008,127853.0,12
394859,"Midland, MI",msa,MI,2009,117459.0,12
394859,"Midland, MI",msa,MI,2010,116407.0,12
394859,"Midland, MI",msa,MI,2011,115828.0,12
394859,"Midland, MI",msa,MI,2012,122630.0,12
394859,"Midland, MI",msa,MI,2013,128730.0,12
394859,"Midland, MI",msa,MI,2014,127440.0,12
394859,"Midland, MI",msa,MI,2015,136421.0,12
394859,"Midland, MI",msa,MI,2016,137654.0,12
394859,"Midland, MI",msa,MI,2017,141086.0,12
394859,"Midland, MI",msa,MI,2018,141945.0,12
394859,"Midland, MI",msa,MI,2019,161838.0,12
394859,"Midland, MI",msa,MI,2020,175879.0,12
394859,"Midland, MI",msa,MI,2021,193589.0,12
394859,"Midland, MI",msa,MI,2022,210577.0,12
394859,"Midland, MI",msa,MI,2023,220579.0,12
394859,"Midland, MI",msa,MI,2024,233114.0,12
394859,"Midland, MI",msa,MI,2025,242029.0,12
394859,"Midland, MI",msa,MI,2026,252945.0,7
394860,"Midland, TX",msa,TX,2009,159991.0,12
394860,"Midland, TX",msa,TX,2010,161039.0,12
394860,"Midland, TX",msa,TX,2011,168873.0,12
394860,"Midland, TX",msa,TX,2012,191080.0,12
394860,"Midland, TX",msa,TX,2013,214105.0,12
394860,"Midland, TX",msa,TX,2014,230334.0,12
394860,"Midland, TX",msa,TX,2015,229423.0,12
394860,"Midland, TX",msa,TX,2016,220282.0,12
394860,"Midland, TX",msa,TX,2017,230101.0,12
394860,"Midland, TX",msa,TX,2018,264794.0,12
394860,"Midland, TX",msa,TX,2019,291630.0,12
394860,"Midland, TX",msa,TX,2020,291217.0,12
394860,"Midland, TX",msa,TX,2021,289906.0,12
394860,"Midland, TX",msa,TX,2022,294466.0,12
394860,"Midland, TX",msa,TX,2023,304482.0,12
394860,"Midland, TX",msa,TX,2024,318811.0,12
394860,"Midland, TX",msa,TX,2025,330020.0,12
394860,"Midland, TX",msa,TX,2026,332760.0,7
394861,"Milledgeville, GA",msa,GA,2008,129152.0,12
394861,"Milledgeville, GA",msa,GA,2009,120347.0,12
394861,"Milledgeville, GA",msa,GA,2010,110926.0,12
394861,"Milledgeville, GA",msa,GA,2011,102965.0,12
394861,"Milledgeville, GA",msa,GA,2012,109472.0,12
394861,"Milledgeville, GA",msa,GA,2013,112358.0,12
394861,"Milledgeville, GA",msa,GA,2014,114206.0,12
394861,"Milledgeville, GA",msa,GA,2015,125365.0,12
394861,"Milledgeville, GA",msa,GA,2016,125809.0,12
394861,"Milledgeville, GA",msa,GA,2017,129037.0,12
394861,"Milledgeville, GA",msa,GA,2018,139445.0,12
394861,"Milledgeville, GA",msa,GA,2019,148040.0,12
394861,"Milledgeville, GA",msa,GA,2020,169643.0,12
394861,"Milledgeville, GA",msa,GA,2021,197207.0,12
394861,"Milledgeville, GA",msa,GA,2022,210021.0,12
394861,"Milledgeville, GA",msa,GA,2023,213366.0,12
394861,"Milledgeville, GA",msa,GA,2024,220033.0,12
394861,"Milledgeville, GA",msa,GA,2025,227918.0,12
394861,"Milledgeville, GA",msa,GA,2026,231764.0,7
394862,"Milwaukee, WI",msa,WI,2000,155382.0,12
394862,"Milwaukee, WI",msa,WI,2001,165905.0,12
394862,"Milwaukee, WI",msa,WI,2002,176456.0,12
394862,"Milwaukee, WI",msa,WI,2003,192163.0,12
394862,"Milwaukee, WI",msa,WI,2004,209821.0,12
394862,"Milwaukee, WI",msa,WI,2005,227274.0,12
394862,"Milwaukee, WI",msa,WI,2006,231334.0,12
394862,"Milwaukee, WI",msa,WI,2007,230348.0,12
394862,"Milwaukee, WI",msa,WI,2008,215684.0,12
394862,"Milwaukee, WI",msa,WI,2009,206054.0,12
394862,"Milwaukee, WI",msa,WI,2010,195779.0,12
394862,"Milwaukee, WI",msa,WI,2011,181998.0,12
394862,"Milwaukee, WI",msa,WI,2012,181545.0,12
394862,"Milwaukee, WI",msa,WI,2013,190453.0,12
394862,"Milwaukee, WI",msa,WI,2014,196299.0,12
394862,"Milwaukee, WI",msa,WI,2015,204961.0,12
394862,"Milwaukee, WI",msa,WI,2016,216935.0,12
394862,"Milwaukee, WI",msa,WI,2017,228594.0,12
394862,"Milwaukee, WI",msa,WI,2018,241191.0,12
394862,"Milwaukee, WI",msa,WI,2019,254792.0,12
394862,"Milwaukee, WI",msa,WI,2020,277547.0,12
394862,"Milwaukee, WI",msa,WI,2021,299586.0,12
394862,"Milwaukee, WI",msa,WI,2022,321207.0,12
394862,"Milwaukee, WI",msa,WI,2023,348111.0,12
394862,"Milwaukee, WI",msa,WI,2024,366797.0,12
394862,"Milwaukee, WI",msa,WI,2025,383341.0,12
394862,"Milwaukee, WI",msa,WI,2026,393208.0,7
394864,"Mineral Wells, TX",msa,TX,2009,131853.0,12
394864,"Mineral Wells, TX",msa,TX,2010,130079.0,12
394864,"Mineral Wells, TX",msa,TX,2011,129731.0,12
394864,"Mineral Wells, TX",msa,TX,2012,131495.0,12
394864,"Mineral Wells, TX",msa,TX,2013,143861.0,12
394864,"Mineral Wells, TX",msa,TX,2014,148814.0,12
394864,"Mineral Wells, TX",msa,TX,2015,153445.0,12
394864,"Mineral Wells, TX",msa,TX,2016,157063.0,12
394864,"Mineral Wells, TX",msa,TX,2017,162558.0,12
394864,"Mineral Wells, TX",msa,TX,2018,178081.0,12
394864,"Mineral Wells, TX",msa,TX,2019,195627.0,12
394864,"Mineral Wells, TX",msa,TX,2020,219921.0,12
394864,"Mineral Wells, TX",msa,TX,2021,275274.0,12
394864,"Mineral Wells, TX",msa,TX,2022,300132.0,12
394864,"Mineral Wells, TX",msa,TX,2023,287189.0,12
394864,"Mineral Wells, TX",msa,TX,2024,287818.0,12
394864,"Mineral Wells, TX",msa,TX,2025,287234.0,12
394864,"Mineral Wells, TX",msa,TX,2026,288926.0,7
394865,"Minneapolis, MN",msa,MN,2000,165962.0,12
394865,"Minneapolis, MN",msa,MN,2001,188444.0,12
394865,"Minneapolis, MN",msa,MN,2002,205393.0,12
394865,"Minneapolis, MN",msa,MN,2003,223352.0,12
394865,"Minneapolis, MN",msa,MN,2004,241070.0,12
394865,"Minneapolis, MN",msa,MN,2005,255488.0,12
394865,"Minneapolis, MN",msa,MN,2006,256392.0,12
394865,"Minneapolis, MN",msa,MN,2007,247249.0,12
394865,"Minneapolis, MN",msa,MN,2008,220401.0,12
394865,"Minneapolis, MN",msa,MN,2009,206645.0,12
394865,"Minneapolis, MN",msa,MN,2010,197892.0,12
394865,"Minneapolis, MN",msa,MN,2011,178133.0,12
394865,"Minneapolis, MN",msa,MN,2012,191963.0,12
394865,"Minneapolis, MN",msa,MN,2013,213881.0,12
394865,"Minneapolis, MN",msa,MN,2014,224309.0,12
394865,"Minneapolis, MN",msa,MN,2015,238321.0,12
394865,"Minneapolis, MN",msa,MN,2016,253677.0,12
394865,"Minneapolis, MN",msa,MN,2017,271247.0,12
394865,"Minneapolis, MN",msa,MN,2018,288144.0,12
394865,"Minneapolis, MN",msa,MN,2019,300513.0,12
394865,"Minneapolis, MN",msa,MN,2020,324542.0,12
394865,"Minneapolis, MN",msa,MN,2021,359940.0,12
394865,"Minneapolis, MN",msa,MN,2022,375352.0,12
394865,"Minneapolis, MN",msa,MN,2023,379382.0,12
394865,"Minneapolis, MN",msa,MN,2024,386329.0,12
394865,"Minneapolis, MN",msa,MN,2025,393328.0,12
394865,"Minneapolis, MN",msa,MN,2026,394711.0,7
394866,"Minot, ND",msa,ND,2009,185156.0,12
394866,"Minot, ND",msa,ND,2010,195738.0,12
394866,"Minot, ND",msa,ND,2011,207382.0,12
394866,"Minot, ND",msa,ND,2012,244637.0,12
394866,"Minot, ND",msa,ND,2013,261942.0,12
394866,"Minot, ND",msa,ND,2014,261991.0,12
394866,"Minot, ND",msa,ND,2015,259791.0,12
394866,"Minot, ND",msa,ND,2016,237280.0,12
394866,"Minot, ND",msa,ND,2017,223546.0,12
394866,"Minot, ND",msa,ND,2018,201782.0,12
394866,"Minot, ND",msa,ND,2019,200289.0,12
394866,"Minot, ND",msa,ND,2020,210603.0,12
394866,"Minot, ND",msa,ND,2021,221768.0,12
394866,"Minot, ND",msa,ND,2022,238710.0,12
394866,"Minot, ND",msa,ND,2023,249097.0,12
394866,"Minot, ND",msa,ND,2024,260673.0,12
394866,"Minot, ND",msa,ND,2025,267063.0,12
394866,"Minot, ND",msa,ND,2026,272133.0,7
394867,"Missoula, MT",msa,MT,2005,211936.0,12
394867,"Missoula, MT",msa,MT,2006,228557.0,12
394867,"Missoula, MT",msa,MT,2007,241441.0,12
394867,"Missoula, MT",msa,MT,2008,240754.0,12
394867,"Missoula, MT",msa,MT,2009,230940.0,12
394867,"Missoula, MT",msa,MT,2010,225713.0,12
394867,"Missoula, MT",msa,MT,2011,216988.0,12
394867,"Missoula, MT",msa,MT,2012,235363.0,12
394867,"Missoula, MT",msa,MT,2013,246722.0,12
394867,"Missoula, MT",msa,MT,2014,255356.0,12
394867,"Missoula, MT",msa,MT,2015,270379.0,12
394867,"Missoula, MT",msa,MT,2016,283117.0,12
394867,"Missoula, MT",msa,MT,2017,302255.0,12
394867,"Missoula, MT",msa,MT,2018,315822.0,12
394867,"Missoula, MT",msa,MT,2019,333737.0,12
394867,"Missoula, MT",msa,MT,2020,383292.0,12
394867,"Missoula, MT",msa,MT,2021,494728.0,12
394867,"Missoula, MT",msa,MT,2022,538112.0,12
394867,"Missoula, MT",msa,MT,2023,557863.0,12
394867,"Missoula, MT",msa,MT,2024,576237.0,12
394867,"Missoula, MT",msa,MT,2025,580624.0,12
394867,"Missoula, MT",msa,MT,2026,580178.0,7
394868,"Mitchell, SD",msa,SD,2014,149299.0,12
394868,"Mitchell, SD",msa,SD,2015,151327.0,12
394868,"Mitchell, SD",msa,SD,2016,160710.0,12
394868,"Mitchell, SD",msa,SD,2017,169284.0,12
394868,"Mitchell, SD",msa,SD,2018,171830.0,12
394868,"Mitchell, SD",msa,SD,2019,176983.0,12
394868,"Mitchell, SD",msa,SD,2020,185693.0,12
394868,"Mitchell, SD",msa,SD,2021,214858.0,12
394868,"Mitchell, SD",msa,SD,2022,234156.0,12
394868,"Mitchell, SD",msa,SD,2023,243487.0,12
394868,"Mitchell, SD",msa,SD,2024,250031.0,12
394868,"Mitchell, SD",msa,SD,2025,261698.0,12
394868,"Mitchell, SD",msa,SD,2026,264026.0,7
394869,"Moberly, MO",msa,MO,2012,87981.0,12
394869,"Moberly, MO",msa,MO,2013,87843.0,12
394869,"Moberly, MO",msa,MO,2014,89859.0,12
394869,"Moberly, MO",msa,MO,2015,90829.0,12
394869,"Moberly, MO",msa,MO,2016,93537.0,12
394869,"Moberly, MO",msa,MO,2017,100038.0,12
394869,"Moberly, MO",msa,MO,2018,104749.0,12
394869,"Moberly, MO",msa,MO,2019,111192.0,12
394869,"Moberly, MO",msa,MO,2020,125241.0,12
394869,"Moberly, MO",msa,MO,2021,138951.0,12
394869,"Moberly, MO",msa,MO,2022,150316.0,12
394869,"Moberly, MO",msa,MO,2023,157041.0,12
394869,"Moberly, MO",msa,MO,2024,167386.0,12
394869,"Moberly, MO",msa,MO,2025,177702.0,12
394869,"Moberly, MO",msa,MO,2026,182109.0,7
394870,"Mobile, AL",msa,AL,2000,97225.0,12
394870,"Mobile, AL",msa,AL,2001,101954.0,12
394870,"Mobile, AL",msa,AL,2002,102491.0,12
394870,"Mobile, AL",msa,AL,2003,103943.0,12
394870,"Mobile, AL",msa,AL,2004,107472.0,12
394870,"Mobile, AL",msa,AL,2005,115721.0,12
394870,"Mobile, AL",msa,AL,2006,134119.0,12
394870,"Mobile, AL",msa,AL,2007,140732.0,12
394870,"Mobile, AL",msa,AL,2008,144006.0,12
394870,"Mobile, AL",msa,AL,2009,133310.0,12
394870,"Mobile, AL",msa,AL,2010,121359.0,12
394870,"Mobile, AL",msa,AL,2011,109160.0,12
394870,"Mobile, AL",msa,AL,2012,106208.0,12
394870,"Mobile, AL",msa,AL,2013,108188.0,12
394870,"Mobile, AL",msa,AL,2014,108922.0,12
394870,"Mobile, AL",msa,AL,2015,112462.0,12
394870,"Mobile, AL",msa,AL,2016,118527.0,12
394870,"Mobile, AL",msa,AL,2017,122964.0,12
394870,"Mobile, AL",msa,AL,2018,128749.0,12
394870,"Mobile, AL",msa,AL,2019,139126.0,12
394870,"Mobile, AL",msa,AL,2020,151758.0,12
394870,"Mobile, AL",msa,AL,2021,173172.0,12
394870,"Mobile, AL",msa,AL,2022,186321.0,12
394870,"Mobile, AL",msa,AL,2023,192535.0,12
394870,"Mobile, AL",msa,AL,2024,198696.0,12
394870,"Mobile, AL",msa,AL,2025,195409.0,12
394870,"Mobile, AL",msa,AL,2026,197652.0,7
394871,"Modesto, CA",msa,CA,2000,157900.0,12
394871,"Modesto, CA",msa,CA,2001,194186.0,12
394871,"Modesto, CA",msa,CA,2002,219595.0,12
394871,"Modesto, CA",msa,CA,2003,255727.0,12
394871,"Modesto, CA",msa,CA,2004,310305.0,12
394871,"Modesto, CA",msa,CA,2005,392711.0,12
394871,"Modesto, CA",msa,CA,2006,397012.0,12
394871,"Modesto, CA",msa,CA,2007,320463.0,12
394871,"Modesto, CA",msa,CA,2008,188266.0,12
394871,"Modesto, CA",msa,CA,2009,151389.0,12
394871,"Modesto, CA",msa,CA,2010,151251.0,12
394871,"Modesto, CA",msa,CA,2011,137529.0,12
394871,"Modesto, CA",msa,CA,2012,149029.0,12
394871,"Modesto, CA",msa,CA,2013,196287.0,12
394871,"Modesto, CA",msa,CA,2014,225943.0,12
394871,"Modesto, CA",msa,CA,2015,248897.0,12
394871,"Modesto, CA",msa,CA,2016,270718.0,12
394871,"Modesto, CA",msa,CA,2017,295690.0,12
394871,"Modesto, CA",msa,CA,2018,317123.0,12
394871,"Modesto, CA",msa,CA,2019,333272.0,12
394871,"Modesto, CA",msa,CA,2020,367949.0,12
394871,"Modesto, CA",msa,CA,2021,432527.0,12
394871,"Modesto, CA",msa,CA,2022,451988.0,12
394871,"Modesto, CA",msa,CA,2023,458542.0,12
394871,"Modesto, CA",msa,CA,2024,473598.0,12
394871,"Modesto, CA",msa,CA,2025,468738.0,12
394871,"Modesto, CA",msa,CA,2026,467989.0,7
394872,"Monroe, LA",msa,LA,2000,81144.0,12
394872,"Monroe, LA",msa,LA,2001,85381.0,12
394872,"Monroe, LA",msa,LA,2002,89481.0,12
394872,"Monroe, LA",msa,LA,2003,93793.0,12
394872,"Monroe, LA",msa,LA,2004,99015.0,12
394872,"Monroe, LA",msa,LA,2005,103073.0,12
394872,"Monroe, LA",msa,LA,2006,106974.0,12
394872,"Monroe, LA",msa,LA,2007,107596.0,12
394872,"Monroe, LA",msa,LA,2008,107580.0,12
394872,"Monroe, LA",msa,LA,2009,109450.0,12
394872,"Monroe, LA",msa,LA,2010,112264.0,12
394872,"Monroe, LA",msa,LA,2011,107453.0,12
394872,"Monroe, LA",msa,LA,2012,109234.0,12
394872,"Monroe, LA",msa,LA,2013,121596.0,12
394872,"Monroe, LA",msa,LA,2014,126687.0,12
394872,"Monroe, LA",msa,LA,2015,133308.0,12
394872,"Monroe, LA",msa,LA,2016,137841.0,12
394872,"Monroe, LA",msa,LA,2017,136768.0,12
394872,"Monroe, LA",msa,LA,2018,137774.0,12
394872,"Monroe, LA",msa,LA,2019,140409.0,12
394872,"Monroe, LA",msa,LA,2020,146970.0,12
394872,"Monroe, LA",msa,LA,2021,152722.0,12
394872,"Monroe, LA",msa,LA,2022,166534.0,12
394872,"Monroe, LA",msa,LA,2023,163824.0,12
394872,"Monroe, LA",msa,LA,2024,168459.0,12
394872,"Monroe, LA",msa,LA,2025,163280.0,12
394872,"Monroe, LA",msa,LA,2026,167253.0,7
394873,"Monroe, MI",msa,MI,2000,158603.0,12
394873,"Monroe, MI",msa,MI,2001,163202.0,12
394873,"Monroe, MI",msa,MI,2002,170078.0,12
394873,"Monroe, MI",msa,MI,2003,174973.0,12
394873,"Monroe, MI",msa,MI,2004,181930.0,12
394873,"Monroe, MI",msa,MI,2005,186336.0,12
394873,"Monroe, MI",msa,MI,2006,183564.0,12
394873,"Monroe, MI",msa,MI,2007,163829.0,12
394873,"Monroe, MI",msa,MI,2008,138343.0,12
394873,"Monroe, MI",msa,MI,2009,120681.0,12
394873,"Monroe, MI",msa,MI,2010,139733.0,12
394873,"Monroe, MI",msa,MI,2011,119248.0,12
394873,"Monroe, MI",msa,MI,2012,122826.0,12
394873,"Monroe, MI",msa,MI,2013,134551.0,12
394873,"Monroe, MI",msa,MI,2014,146731.0,12
394873,"Monroe, MI",msa,MI,2015,158441.0,12
394873,"Monroe, MI",msa,MI,2016,163729.0,12
394873,"Monroe, MI",msa,MI,2017,171249.0,12
394873,"Monroe, MI",msa,MI,2018,180520.0,12
394873,"Monroe, MI",msa,MI,2019,186726.0,12
394873,"Monroe, MI",msa,MI,2020,203639.0,12
394873,"Monroe, MI",msa,MI,2021,217452.0,12
394873,"Monroe, MI",msa,MI,2022,231932.0,12
394873,"Monroe, MI",msa,MI,2023,244238.0,12
394873,"Monroe, MI",msa,MI,2024,252602.0,12
394873,"Monroe, MI",msa,MI,2025,266957.0,12
394873,"Monroe, MI",msa,MI,2026,275037.0,7
394875,"Montgomery, AL",msa,AL,2000,121762.0,12
394875,"Montgomery, AL",msa,AL,2001,121995.0,12
394875,"Montgomery, AL",msa,AL,2002,123004.0,12
394875,"Montgomery, AL",msa,AL,2003,125079.0,12
394875,"Montgomery, AL",msa,AL,2004,129803.0,12
394875,"Montgomery, AL",msa,AL,2005,138841.0,12
394875,"Montgomery, AL",msa,AL,2006,148309.0,12
394875,"Montgomery, AL",msa,AL,2007,153989.0,12
394875,"Montgomery, AL",msa,AL,2008,152597.0,12
394875,"Montgomery, AL",msa,AL,2009,144985.0,12
394875,"Montgomery, AL",msa,AL,2010,138073.0,12
394875,"Montgomery, AL",msa,AL,2011,133794.0,12
394875,"Montgomery, AL",msa,AL,2012,132004.0,12
394875,"Montgomery, AL",msa,AL,2013,134735.0,12
394875,"Montgomery, AL",msa,AL,2014,135846.0,12
394875,"Montgomery, AL",msa,AL,2015,137140.0,12
394875,"Montgomery, AL",msa,AL,2016,138359.0,12
394875,"Montgomery, AL",msa,AL,2017,140310.0,12
394875,"Montgomery, AL",msa,AL,2018,142615.0,12
394875,"Montgomery, AL",msa,AL,2019,150301.0,12
394875,"Montgomery, AL",msa,AL,2020,160445.0,12
394875,"Montgomery, AL",msa,AL,2021,179532.0,12
394875,"Montgomery, AL",msa,AL,2022,195747.0,12
394875,"Montgomery, AL",msa,AL,2023,200454.0,12
394875,"Montgomery, AL",msa,AL,2024,206208.0,12
394875,"Montgomery, AL",msa,AL,2025,210922.0,12
394875,"Montgomery, AL",msa,AL,2026,214925.0,7
394876,"Montrose, CO",msa,CO,2000,136265.0,12
394876,"Montrose, CO",msa,CO,2001,144318.0,12
394876,"Montrose, CO",msa,CO,2002,149067.0,12
394876,"Montrose, CO",msa,CO,2003,153184.0,12
394876,"Montrose, CO",msa,CO,2004,160773.0,12
394876,"Montrose, CO",msa,CO,2005,168991.0,8
394876,"Montrose, CO",msa,CO,2006,205344.0,12
394876,"Montrose, CO",msa,CO,2007,210012.0,12
394876,"Montrose, CO",msa,CO,2008,206795.0,12
394876,"Montrose, CO",msa,CO,2009,200207.0,12
394876,"Montrose, CO",msa,CO,2010,195546.0,12
394876,"Montrose, CO",msa,CO,2011,191406.0,12
394876,"Montrose, CO",msa,CO,2012,197850.0,12
394876,"Montrose, CO",msa,CO,2013,208697.0,12
394876,"Montrose, CO",msa,CO,2014,215769.0,12
394876,"Montrose, CO",msa,CO,2015,235189.0,12
394876,"Montrose, CO",msa,CO,2016,251600.0,12
394876,"Montrose, CO",msa,CO,2017,270679.0,12
394876,"Montrose, CO",msa,CO,2018,295205.0,12
394876,"Montrose, CO",msa,CO,2019,315499.0,12
394876,"Montrose, CO",msa,CO,2020,345205.0,12
394876,"Montrose, CO",msa,CO,2021,417494.0,12
394876,"Montrose, CO",msa,CO,2022,459174.0,12
394876,"Montrose, CO",msa,CO,2023,470295.0,12
394876,"Montrose, CO",msa,CO,2024,489236.0,12
394876,"Montrose, CO",msa,CO,2025,498331.0,12
394876,"Montrose, CO",msa,CO,2026,501316.0,7
394877,"Morehead City, NC",msa,NC,2000,147655.0,12
394877,"Morehead City, NC",msa,NC,2001,153171.0,12
394877,"Morehead City, NC",msa,NC,2002,159616.0,12
394877,"Morehead City, NC",msa,NC,2003,172049.0,12
394877,"Morehead City, NC",msa,NC,2004,189994.0,12
394877,"Morehead City, NC",msa,NC,2005,243387.0,12
394877,"Morehead City, NC",msa,NC,2006,282032.0,12
394877,"Morehead City, NC",msa,NC,2007,280440.0,12
394877,"Morehead City, NC",msa,NC,2008,258106.0,12
394877,"Morehead City, NC",msa,NC,2009,245552.0,12
394877,"Morehead City, NC",msa,NC,2010,240259.0,12
394877,"Morehead City, NC",msa,NC,2011,232446.0,12
394877,"Morehead City, NC",msa,NC,2012,230942.0,12
394877,"Morehead City, NC",msa,NC,2013,234346.0,12
394877,"Morehead City, NC",msa,NC,2014,234670.0,12
394877,"Morehead City, NC",msa,NC,2015,242918.0,12
394877,"Morehead City, NC",msa,NC,2016,253506.0,12
394877,"Morehead City, NC",msa,NC,2017,261150.0,12
394877,"Morehead City, NC",msa,NC,2018,272097.0,12
394877,"Morehead City, NC",msa,NC,2019,284032.0,12
394877,"Morehead City, NC",msa,NC,2020,312848.0,12
394877,"Morehead City, NC",msa,NC,2021,377657.0,12
394877,"Morehead City, NC",msa,NC,2022,431705.0,12
394877,"Morehead City, NC",msa,NC,2023,453246.0,12
394877,"Morehead City, NC",msa,NC,2024,463312.0,12
394877,"Morehead City, NC",msa,NC,2025,467040.0,12
394877,"Morehead City, NC",msa,NC,2026,473886.0,7
394878,"Morgan City, LA",msa,LA,2015,140293.0,12
394878,"Morgan City, LA",msa,LA,2016,138826.0,12
394878,"Morgan City, LA",msa,LA,2017,137076.0,12
394878,"Morgan City, LA",msa,LA,2018,129952.0,12
394878,"Morgan City, LA",msa,LA,2019,128634.0,12
394878,"Morgan City, LA",msa,LA,2020,139926.0,12
394878,"Morgan City, LA",msa,LA,2021,135054.0,12
394878,"Morgan City, LA",msa,LA,2022,136677.0,12
394878,"Morgan City, LA",msa,LA,2023,135937.0,12
394878,"Morgan City, LA",msa,LA,2024,135690.0,12
394878,"Morgan City, LA",msa,LA,2025,121449.0,12
394878,"Morgan City, LA",msa,LA,2026,121355.0,7
394879,"Morgantown, WV",msa,WV,2000,106321.0,12
394879,"Morgantown, WV",msa,WV,2001,111226.0,12
394879,"Morgantown, WV",msa,WV,2002,115712.0,12
394879,"Morgantown, WV",msa,WV,2003,121052.0,12
394879,"Morgantown, WV",msa,WV,2004,131588.0,12
394879,"Morgantown, WV",msa,WV,2005,148798.0,12
394879,"Morgantown, WV",msa,WV,2006,157570.0,12
394879,"Morgantown, WV",msa,WV,2007,147723.0,12
394879,"Morgantown, WV",msa,WV,2008,145721.0,12
394879,"Morgantown, WV",msa,WV,2009,137839.0,12
394879,"Morgantown, WV",msa,WV,2010,138116.0,12
394879,"Morgantown, WV",msa,WV,2011,138102.0,12
394879,"Morgantown, WV",msa,WV,2012,147515.0,12
394879,"Morgantown, WV",msa,WV,2013,150985.0,12
394879,"Morgantown, WV",msa,WV,2014,158527.0,12
394879,"Morgantown, WV",msa,WV,2015,166447.0,12
394879,"Morgantown, WV",msa,WV,2016,165679.0,12
394879,"Morgantown, WV",msa,WV,2017,168089.0,12
394879,"Morgantown, WV",msa,WV,2018,171444.0,12
394879,"Morgantown, WV",msa,WV,2019,170521.0,12
394879,"Morgantown, WV",msa,WV,2020,184213.0,12
394879,"Morgantown, WV",msa,WV,2021,195143.0,12
394879,"Morgantown, WV",msa,WV,2022,204864.0,12
394879,"Morgantown, WV",msa,WV,2023,211247.0,12
394879,"Morgantown, WV",msa,WV,2024,218777.0,12
394879,"Morgantown, WV",msa,WV,2025,221480.0,12
394879,"Morgantown, WV",msa,WV,2026,228100.0,7
394880,"Morristown, TN",msa,TN,2000,100006.0,12
394880,"Morristown, TN",msa,TN,2001,104356.0,12
394880,"Morristown, TN",msa,TN,2002,104780.0,12
394880,"Morristown, TN",msa,TN,2003,107239.0,12
394880,"Morristown, TN",msa,TN,2004,111577.0,12
394880,"Morristown, TN",msa,TN,2005,120568.0,12
394880,"Morristown, TN",msa,TN,2006,130814.0,12
394880,"Morristown, TN",msa,TN,2007,135744.0,12
394880,"Morristown, TN",msa,TN,2008,135721.0,12
394880,"Morristown, TN",msa,TN,2009,128359.0,12
394880,"Morristown, TN",msa,TN,2010,128813.0,12
394880,"Morristown, TN",msa,TN,2011,121036.0,12
394880,"Morristown, TN",msa,TN,2012,125921.0,12
394880,"Morristown, TN",msa,TN,2013,128875.0,12
394880,"Morristown, TN",msa,TN,2014,130144.0,12
394880,"Morristown, TN",msa,TN,2015,139289.0,12
394880,"Morristown, TN",msa,TN,2016,146349.0,12
394880,"Morristown, TN",msa,TN,2017,155201.0,12
394880,"Morristown, TN",msa,TN,2018,162594.0,12
394880,"Morristown, TN",msa,TN,2019,182773.0,12
394880,"Morristown, TN",msa,TN,2020,194341.0,12
394880,"Morristown, TN",msa,TN,2021,230797.0,12
394880,"Morristown, TN",msa,TN,2022,253367.0,12
394880,"Morristown, TN",msa,TN,2023,275832.0,12
394880,"Morristown, TN",msa,TN,2024,291497.0,12
394880,"Morristown, TN",msa,TN,2025,295735.0,12
394880,"Morristown, TN",msa,TN,2026,301469.0,7
394881,"Moscow, ID",msa,ID,2009,251108.0,12
394881,"Moscow, ID",msa,ID,2010,231277.0,12
394881,"Moscow, ID",msa,ID,2011,223304.0,12
394881,"Moscow, ID",msa,ID,2012,236569.0,12
394881,"Moscow, ID",msa,ID,2013,237762.0,12
394881,"Moscow, ID",msa,ID,2014,239817.0,12
394881,"Moscow, ID",msa,ID,2015,250422.0,12
394881,"Moscow, ID",msa,ID,2016,250694.0,12
394881,"Moscow, ID",msa,ID,2017,261035.0,12
394881,"Moscow, ID",msa,ID,2018,280802.0,12
394881,"Moscow, ID",msa,ID,2019,309630.0,12
394881,"Moscow, ID",msa,ID,2020,344137.0,12
394881,"Moscow, ID",msa,ID,2021,425306.0,12
394881,"Moscow, ID",msa,ID,2022,449213.0,12
394881,"Moscow, ID",msa,ID,2023,453453.0,12
394881,"Moscow, ID",msa,ID,2024,471582.0,12
394881,"Moscow, ID",msa,ID,2025,478266.0,12
394881,"Moscow, ID",msa,ID,2026,480343.0,7
394882,"Moses Lake, WA",msa,WA,2009,173418.0,12
394882,"Moses Lake, WA",msa,WA,2010,165704.0,12
394882,"Moses Lake, WA",msa,WA,2011,158944.0,12
394882,"Moses Lake, WA",msa,WA,2012,162388.0,12
394882,"Moses Lake, WA",msa,WA,2013,163871.0,12
394882,"Moses Lake, WA",msa,WA,2014,162637.0,12
394882,"Moses Lake, WA",msa,WA,2015,174012.0,12
394882,"Moses Lake, WA",msa,WA,2016,178367.0,12
394882,"Moses Lake, WA",msa,WA,2017,190537.0,12
394882,"Moses Lake, WA",msa,WA,2018,211223.0,12
394882,"Moses Lake, WA",msa,WA,2019,232474.0,12
394882,"Moses Lake, WA",msa,WA,2020,264484.0,12
394882,"Moses Lake, WA",msa,WA,2021,325344.0,12
394882,"Moses Lake, WA",msa,WA,2022,349836.0,12
394882,"Moses Lake, WA",msa,WA,2023,353691.0,12
394882,"Moses Lake, WA",msa,WA,2024,364616.0,12
394882,"Moses Lake, WA",msa,WA,2025,365369.0,12
394882,"Moses Lake, WA",msa,WA,2026,363092.0,7
394883,"Moultrie, GA",msa,GA,2000,83146.0,12
394883,"Moultrie, GA",msa,GA,2001,90101.0,12
394883,"Moultrie, GA",msa,GA,2002,94048.0,12
394883,"Moultrie, GA",msa,GA,2003,96724.0,12
394883,"Moultrie, GA",msa,GA,2004,101348.0,12
394883,"Moultrie, GA",msa,GA,2005,107385.0,12
394883,"Moultrie, GA",msa,GA,2006,112539.0,12
394883,"Moultrie, GA",msa,GA,2007,114721.0,12
394883,"Moultrie, GA",msa,GA,2008,112261.0,12
394883,"Moultrie, GA",msa,GA,2009,104234.0,12
394883,"Moultrie, GA",msa,GA,2010,99606.0,12
394883,"Moultrie, GA",msa,GA,2011,93885.0,12
394883,"Moultrie, GA",msa,GA,2012,96645.0,12
394883,"Moultrie, GA",msa,GA,2013,99945.0,12
394883,"Moultrie, GA",msa,GA,2014,97715.0,12
394883,"Moultrie, GA",msa,GA,2015,101669.0,12
394883,"Moultrie, GA",msa,GA,2016,99020.0,12
394883,"Moultrie, GA",msa,GA,2017,102854.0,12
394883,"Moultrie, GA",msa,GA,2018,109051.0,12
394883,"Moultrie, GA",msa,GA,2019,118021.0,12
394883,"Moultrie, GA",msa,GA,2020,127279.0,12
394883,"Moultrie, GA",msa,GA,2021,147625.0,12
394883,"Moultrie, GA",msa,GA,2022,142757.0,12
394883,"Moultrie, GA",msa,GA,2023,150657.0,12
394883,"Moultrie, GA",msa,GA,2024,158874.0,12
394883,"Moultrie, GA",msa,GA,2025,161674.0,12
394883,"Moultrie, GA",msa,GA,2026,168569.0,7
394884,"Mount Airy, NC",msa,NC,2009,114462.0,12
394884,"Mount Airy, NC",msa,NC,2010,115662.0,12
394884,"Mount Airy, NC",msa,NC,2011,115941.0,12
394884,"Mount Airy, NC",msa,NC,2012,115746.0,12
394884,"Mount Airy, NC",msa,NC,2013,113500.0,12
394884,"Mount Airy, NC",msa,NC,2014,115612.0,12
394884,"Mount Airy, NC",msa,NC,2015,120431.0,12
394884,"Mount Airy, NC",msa,NC,2016,123721.0,12
394884,"Mount Airy, NC",msa,NC,2017,127386.0,12
394884,"Mount Airy, NC",msa,NC,2018,134650.0,12
394884,"Mount Airy, NC",msa,NC,2019,139467.0,12
394884,"Mount Airy, NC",msa,NC,2020,161071.0,12
394884,"Mount Airy, NC",msa,NC,2021,186879.0,12
394884,"Mount Airy, NC",msa,NC,2022,210491.0,12
394884,"Mount Airy, NC",msa,NC,2023,224917.0,12
394884,"Mount Airy, NC",msa,NC,2024,236469.0,12
394884,"Mount Airy, NC",msa,NC,2025,236045.0,12
394884,"Mount Airy, NC",msa,NC,2026,242771.0,7
394885,"Mount Pleasant, MI",msa,MI,2012,110780.0,12
394885,"Mount Pleasant, MI",msa,MI,2013,118903.0,12
394885,"Mount Pleasant, MI",msa,MI,2014,129223.0,12
394885,"Mount Pleasant, MI",msa,MI,2015,132591.0,12
394885,"Mount Pleasant, MI",msa,MI,2016,132759.0,12
394885,"Mount Pleasant, MI",msa,MI,2017,140991.0,12
394885,"Mount Pleasant, MI",msa,MI,2018,144949.0,12
394885,"Mount Pleasant, MI",msa,MI,2019,160397.0,12
394885,"Mount Pleasant, MI",msa,MI,2020,174648.0,12
394885,"Mount Pleasant, MI",msa,MI,2021,196921.0,12
394885,"Mount Pleasant, MI",msa,MI,2022,207492.0,12
394885,"Mount Pleasant, MI",msa,MI,2023,211377.0,12
394885,"Mount Pleasant, MI",msa,MI,2024,219136.0,12
394885,"Mount Pleasant, MI",msa,MI,2025,223422.0,12
394885,"Mount Pleasant, MI",msa,MI,2026,234220.0,7
394886,"Mount Pleasant, TX",msa,TX,2009,106886.0,12
394886,"Mount Pleasant, TX",msa,TX,2010,105634.0,12
394886,"Mount Pleasant, TX",msa,TX,2011,104146.0,12
394886,"Mount Pleasant, TX",msa,TX,2012,106230.0,12
394886,"Mount Pleasant, TX",msa,TX,2013,113190.0,12
394886,"Mount Pleasant, TX",msa,TX,2014,120103.0,12
394886,"Mount Pleasant, TX",msa,TX,2015,128704.0,12
394886,"Mount Pleasant, TX",msa,TX,2016,136714.0,12
394886,"Mount Pleasant, TX",msa,TX,2017,145336.0,12
394886,"Mount Pleasant, TX",msa,TX,2018,151428.0,12
394886,"Mount Pleasant, TX",msa,TX,2019,162542.0,12
394886,"Mount Pleasant, TX",msa,TX,2020,181303.0,12
394886,"Mount Pleasant, TX",msa,TX,2021,219769.0,12
394886,"Mount Pleasant, TX",msa,TX,2022,230661.0,12
394886,"Mount Pleasant, TX",msa,TX,2023,235580.0,12
394886,"Mount Pleasant, TX",msa,TX,2024,231355.0,12
394886,"Mount Pleasant, TX",msa,TX,2025,223369.0,12
394886,"Mount Pleasant, TX",msa,TX,2026,223594.0,7
394887,"Mount Sterling, KY",msa,KY,2000,83171.0,12
394887,"Mount Sterling, KY",msa,KY,2001,89135.0,12
394887,"Mount Sterling, KY",msa,KY,2002,93223.0,12
394887,"Mount Sterling, KY",msa,KY,2003,98166.0,12
394887,"Mount Sterling, KY",msa,KY,2004,103771.0,12
394887,"Mount Sterling, KY",msa,KY,2005,100202.0,12
394887,"Mount Sterling, KY",msa,KY,2006,102240.0,12
394887,"Mount Sterling, KY",msa,KY,2007,103623.0,12
394887,"Mount Sterling, KY",msa,KY,2008,103123.0,12
394887,"Mount Sterling, KY",msa,KY,2009,101861.0,12
394887,"Mount Sterling, KY",msa,KY,2010,101182.0,12
394887,"Mount Sterling, KY",msa,KY,2011,95839.0,12
394887,"Mount Sterling, KY",msa,KY,2012,96251.0,12
394887,"Mount Sterling, KY",msa,KY,2013,101082.0,12
394887,"Mount Sterling, KY",msa,KY,2014,103854.0,12
394887,"Mount Sterling, KY",msa,KY,2015,113512.0,12
394887,"Mount Sterling, KY",msa,KY,2016,117733.0,12
394887,"Mount Sterling, KY",msa,KY,2017,121416.0,12
394887,"Mount Sterling, KY",msa,KY,2018,124666.0,12
394887,"Mount Sterling, KY",msa,KY,2019,134105.0,12
394887,"Mount Sterling, KY",msa,KY,2020,149874.0,12
394887,"Mount Sterling, KY",msa,KY,2021,166416.0,12
394887,"Mount Sterling, KY",msa,KY,2022,185880.0,12
394887,"Mount Sterling, KY",msa,KY,2023,188888.0,12
394887,"Mount Sterling, KY",msa,KY,2024,192137.0,12
394887,"Mount Sterling, KY",msa,KY,2025,196695.0,12
394887,"Mount Sterling, KY",msa,KY,2026,198481.0,7
394888,"Mount Vernon, IL",msa,IL,2009,116225.0,12
394888,"Mount Vernon, IL",msa,IL,2010,119076.0,12
394888,"Mount Vernon, IL",msa,IL,2011,114585.0,12
394888,"Mount Vernon, IL",msa,IL,2012,131931.0,12
394888,"Mount Vernon, IL",msa,IL,2013,172948.0,12
394888,"Mount Vernon, IL",msa,IL,2014,186688.0,12
394888,"Mount Vernon, IL",msa,IL,2015,194771.0,12
394888,"Mount Vernon, IL",msa,IL,2016,137490.0,12
394888,"Mount Vernon, IL",msa,IL,2017,118851.0,12
394888,"Mount Vernon, IL",msa,IL,2018,109024.0,12
394888,"Mount Vernon, IL",msa,IL,2019,120908.0,12
394888,"Mount Vernon, IL",msa,IL,2020,122539.0,12
394888,"Mount Vernon, IL",msa,IL,2021,125284.0,12
394888,"Mount Vernon, IL",msa,IL,2022,134752.0,12
394888,"Mount Vernon, IL",msa,IL,2023,134956.0,12
394888,"Mount Vernon, IL",msa,IL,2024,136278.0,12
394888,"Mount Vernon, IL",msa,IL,2025,142543.0,12
394888,"Mount Vernon, IL",msa,IL,2026,148119.0,7
394889,"Mount Vernon, OH",msa,OH,2009,94805.0,12
394889,"Mount Vernon, OH",msa,OH,2010,93254.0,12
394889,"Mount Vernon, OH",msa,OH,2011,92234.0,12
394889,"Mount Vernon, OH",msa,OH,2012,93153.0,12
394889,"Mount Vernon, OH",msa,OH,2013,98868.0,12
394889,"Mount Vernon, OH",msa,OH,2014,108395.0,12
394889,"Mount Vernon, OH",msa,OH,2015,134198.0,12
394889,"Mount Vernon, OH",msa,OH,2016,147272.0,12
394889,"Mount Vernon, OH",msa,OH,2017,155696.0,12
394889,"Mount Vernon, OH",msa,OH,2018,166979.0,12
394889,"Mount Vernon, OH",msa,OH,2019,173182.0,12
394889,"Mount Vernon, OH",msa,OH,2020,195812.0,12
394889,"Mount Vernon, OH",msa,OH,2021,220006.0,12
394889,"Mount Vernon, OH",msa,OH,2022,240860.0,12
394889,"Mount Vernon, OH",msa,OH,2023,255256.0,12
394889,"Mount Vernon, OH",msa,OH,2024,271775.0,12
394889,"Mount Vernon, OH",msa,OH,2025,286141.0,12
394889,"Mount Vernon, OH",msa,OH,2026,291786.0,7
394890,"Mount Vernon, WA",msa,WA,2000,162653.0,12
394890,"Mount Vernon, WA",msa,WA,2001,170517.0,12
394890,"Mount Vernon, WA",msa,WA,2002,174858.0,12
394890,"Mount Vernon, WA",msa,WA,2003,185443.0,12
394890,"Mount Vernon, WA",msa,WA,2004,202598.0,12
394890,"Mount Vernon, WA",msa,WA,2005,243410.0,12
394890,"Mount Vernon, WA",msa,WA,2006,280765.0,12
394890,"Mount Vernon, WA",msa,WA,2007,291545.0,12
394890,"Mount Vernon, WA",msa,WA,2008,274345.0,12
394890,"Mount Vernon, WA",msa,WA,2009,244518.0,12
394890,"Mount Vernon, WA",msa,WA,2010,230804.0,12
394890,"Mount Vernon, WA",msa,WA,2011,218120.0,12
394890,"Mount Vernon, WA",msa,WA,2012,219054.0,12
394890,"Mount Vernon, WA",msa,WA,2013,233996.0,12
394890,"Mount Vernon, WA",msa,WA,2014,244269.0,12
394890,"Mount Vernon, WA",msa,WA,2015,271482.0,12
394890,"Mount Vernon, WA",msa,WA,2016,300320.0,12
394890,"Mount Vernon, WA",msa,WA,2017,331603.0,12
394890,"Mount Vernon, WA",msa,WA,2018,363171.0,12
394890,"Mount Vernon, WA",msa,WA,2019,388406.0,12
394890,"Mount Vernon, WA",msa,WA,2020,444945.0,12
394890,"Mount Vernon, WA",msa,WA,2021,526446.0,12
394890,"Mount Vernon, WA",msa,WA,2022,549763.0,12
394890,"Mount Vernon, WA",msa,WA,2023,557539.0,12
394890,"Mount Vernon, WA",msa,WA,2024,582108.0,12
394890,"Mount Vernon, WA",msa,WA,2025,590097.0,12
394890,"Mount Vernon, WA",msa,WA,2026,587718.0,7
394891,"Mountain Home, AR",msa,AR,2000,96789.0,12
394891,"Mountain Home, AR",msa,AR,2001,100492.0,12
394891,"Mountain Home, AR",msa,AR,2002,103256.0,12
394891,"Mountain Home, AR",msa,AR,2003,107496.0,12
394891,"Mountain Home, AR",msa,AR,2004,113116.0,12
394891,"Mountain Home, AR",msa,AR,2005,127330.0,12
394891,"Mountain Home, AR",msa,AR,2006,143332.0,12
394891,"Mountain Home, AR",msa,AR,2007,146948.0,12
394891,"Mountain Home, AR",msa,AR,2008,146198.0,12
394891,"Mountain Home, AR",msa,AR,2009,141131.0,12
394891,"Mountain Home, AR",msa,AR,2010,139050.0,12
394891,"Mountain Home, AR",msa,AR,2011,138708.0,12
394891,"Mountain Home, AR",msa,AR,2012,132058.0,12
394891,"Mountain Home, AR",msa,AR,2013,133520.0,12
394891,"Mountain Home, AR",msa,AR,2014,137251.0,12
394891,"Mountain Home, AR",msa,AR,2015,140718.0,12
394891,"Mountain Home, AR",msa,AR,2016,144283.0,12
394891,"Mountain Home, AR",msa,AR,2017,147930.0,12
394891,"Mountain Home, AR",msa,AR,2018,153146.0,12
394891,"Mountain Home, AR",msa,AR,2019,161713.0,12
394891,"Mountain Home, AR",msa,AR,2020,171802.0,12
394891,"Mountain Home, AR",msa,AR,2021,204533.0,12
394891,"Mountain Home, AR",msa,AR,2022,214982.0,12
394891,"Mountain Home, AR",msa,AR,2023,223746.0,12
394891,"Mountain Home, AR",msa,AR,2024,231072.0,12
394891,"Mountain Home, AR",msa,AR,2025,233774.0,12
394891,"Mountain Home, AR",msa,AR,2026,233602.0,7
394892,"Mountain Home, ID",msa,ID,2006,151527.0,12
394892,"Mountain Home, ID",msa,ID,2007,154676.0,12
394892,"Mountain Home, ID",msa,ID,2008,149905.0,12
394892,"Mountain Home, ID",msa,ID,2009,136034.0,12
394892,"Mountain Home, ID",msa,ID,2010,125051.0,12
394892,"Mountain Home, ID",msa,ID,2011,117141.0,12
394892,"Mountain Home, ID",msa,ID,2012,116719.0,12
394892,"Mountain Home, ID",msa,ID,2013,122543.0,12
394892,"Mountain Home, ID",msa,ID,2014,121837.0,12
394892,"Mountain Home, ID",msa,ID,2015,129782.0,12
394892,"Mountain Home, ID",msa,ID,2016,137409.0,12
394892,"Mountain Home, ID",msa,ID,2017,151099.0,12
394892,"Mountain Home, ID",msa,ID,2018,173466.0,12
394892,"Mountain Home, ID",msa,ID,2019,200798.0,12
394892,"Mountain Home, ID",msa,ID,2020,247481.0,12
394892,"Mountain Home, ID",msa,ID,2021,329287.0,12
394892,"Mountain Home, ID",msa,ID,2022,334951.0,12
394892,"Mountain Home, ID",msa,ID,2023,338265.0,12
394892,"Mountain Home, ID",msa,ID,2024,352585.0,12
394892,"Mountain Home, ID",msa,ID,2025,356750.0,12
394892,"Mountain Home, ID",msa,ID,2026,360857.0,7
394893,"Muncie, IN",msa,IN,2009,77890.0,12
394893,"Muncie, IN",msa,IN,2010,76314.0,12
394893,"Muncie, IN",msa,IN,2011,74843.0,12
394893,"Muncie, IN",msa,IN,2012,75909.0,12
394893,"Muncie, IN",msa,IN,2013,76795.0,12
394893,"Muncie, IN",msa,IN,2014,78013.0,12
394893,"Muncie, IN",msa,IN,2015,78713.0,12
394893,"Muncie, IN",msa,IN,2016,84089.0,12
394893,"Muncie, IN",msa,IN,2017,87988.0,12
394893,"Muncie, IN",msa,IN,2018,94088.0,12
394893,"Muncie, IN",msa,IN,2019,97040.0,12
394893,"Muncie, IN",msa,IN,2020,110553.0,12
394893,"Muncie, IN",msa,IN,2021,126609.0,12
394893,"Muncie, IN",msa,IN,2022,139723.0,12
394893,"Muncie, IN",msa,IN,2023,147167.0,12
394893,"Muncie, IN",msa,IN,2024,159752.0,12
394893,"Muncie, IN",msa,IN,2025,165854.0,12
394893,"Muncie, IN",msa,IN,2026,172537.0,7
394894,"Murray, KY",msa,KY,2000,65233.0,12
394894,"Murray, KY",msa,KY,2001,67220.0,12
394894,"Murray, KY",msa,KY,2002,68779.0,12
394894,"Murray, KY",msa,KY,2003,71858.0,12
394894,"Murray, KY",msa,KY,2004,75542.0,12
394894,"Murray, KY",msa,KY,2005,79767.0,12
394894,"Murray, KY",msa,KY,2006,82999.0,12
394894,"Murray, KY",msa,KY,2007,85651.0,12
394894,"Murray, KY",msa,KY,2008,85870.0,12
394894,"Murray, KY",msa,KY,2009,85272.0,12
394894,"Murray, KY",msa,KY,2010,85883.0,12
394894,"Murray, KY",msa,KY,2011,88084.0,12
394894,"Murray, KY",msa,KY,2012,93216.0,12
394894,"Murray, KY",msa,KY,2013,95515.0,12
394894,"Murray, KY",msa,KY,2014,95374.0,12
394894,"Murray, KY",msa,KY,2015,97047.0,12
394894,"Murray, KY",msa,KY,2016,102813.0,12
394894,"Murray, KY",msa,KY,2017,116768.0,12
394894,"Murray, KY",msa,KY,2018,136287.0,12
394894,"Murray, KY",msa,KY,2019,138989.0,12
394894,"Murray, KY",msa,KY,2020,187015.0,12
394894,"Murray, KY",msa,KY,2021,214585.0,12
394894,"Murray, KY",msa,KY,2022,252396.0,12
394894,"Murray, KY",msa,KY,2023,223530.0,12
394894,"Murray, KY",msa,KY,2024,231393.0,12
394894,"Murray, KY",msa,KY,2025,187325.0,12
394894,"Murray, KY",msa,KY,2026,180312.0,7
394895,"Muscatine, IA",msa,IA,2009,108737.0,12
394895,"Muscatine, IA",msa,IA,2010,108497.0,12
394895,"Muscatine, IA",msa,IA,2011,107906.0,12
394895,"Muscatine, IA",msa,IA,2012,115623.0,12
394895,"Muscatine, IA",msa,IA,2013,120866.0,12
394895,"Muscatine, IA",msa,IA,2014,116992.0,12
394895,"Muscatine, IA",msa,IA,2015,129609.0,12
394895,"Muscatine, IA",msa,IA,2016,132241.0,12
394895,"Muscatine, IA",msa,IA,2017,137048.0,12
394895,"Muscatine, IA",msa,IA,2018,141507.0,12
394895,"Muscatine, IA",msa,IA,2019,146579.0,12
394895,"Muscatine, IA",msa,IA,2020,156193.0,12
394895,"Muscatine, IA",msa,IA,2021,170905.0,12
394895,"Muscatine, IA",msa,IA,2022,183571.0,12
394895,"Muscatine, IA",msa,IA,2023,185158.0,12
394895,"Muscatine, IA",msa,IA,2024,191132.0,12
394895,"Muscatine, IA",msa,IA,2025,203374.0,12
394895,"Muscatine, IA",msa,IA,2026,208070.0,7
394896,"Muskegon, MI",msa,MI,2000,95897.0,12
394896,"Muskegon, MI",msa,MI,2001,99485.0,12
394896,"Muskegon, MI",msa,MI,2002,101957.0,12
394896,"Muskegon, MI",msa,MI,2003,104009.0,12
394896,"Muskegon, MI",msa,MI,2004,109392.0,12
394896,"Muskegon, MI",msa,MI,2005,110394.0,12
394896,"Muskegon, MI",msa,MI,2006,110425.0,12
394896,"Muskegon, MI",msa,MI,2007,105926.0,12
394896,"Muskegon, MI",msa,MI,2008,100373.0,12
394896,"Muskegon, MI",msa,MI,2009,92292.0,12
394896,"Muskegon, MI",msa,MI,2010,87116.0,12
394896,"Muskegon, MI",msa,MI,2011,81112.0,12
394896,"Muskegon, MI",msa,MI,2012,83282.0,12
394896,"Muskegon, MI",msa,MI,2013,93627.0,12
394896,"Muskegon, MI",msa,MI,2014,97933.0,12
394896,"Muskegon, MI",msa,MI,2015,106637.0,12
394896,"Muskegon, MI",msa,MI,2016,118207.0,12
394896,"Muskegon, MI",msa,MI,2017,131689.0,12
394896,"Muskegon, MI",msa,MI,2018,142983.0,12
394896,"Muskegon, MI",msa,MI,2019,157615.0,12
394896,"Muskegon, MI",msa,MI,2020,178169.0,12
394896,"Muskegon, MI",msa,MI,2021,205622.0,12
394896,"Muskegon, MI",msa,MI,2022,226180.0,12
394896,"Muskegon, MI",msa,MI,2023,233043.0,12
394896,"Muskegon, MI",msa,MI,2024,245328.0,12
394896,"Muskegon, MI",msa,MI,2025,253914.0,12
394896,"Muskegon, MI",msa,MI,2026,259410.0,7
394897,"Muskogee, OK",msa,OK,2000,73273.0,12
394897,"Muskogee, OK",msa,OK,2001,76813.0,12
394897,"Muskogee, OK",msa,OK,2002,79206.0,12
394897,"Muskogee, OK",msa,OK,2003,81819.0,12
394897,"Muskogee, OK",msa,OK,2004,84960.0,12
394897,"Muskogee, OK",msa,OK,2005,88876.0,12
394897,"Muskogee, OK",msa,OK,2006,92324.0,12
394897,"Muskogee, OK",msa,OK,2007,95445.0,12
394897,"Muskogee, OK",msa,OK,2008,98167.0,10
394897,"Muskogee, OK",msa,OK,2009,89167.0,12
394897,"Muskogee, OK",msa,OK,2010,88822.0,12
394897,"Muskogee, OK",msa,OK,2011,87161.0,12
394897,"Muskogee, OK",msa,OK,2012,85139.0,12
394897,"Muskogee, OK",msa,OK,2013,82511.0,12
394897,"Muskogee, OK",msa,OK,2014,80911.0,12
394897,"Muskogee, OK",msa,OK,2015,87147.0,12
394897,"Muskogee, OK",msa,OK,2016,89948.0,12
394897,"Muskogee, OK",msa,OK,2017,89490.0,12
394897,"Muskogee, OK",msa,OK,2018,92756.0,12
394897,"Muskogee, OK",msa,OK,2019,98950.0,12
394897,"Muskogee, OK",msa,OK,2020,111698.0,12
394897,"Muskogee, OK",msa,OK,2021,130666.0,12
394897,"Muskogee, OK",msa,OK,2022,143570.0,12
394897,"Muskogee, OK",msa,OK,2023,149253.0,12
394897,"Muskogee, OK",msa,OK,2024,158649.0,12
394897,"Muskogee, OK",msa,OK,2025,154454.0,12
394897,"Muskogee, OK",msa,OK,2026,159231.0,7
394898,"Myrtle Beach, SC",msa,SC,2001,145117.0,12
394898,"Myrtle Beach, SC",msa,SC,2002,147577.0,12
394898,"Myrtle Beach, SC",msa,SC,2003,153748.0,12
394898,"Myrtle Beach, SC",msa,SC,2004,171278.0,12
394898,"Myrtle Beach, SC",msa,SC,2005,209299.0,12
394898,"Myrtle Beach, SC",msa,SC,2006,241964.0,12
394898,"Myrtle Beach, SC",msa,SC,2007,233920.0,12
394898,"Myrtle Beach, SC",msa,SC,2008,209852.0,12
394898,"Myrtle Beach, SC",msa,SC,2009,182347.0,12
394898,"Myrtle Beach, SC",msa,SC,2010,169052.0,12
394898,"Myrtle Beach, SC",msa,SC,2011,160112.0,12
394898,"Myrtle Beach, SC",msa,SC,2012,164033.0,12
394898,"Myrtle Beach, SC",msa,SC,2013,172519.0,12
394898,"Myrtle Beach, SC",msa,SC,2014,179581.0,12
394898,"Myrtle Beach, SC",msa,SC,2015,186467.0,12
394898,"Myrtle Beach, SC",msa,SC,2016,192917.0,12
394898,"Myrtle Beach, SC",msa,SC,2017,201844.0,12
394898,"Myrtle Beach, SC",msa,SC,2018,212695.0,12
394898,"Myrtle Beach, SC",msa,SC,2019,223688.0,12
394898,"Myrtle Beach, SC",msa,SC,2020,242548.0,12
394898,"Myrtle Beach, SC",msa,SC,2021,296237.0,12
394898,"Myrtle Beach, SC",msa,SC,2022,346433.0,12
394898,"Myrtle Beach, SC",msa,SC,2023,350584.0,12
394898,"Myrtle Beach, SC",msa,SC,2024,348431.0,12
394898,"Myrtle Beach, SC",msa,SC,2025,340547.0,12
394898,"Myrtle Beach, SC",msa,SC,2026,342010.0,7
394899,"Nacogdoches, TX",msa,TX,2009,133717.0,12
394899,"Nacogdoches, TX",msa,TX,2010,131879.0,12
394899,"Nacogdoches, TX",msa,TX,2011,130870.0,12
394899,"Nacogdoches, TX",msa,TX,2012,132738.0,12
394899,"Nacogdoches, TX",msa,TX,2013,132055.0,12
394899,"Nacogdoches, TX",msa,TX,2014,136828.0,12
394899,"Nacogdoches, TX",msa,TX,2015,142469.0,12
394899,"Nacogdoches, TX",msa,TX,2016,143639.0,12
394899,"Nacogdoches, TX",msa,TX,2017,146223.0,12
394899,"Nacogdoches, TX",msa,TX,2018,148861.0,12
394899,"Nacogdoches, TX",msa,TX,2019,162636.0,12
394899,"Nacogdoches, TX",msa,TX,2020,172647.0,12
394899,"Nacogdoches, TX",msa,TX,2021,199269.0,12
394899,"Nacogdoches, TX",msa,TX,2022,209814.0,12
394899,"Nacogdoches, TX",msa,TX,2023,214505.0,12
394899,"Nacogdoches, TX",msa,TX,2024,213846.0,12
394899,"Nacogdoches, TX",msa,TX,2025,215361.0,12
394899,"Nacogdoches, TX",msa,TX,2026,224613.0,7
394900,"Napa, CA",msa,CA,2000,299765.0,12
394900,"Napa, CA",msa,CA,2001,349562.0,12
394900,"Napa, CA",msa,CA,2002,395461.0,12
394900,"Napa, CA",msa,CA,2003,464521.0,12
394900,"Napa, CA",msa,CA,2004,541205.0,12
394900,"Napa, CA",msa,CA,2005,632967.0,12
394900,"Napa, CA",msa,CA,2006,637149.0,12
394900,"Napa, CA",msa,CA,2007,590227.0,12
394900,"Napa, CA",msa,CA,2008,515558.0,12
394900,"Napa, CA",msa,CA,2009,419553.0,12
394900,"Napa, CA",msa,CA,2010,419060.0,12
394900,"Napa, CA",msa,CA,2011,366215.0,12
394900,"Napa, CA",msa,CA,2012,404666.0,12
394900,"Napa, CA",msa,CA,2013,490631.0,12
394900,"Napa, CA",msa,CA,2014,537671.0,12
394900,"Napa, CA",msa,CA,2015,595901.0,12
394900,"Napa, CA",msa,CA,2016,639955.0,12
394900,"Napa, CA",msa,CA,2017,680374.0,12
394900,"Napa, CA",msa,CA,2018,710337.0,12
394900,"Napa, CA",msa,CA,2019,726636.0,12
394900,"Napa, CA",msa,CA,2020,776398.0,12
394900,"Napa, CA",msa,CA,2021,868648.0,12
394900,"Napa, CA",msa,CA,2022,904685.0,12
394900,"Napa, CA",msa,CA,2023,927639.0,12
394900,"Napa, CA",msa,CA,2024,926831.0,12
394900,"Napa, CA",msa,CA,2025,890045.0,12
394900,"Napa, CA",msa,CA,2026,882040.0,7
394901,"Naples, FL",msa,FL,2000,194645.0,12
394901,"Naples, FL",msa,FL,2001,217105.0,12
394901,"Naples, FL",msa,FL,2002,237166.0,12
394901,"Naples, FL",msa,FL,2003,262284.0,12
394901,"Naples, FL",msa,FL,2004,308215.0,12
394901,"Naples, FL",msa,FL,2005,416528.0,12
394901,"Naples, FL",msa,FL,2006,458285.0,12
394901,"Naples, FL",msa,FL,2007,375984.0,12
394901,"Naples, FL",msa,FL,2008,309241.0,12
394901,"Naples, FL",msa,FL,2009,260827.0,12
394901,"Naples, FL",msa,FL,2010,247322.0,12
394901,"Naples, FL",msa,FL,2011,234741.0,12
394901,"Naples, FL",msa,FL,2012,239850.0,12
394901,"Naples, FL",msa,FL,2013,269669.0,12
394901,"Naples, FL",msa,FL,2014,299263.0,12
394901,"Naples, FL",msa,FL,2015,338011.0,12
394901,"Naples, FL",msa,FL,2016,353240.0,12
394901,"Naples, FL",msa,FL,2017,352459.0,12
394901,"Naples, FL",msa,FL,2018,360164.0,12
394901,"Naples, FL",msa,FL,2019,361816.0,12
394901,"Naples, FL",msa,FL,2020,381453.0,12
394901,"Naples, FL",msa,FL,2021,504088.0,12
394901,"Naples, FL",msa,FL,2022,616138.0,12
394901,"Naples, FL",msa,FL,2023,627483.0,12
394901,"Naples, FL",msa,FL,2024,604465.0,12
394901,"Naples, FL",msa,FL,2025,560452.0,12
394901,"Naples, FL",msa,FL,2026,553831.0,7
394902,"Nashville, TN",msa,TN,2000,149475.0,12
394902,"Nashville, TN",msa,TN,2001,153745.0,12
394902,"Nashville, TN",msa,TN,2002,157240.0,12
394902,"Nashville, TN",msa,TN,2003,161064.0,12
394902,"Nashville, TN",msa,TN,2004,167487.0,12
394902,"Nashville, TN",msa,TN,2005,179513.0,12
394902,"Nashville, TN",msa,TN,2006,191945.0,12
394902,"Nashville, TN",msa,TN,2007,196791.0,12
394902,"Nashville, TN",msa,TN,2008,191685.0,12
394902,"Nashville, TN",msa,TN,2009,183807.0,12
394902,"Nashville, TN",msa,TN,2010,179069.0,12
394902,"Nashville, TN",msa,TN,2011,172071.0,12
394902,"Nashville, TN",msa,TN,2012,176996.0,12
394902,"Nashville, TN",msa,TN,2013,188286.0,12
394902,"Nashville, TN",msa,TN,2014,200809.0,12
394902,"Nashville, TN",msa,TN,2015,224842.0,12
394902,"Nashville, TN",msa,TN,2016,251074.0,12
394902,"Nashville, TN",msa,TN,2017,275355.0,12
394902,"Nashville, TN",msa,TN,2018,293245.0,12
394902,"Nashville, TN",msa,TN,2019,306159.0,12
394902,"Nashville, TN",msa,TN,2020,332224.0,12
394902,"Nashville, TN",msa,TN,2021,402555.0,12
394902,"Nashville, TN",msa,TN,2022,454839.0,12
394902,"Nashville, TN",msa,TN,2023,453036.0,12
394902,"Nashville, TN",msa,TN,2024,460097.0,12
394902,"Nashville, TN",msa,TN,2025,458743.0,12
394902,"Nashville, TN",msa,TN,2026,455444.0,7
394903,"Natchez, MS",msa,LA,2007,108312.0,12
394903,"Natchez, MS",msa,LA,2008,108759.0,12
394903,"Natchez, MS",msa,LA,2009,107015.0,12
394903,"Natchez, MS",msa,LA,2010,107044.0,12
394903,"Natchez, MS",msa,LA,2011,111370.0,12
394903,"Natchez, MS",msa,LA,2012,112774.0,12
394903,"Natchez, MS",msa,LA,2013,111700.0,12
394903,"Natchez, MS",msa,LA,2014,116232.0,12
394903,"Natchez, MS",msa,LA,2015,125898.0,12
394903,"Natchez, MS",msa,LA,2016,127510.0,12
394903,"Natchez, MS",msa,LA,2017,123850.0,12
394903,"Natchez, MS",msa,LA,2018,122384.0,12
394903,"Natchez, MS",msa,LA,2019,130705.0,12
394903,"Natchez, MS",msa,LA,2020,134799.0,12
394903,"Natchez, MS",msa,LA,2021,159235.0,12
394903,"Natchez, MS",msa,LA,2022,156064.0,12
394903,"Natchez, MS",msa,LA,2023,135433.0,12
394903,"Natchez, MS",msa,LA,2024,134817.0,12
394903,"Natchez, MS",msa,LA,2025,121447.0,12
394903,"Natchez, MS",msa,LA,2026,121332.0,7
394904,"Natchitoches, LA",msa,LA,2014,173663.0,12
394904,"Natchitoches, LA",msa,LA,2015,181075.0,12
394904,"Natchitoches, LA",msa,LA,2016,168787.0,12
394904,"Natchitoches, LA",msa,LA,2017,172365.0,12
394904,"Natchitoches, LA",msa,LA,2018,178742.0,12
394904,"Natchitoches, LA",msa,LA,2019,180968.0,12
394904,"Natchitoches, LA",msa,LA,2020,193969.0,12
394904,"Natchitoches, LA",msa,LA,2021,197788.0,12
394904,"Natchitoches, LA",msa,LA,2022,195361.0,12
394904,"Natchitoches, LA",msa,LA,2023,180938.0,12
394904,"Natchitoches, LA",msa,LA,2024,179236.0,12
394904,"Natchitoches, LA",msa,LA,2025,175823.0,12
394904,"Natchitoches, LA",msa,LA,2026,178936.0,7
394905,"New Bern, NC",msa,NC,2000,104082.0,12
394905,"New Bern, NC",msa,NC,2001,107998.0,12
394905,"New Bern, NC",msa,NC,2002,111115.0,12
394905,"New Bern, NC",msa,NC,2003,114373.0,12
394905,"New Bern, NC",msa,NC,2004,122527.0,12
394905,"New Bern, NC",msa,NC,2005,136891.0,12
394905,"New Bern, NC",msa,NC,2006,153881.0,12
394905,"New Bern, NC",msa,NC,2007,163776.0,12
394905,"New Bern, NC",msa,NC,2008,158967.0,12
394905,"New Bern, NC",msa,NC,2009,148561.0,12
394905,"New Bern, NC",msa,NC,2010,144702.0,12
394905,"New Bern, NC",msa,NC,2011,139759.0,12
394905,"New Bern, NC",msa,NC,2012,138326.0,12
394905,"New Bern, NC",msa,NC,2013,137224.0,12
394905,"New Bern, NC",msa,NC,2014,134850.0,12
394905,"New Bern, NC",msa,NC,2015,135460.0,12
394905,"New Bern, NC",msa,NC,2016,140126.0,12
394905,"New Bern, NC",msa,NC,2017,144365.0,12
394905,"New Bern, NC",msa,NC,2018,150719.0,12
394905,"New Bern, NC",msa,NC,2019,159595.0,12
394905,"New Bern, NC",msa,NC,2020,174355.0,12
394905,"New Bern, NC",msa,NC,2021,196593.0,12
394905,"New Bern, NC",msa,NC,2022,227148.0,12
394905,"New Bern, NC",msa,NC,2023,244498.0,12
394905,"New Bern, NC",msa,NC,2024,255552.0,12
394905,"New Bern, NC",msa,NC,2025,261563.0,12
394905,"New Bern, NC",msa,NC,2026,264600.0,7
394906,"New Castle, IN",msa,IN,2009,84159.0,12
394906,"New Castle, IN",msa,IN,2010,81564.0,12
394906,"New Castle, IN",msa,IN,2011,80245.0,12
394906,"New Castle, IN",msa,IN,2012,79376.0,12
394906,"New Castle, IN",msa,IN,2013,80617.0,12
394906,"New Castle, IN",msa,IN,2014,83769.0,12
394906,"New Castle, IN",msa,IN,2015,88196.0,12
394906,"New Castle, IN",msa,IN,2016,92556.0,12
394906,"New Castle, IN",msa,IN,2017,98362.0,12
394906,"New Castle, IN",msa,IN,2018,105172.0,12
394906,"New Castle, IN",msa,IN,2019,115085.0,12
394906,"New Castle, IN",msa,IN,2020,128896.0,12
394906,"New Castle, IN",msa,IN,2021,148561.0,12
394906,"New Castle, IN",msa,IN,2022,163727.0,12
394906,"New Castle, IN",msa,IN,2023,171610.0,12
394906,"New Castle, IN",msa,IN,2024,183481.0,12
394906,"New Castle, IN",msa,IN,2025,190050.0,12
394906,"New Castle, IN",msa,IN,2026,193131.0,7
394907,"New Castle, PA",msa,PA,2005,94178.0,12
394907,"New Castle, PA",msa,PA,2006,95628.0,12
394907,"New Castle, PA",msa,PA,2007,96833.0,12
394907,"New Castle, PA",msa,PA,2008,93891.0,12
394907,"New Castle, PA",msa,PA,2009,88893.0,12
394907,"New Castle, PA",msa,PA,2010,87368.0,12
394907,"New Castle, PA",msa,PA,2011,84969.0,12
394907,"New Castle, PA",msa,PA,2012,88714.0,12
394907,"New Castle, PA",msa,PA,2013,91242.0,12
394907,"New Castle, PA",msa,PA,2014,91271.0,12
394907,"New Castle, PA",msa,PA,2015,95446.0,12
394907,"New Castle, PA",msa,PA,2016,98157.0,12
394907,"New Castle, PA",msa,PA,2017,101216.0,12
394907,"New Castle, PA",msa,PA,2018,105965.0,12
394907,"New Castle, PA",msa,PA,2019,110245.0,12
394907,"New Castle, PA",msa,PA,2020,123098.0,12
394907,"New Castle, PA",msa,PA,2021,133906.0,12
394907,"New Castle, PA",msa,PA,2022,147871.0,12
394907,"New Castle, PA",msa,PA,2023,152784.0,12
394907,"New Castle, PA",msa,PA,2024,157243.0,12
394907,"New Castle, PA",msa,PA,2025,157064.0,12
394907,"New Castle, PA",msa,PA,2026,165254.0,7
394908,"New Haven, CT",msa,CT,2000,158413.0,12
394908,"New Haven, CT",msa,CT,2001,175345.0,12
394908,"New Haven, CT",msa,CT,2002,195572.0,12
394908,"New Haven, CT",msa,CT,2003,220248.0,12
394908,"New Haven, CT",msa,CT,2004,251177.0,12
394908,"New Haven, CT",msa,CT,2005,286312.0,12
394908,"New Haven, CT",msa,CT,2006,294411.0,12
394908,"New Haven, CT",msa,CT,2007,286912.0,12
394908,"New Haven, CT",msa,CT,2008,259916.0,12
394908,"New Haven, CT",msa,CT,2009,240690.0,12
394908,"New Haven, CT",msa,CT,2010,234767.0,12
394908,"New Haven, CT",msa,CT,2011,217291.0,12
394908,"New Haven, CT",msa,CT,2012,210203.0,12
394908,"New Haven, CT",msa,CT,2013,214744.0,12
394908,"New Haven, CT",msa,CT,2014,213821.0,12
394908,"New Haven, CT",msa,CT,2015,215600.0,12
394908,"New Haven, CT",msa,CT,2016,217436.0,12
394908,"New Haven, CT",msa,CT,2017,223712.0,12
394908,"New Haven, CT",msa,CT,2018,228803.0,12
394908,"New Haven, CT",msa,CT,2019,235552.0,12
394908,"New Haven, CT",msa,CT,2020,260573.0,12
394908,"New Haven, CT",msa,CT,2021,293968.0,12
394908,"New Haven, CT",msa,CT,2022,328276.0,12
394908,"New Haven, CT",msa,CT,2023,361574.0,12
394908,"New Haven, CT",msa,CT,2024,385042.0,12
394908,"New Haven, CT",msa,CT,2025,399872.0,12
394908,"New Haven, CT",msa,CT,2026,411326.0,7
394910,"New Orleans, LA",msa,LA,2000,148298.0,12
394910,"New Orleans, LA",msa,LA,2001,159708.0,12
394910,"New Orleans, LA",msa,LA,2002,167875.0,12
394910,"New Orleans, LA",msa,LA,2003,178111.0,12
394910,"New Orleans, LA",msa,LA,2004,188339.0,12
394910,"New Orleans, LA",msa,LA,2005,203940.0,12
394910,"New Orleans, LA",msa,LA,2006,223614.0,12
394910,"New Orleans, LA",msa,LA,2007,229858.0,12
394910,"New Orleans, LA",msa,LA,2008,219162.0,12
394910,"New Orleans, LA",msa,LA,2009,215227.0,12
394910,"New Orleans, LA",msa,LA,2010,211076.0,12
394910,"New Orleans, LA",msa,LA,2011,202856.0,12
394910,"New Orleans, LA",msa,LA,2012,203278.0,12
394910,"New Orleans, LA",msa,LA,2013,207271.0,12
394910,"New Orleans, LA",msa,LA,2014,212627.0,12
394910,"New Orleans, LA",msa,LA,2015,224135.0,12
394910,"New Orleans, LA",msa,LA,2016,229734.0,12
394910,"New Orleans, LA",msa,LA,2017,230848.0,12
394910,"New Orleans, LA",msa,LA,2018,232366.0,12
394910,"New Orleans, LA",msa,LA,2019,246591.0,12
394910,"New Orleans, LA",msa,LA,2020,264149.0,12
394910,"New Orleans, LA",msa,LA,2021,288273.0,12
394910,"New Orleans, LA",msa,LA,2022,288771.0,12
394910,"New Orleans, LA",msa,LA,2023,264590.0,12
394910,"New Orleans, LA",msa,LA,2024,258606.0,12
394910,"New Orleans, LA",msa,LA,2025,260011.0,12
394910,"New Orleans, LA",msa,LA,2026,263842.0,7
394911,"New Philadelphia, OH",msa,OH,2000,112148.0,12
394911,"New Philadelphia, OH",msa,OH,2001,115314.0,12
394911,"New Philadelphia, OH",msa,OH,2002,119771.0,12
394911,"New Philadelphia, OH",msa,OH,2003,124257.0,12
394911,"New Philadelphia, OH",msa,OH,2004,128459.0,12
394911,"New Philadelphia, OH",msa,OH,2005,147109.0,12
394911,"New Philadelphia, OH",msa,OH,2006,97185.0,12
394911,"New Philadelphia, OH",msa,OH,2007,96931.0,12
394911,"New Philadelphia, OH",msa,OH,2008,97845.0,12
394911,"New Philadelphia, OH",msa,OH,2009,95715.0,12
394911,"New Philadelphia, OH",msa,OH,2010,94110.0,12
394911,"New Philadelphia, OH",msa,OH,2011,92995.0,12
394911,"New Philadelphia, OH",msa,OH,2012,97831.0,12
394911,"New Philadelphia, OH",msa,OH,2013,103914.0,12
394911,"New Philadelphia, OH",msa,OH,2014,108592.0,12
394911,"New Philadelphia, OH",msa,OH,2015,114519.0,12
394911,"New Philadelphia, OH",msa,OH,2016,121972.0,12
394911,"New Philadelphia, OH",msa,OH,2017,124415.0,12
394911,"New Philadelphia, OH",msa,OH,2018,129753.0,12
394911,"New Philadelphia, OH",msa,OH,2019,138906.0,12
394911,"New Philadelphia, OH",msa,OH,2020,154472.0,12
394911,"New Philadelphia, OH",msa,OH,2021,170197.0,12
394911,"New Philadelphia, OH",msa,OH,2022,182110.0,12
394911,"New Philadelphia, OH",msa,OH,2023,188157.0,12
394911,"New Philadelphia, OH",msa,OH,2024,197433.0,12
394911,"New Philadelphia, OH",msa,OH,2025,211934.0,12
394911,"New Philadelphia, OH",msa,OH,2026,217927.0,7
394912,"New Ulm, MN",msa,MN,2012,124717.0,12
394912,"New Ulm, MN",msa,MN,2013,130702.0,12
394912,"New Ulm, MN",msa,MN,2014,130809.0,12
394912,"New Ulm, MN",msa,MN,2015,137071.0,12
394912,"New Ulm, MN",msa,MN,2016,142651.0,12
394912,"New Ulm, MN",msa,MN,2017,148424.0,12
394912,"New Ulm, MN",msa,MN,2018,155544.0,12
394912,"New Ulm, MN",msa,MN,2019,164138.0,12
394912,"New Ulm, MN",msa,MN,2020,173324.0,12
394912,"New Ulm, MN",msa,MN,2021,191858.0,12
394912,"New Ulm, MN",msa,MN,2022,205752.0,12
394912,"New Ulm, MN",msa,MN,2023,210481.0,12
394912,"New Ulm, MN",msa,MN,2024,222621.0,12
394912,"New Ulm, MN",msa,MN,2025,245541.0,12
394912,"New Ulm, MN",msa,MN,2026,254575.0,7
394913,"New York, NY",msa,NY,2000,244965.0,12
394913,"New York, NY",msa,NY,2001,275403.0,12
394913,"New York, NY",msa,NY,2002,313359.0,12
394913,"New York, NY",msa,NY,2003,356879.0,12
394913,"New York, NY",msa,NY,2004,406432.0,12
394913,"New York, NY",msa,NY,2005,462238.0,12
394913,"New York, NY",msa,NY,2006,480024.0,12
394913,"New York, NY",msa,NY,2007,465975.0,12
394913,"New York, NY",msa,NY,2008,433855.0,12
394913,"New York, NY",msa,NY,2009,403543.0,12
394913,"New York, NY",msa,NY,2010,399097.0,12
394913,"New York, NY",msa,NY,2011,382356.0,12
394913,"New York, NY",msa,NY,2012,382434.0,12
394913,"New York, NY",msa,NY,2013,399331.0,12
394913,"New York, NY",msa,NY,2014,417622.0,12
394913,"New York, NY",msa,NY,2015,435776.0,12
394913,"New York, NY",msa,NY,2016,450763.0,12
394913,"New York, NY",msa,NY,2017,476295.0,12
394913,"New York, NY",msa,NY,2018,497228.0,12
394913,"New York, NY",msa,NY,2019,510581.0,12
394913,"New York, NY",msa,NY,2020,538457.0,12
394913,"New York, NY",msa,NY,2021,592162.0,12
394913,"New York, NY",msa,NY,2022,623456.0,12
394913,"New York, NY",msa,NY,2023,649512.0,12
394913,"New York, NY",msa,NY,2024,695386.0,12
394913,"New York, NY",msa,NY,2025,717957.0,12
394913,"New York, NY",msa,NY,2026,737078.0,7
394914,"Newberry, SC",msa,SC,2009,134790.0,12
394914,"Newberry, SC",msa,SC,2010,131349.0,12
394914,"Newberry, SC",msa,SC,2011,129729.0,12
394914,"Newberry, SC",msa,SC,2012,128911.0,12
394914,"Newberry, SC",msa,SC,2013,124156.0,12
394914,"Newberry, SC",msa,SC,2014,128522.0,12
394914,"Newberry, SC",msa,SC,2015,136296.0,12
394914,"Newberry, SC",msa,SC,2016,142084.0,12
394914,"Newberry, SC",msa,SC,2017,142397.0,12
394914,"Newberry, SC",msa,SC,2018,143266.0,12
394914,"Newberry, SC",msa,SC,2019,159769.0,12
394914,"Newberry, SC",msa,SC,2020,188188.0,12
394914,"Newberry, SC",msa,SC,2021,213324.0,12
394914,"Newberry, SC",msa,SC,2022,218235.0,12
394914,"Newberry, SC",msa,SC,2023,213936.0,12
394914,"Newberry, SC",msa,SC,2024,217705.0,12
394914,"Newberry, SC",msa,SC,2025,214404.0,12
394914,"Newberry, SC",msa,SC,2026,226257.0,7
753905,"Newport, OR",msa,OR,2000,133854.0,12
753905,"Newport, OR",msa,OR,2001,138917.0,12
753905,"Newport, OR",msa,OR,2002,136965.0,12
753905,"Newport, OR",msa,OR,2003,144591.0,12
753905,"Newport, OR",msa,OR,2004,163557.0,12
753905,"Newport, OR",msa,OR,2005,198260.0,12
753905,"Newport, OR",msa,OR,2006,237824.0,12
753905,"Newport, OR",msa,OR,2007,255825.0,12
753905,"Newport, OR",msa,OR,2008,242767.0,12
753905,"Newport, OR",msa,OR,2009,219457.0,12
753905,"Newport, OR",msa,OR,2010,207034.0,12
753905,"Newport, OR",msa,OR,2011,198147.0,12
753905,"Newport, OR",msa,OR,2012,199708.0,12
753905,"Newport, OR",msa,OR,2013,205837.0,12
753905,"Newport, OR",msa,OR,2014,214188.0,12
753905,"Newport, OR",msa,OR,2015,233526.0,12
753905,"Newport, OR",msa,OR,2016,248504.0,12
753905,"Newport, OR",msa,OR,2017,266360.0,12
753905,"Newport, OR",msa,OR,2018,288326.0,12
753905,"Newport, OR",msa,OR,2019,306610.0,12
753905,"Newport, OR",msa,OR,2020,346634.0,12
753905,"Newport, OR",msa,OR,2021,438692.0,12
753905,"Newport, OR",msa,OR,2022,473109.0,12
753905,"Newport, OR",msa,OR,2023,481408.0,12
753905,"Newport, OR",msa,OR,2024,485595.0,12
753905,"Newport, OR",msa,OR,2025,480535.0,12
753905,"Newport, OR",msa,OR,2026,479350.0,7
394915,"Newport, TN",msa,TN,2000,72365.0,12
394915,"Newport, TN",msa,TN,2001,74450.0,12
394915,"Newport, TN",msa,TN,2002,76017.0,12
394915,"Newport, TN",msa,TN,2003,78842.0,12
394915,"Newport, TN",msa,TN,2004,83618.0,12
394915,"Newport, TN",msa,TN,2005,91667.0,12
394915,"Newport, TN",msa,TN,2006,99590.0,12
394915,"Newport, TN",msa,TN,2007,103713.0,12
394915,"Newport, TN",msa,TN,2008,105656.0,12
394915,"Newport, TN",msa,TN,2009,102380.0,12
394915,"Newport, TN",msa,TN,2010,101025.0,12
394915,"Newport, TN",msa,TN,2011,99159.0,12
394915,"Newport, TN",msa,TN,2012,107274.0,12
394915,"Newport, TN",msa,TN,2013,111456.0,12
394915,"Newport, TN",msa,TN,2014,111093.0,12
394915,"Newport, TN",msa,TN,2015,120007.0,12
394915,"Newport, TN",msa,TN,2016,126449.0,12
394915,"Newport, TN",msa,TN,2017,137793.0,12
394915,"Newport, TN",msa,TN,2018,137150.0,12
394915,"Newport, TN",msa,TN,2019,159126.0,12
394915,"Newport, TN",msa,TN,2020,171603.0,12
394915,"Newport, TN",msa,TN,2021,201063.0,12
394915,"Newport, TN",msa,TN,2022,207362.0,12
394915,"Newport, TN",msa,TN,2023,218321.0,12
394915,"Newport, TN",msa,TN,2024,229560.0,12
394915,"Newport, TN",msa,TN,2025,236553.0,12
394915,"Newport, TN",msa,TN,2026,243561.0,7
394917,"Niles, MI",msa,MI,2000,120748.0,12
394917,"Niles, MI",msa,MI,2001,126790.0,12
394917,"Niles, MI",msa,MI,2002,131616.0,12
394917,"Niles, MI",msa,MI,2003,138939.0,12
394917,"Niles, MI",msa,MI,2004,147262.0,12
394917,"Niles, MI",msa,MI,2005,152989.0,12
394917,"Niles, MI",msa,MI,2006,160143.0,12
394917,"Niles, MI",msa,MI,2007,162995.0,12
394917,"Niles, MI",msa,MI,2008,155123.0,12
394917,"Niles, MI",msa,MI,2009,147674.0,12
394917,"Niles, MI",msa,MI,2010,148100.0,12
394917,"Niles, MI",msa,MI,2011,141597.0,12
394917,"Niles, MI",msa,MI,2012,133049.0,12
394917,"Niles, MI",msa,MI,2013,138644.0,12
394917,"Niles, MI",msa,MI,2014,146928.0,12
394917,"Niles, MI",msa,MI,2015,152506.0,12
394917,"Niles, MI",msa,MI,2016,156261.0,12
394917,"Niles, MI",msa,MI,2017,163648.0,12
394917,"Niles, MI",msa,MI,2018,170868.0,12
394917,"Niles, MI",msa,MI,2019,179719.0,12
394917,"Niles, MI",msa,MI,2020,200757.0,12
394917,"Niles, MI",msa,MI,2021,226174.0,12
394917,"Niles, MI",msa,MI,2022,248134.0,12
394917,"Niles, MI",msa,MI,2023,258128.0,12
394917,"Niles, MI",msa,MI,2024,266402.0,12
394917,"Niles, MI",msa,MI,2025,273770.0,12
394917,"Niles, MI",msa,MI,2026,285493.0,7
394918,"Nogales, AZ",msa,AZ,2000,78525.0,12
394918,"Nogales, AZ",msa,AZ,2001,85657.0,12
394918,"Nogales, AZ",msa,AZ,2002,91325.0,12
394918,"Nogales, AZ",msa,AZ,2003,97973.0,12
394918,"Nogales, AZ",msa,AZ,2004,115586.0,12
394918,"Nogales, AZ",msa,AZ,2005,146143.0,12
394918,"Nogales, AZ",msa,AZ,2006,186366.0,12
394918,"Nogales, AZ",msa,AZ,2007,165599.0,12
394918,"Nogales, AZ",msa,AZ,2008,145288.0,12
394918,"Nogales, AZ",msa,AZ,2009,128052.0,12
394918,"Nogales, AZ",msa,AZ,2010,115147.0,12
394918,"Nogales, AZ",msa,AZ,2011,109588.0,12
394918,"Nogales, AZ",msa,AZ,2012,115025.0,12
394918,"Nogales, AZ",msa,AZ,2013,122362.0,12
394918,"Nogales, AZ",msa,AZ,2014,127948.0,12
394918,"Nogales, AZ",msa,AZ,2015,141226.0,12
394918,"Nogales, AZ",msa,AZ,2016,146423.0,12
394918,"Nogales, AZ",msa,AZ,2017,152473.0,12
394918,"Nogales, AZ",msa,AZ,2018,162874.0,12
394918,"Nogales, AZ",msa,AZ,2019,176915.0,12
394918,"Nogales, AZ",msa,AZ,2020,205369.0,12
394918,"Nogales, AZ",msa,AZ,2021,246563.0,12
394918,"Nogales, AZ",msa,AZ,2022,269158.0,12
394918,"Nogales, AZ",msa,AZ,2023,277415.0,12
394918,"Nogales, AZ",msa,AZ,2024,280746.0,12
394918,"Nogales, AZ",msa,AZ,2025,279185.0,12
394918,"Nogales, AZ",msa,AZ,2026,280990.0,7
394919,"Norfolk, NE",msa,NE,2003,92007.0,12
394919,"Norfolk, NE",msa,NE,2004,99856.0,12
394919,"Norfolk, NE",msa,NE,2005,109625.0,12
394919,"Norfolk, NE",msa,NE,2006,111786.0,12
394919,"Norfolk, NE",msa,NE,2007,112569.0,12
394919,"Norfolk, NE",msa,NE,2008,112824.0,12
394919,"Norfolk, NE",msa,NE,2009,111530.0,12
394919,"Norfolk, NE",msa,NE,2010,110502.0,12
394919,"Norfolk, NE",msa,NE,2011,111874.0,12
394919,"Norfolk, NE",msa,NE,2012,118621.0,12
394919,"Norfolk, NE",msa,NE,2013,124241.0,12
394919,"Norfolk, NE",msa,NE,2014,130480.0,12
394919,"Norfolk, NE",msa,NE,2015,140184.0,12
394919,"Norfolk, NE",msa,NE,2016,147996.0,12
394919,"Norfolk, NE",msa,NE,2017,158101.0,12
394919,"Norfolk, NE",msa,NE,2018,166506.0,12
394919,"Norfolk, NE",msa,NE,2019,176177.0,12
394919,"Norfolk, NE",msa,NE,2020,185925.0,12
394919,"Norfolk, NE",msa,NE,2021,206021.0,12
394919,"Norfolk, NE",msa,NE,2022,222354.0,12
394919,"Norfolk, NE",msa,NE,2023,230610.0,12
394919,"Norfolk, NE",msa,NE,2024,242535.0,12
394919,"Norfolk, NE",msa,NE,2025,255043.0,12
394919,"Norfolk, NE",msa,NE,2026,260533.0,7
394920,"North Platte, NE",msa,NE,2007,125451.0,12
394920,"North Platte, NE",msa,NE,2008,126759.0,12
394920,"North Platte, NE",msa,NE,2009,124934.0,12
394920,"North Platte, NE",msa,NE,2010,116862.0,12
394920,"North Platte, NE",msa,NE,2011,117991.0,12
394920,"North Platte, NE",msa,NE,2012,122014.0,12
394920,"North Platte, NE",msa,NE,2013,125655.0,12
394920,"North Platte, NE",msa,NE,2014,127273.0,12
394920,"North Platte, NE",msa,NE,2015,134846.0,12
394920,"North Platte, NE",msa,NE,2016,142288.0,12
394920,"North Platte, NE",msa,NE,2017,146512.0,12
394920,"North Platte, NE",msa,NE,2018,149034.0,12
394920,"North Platte, NE",msa,NE,2019,157135.0,12
394920,"North Platte, NE",msa,NE,2020,162556.0,12
394920,"North Platte, NE",msa,NE,2021,176318.0,12
394920,"North Platte, NE",msa,NE,2022,194427.0,12
394920,"North Platte, NE",msa,NE,2023,198539.0,12
394920,"North Platte, NE",msa,NE,2024,210372.0,12
394920,"North Platte, NE",msa,NE,2025,221560.0,12
394920,"North Platte, NE",msa,NE,2026,228733.0,7
753906,"North Port, FL",msa,FL,2000,142735.0,12
753906,"North Port, FL",msa,FL,2001,158386.0,12
753906,"North Port, FL",msa,FL,2002,175546.0,12
753906,"North Port, FL",msa,FL,2003,196988.0,12
753906,"North Port, FL",msa,FL,2004,231903.0,12
753906,"North Port, FL",msa,FL,2005,305121.0,12
753906,"North Port, FL",msa,FL,2006,317447.0,12
753906,"North Port, FL",msa,FL,2007,259930.0,12
753906,"North Port, FL",msa,FL,2008,206874.0,12
753906,"North Port, FL",msa,FL,2009,177106.0,12
753906,"North Port, FL",msa,FL,2010,169721.0,12
753906,"North Port, FL",msa,FL,2011,160048.0,12
753906,"North Port, FL",msa,FL,2012,172182.0,12
753906,"North Port, FL",msa,FL,2013,198270.0,12
753906,"North Port, FL",msa,FL,2014,216168.0,12
753906,"North Port, FL",msa,FL,2015,240721.0,12
753906,"North Port, FL",msa,FL,2016,257349.0,12
753906,"North Port, FL",msa,FL,2017,267224.0,12
753906,"North Port, FL",msa,FL,2018,278885.0,12
753906,"North Port, FL",msa,FL,2019,283705.0,12
753906,"North Port, FL",msa,FL,2020,306922.0,12
753906,"North Port, FL",msa,FL,2021,394351.0,12
753906,"North Port, FL",msa,FL,2022,477149.0,12
753906,"North Port, FL",msa,FL,2023,474078.0,12
753906,"North Port, FL",msa,FL,2024,448640.0,12
753906,"North Port, FL",msa,FL,2025,408994.0,12
753906,"North Port, FL",msa,FL,2026,404446.0,7
394921,"North Vernon, IN",msa,IN,2001,96219.0,12
394921,"North Vernon, IN",msa,IN,2002,97480.0,12
394921,"North Vernon, IN",msa,IN,2003,98848.0,12
394921,"North Vernon, IN",msa,IN,2004,102002.0,12
394921,"North Vernon, IN",msa,IN,2005,106529.0,12
394921,"North Vernon, IN",msa,IN,2006,108458.0,12
394921,"North Vernon, IN",msa,IN,2007,108763.0,12
394921,"North Vernon, IN",msa,IN,2008,108109.0,12
394921,"North Vernon, IN",msa,IN,2009,105129.0,12
394921,"North Vernon, IN",msa,IN,2010,103654.0,12
394921,"North Vernon, IN",msa,IN,2011,103029.0,12
394921,"North Vernon, IN",msa,IN,2012,105928.0,12
394921,"North Vernon, IN",msa,IN,2013,104093.0,12
394921,"North Vernon, IN",msa,IN,2014,106402.0,12
394921,"North Vernon, IN",msa,IN,2015,111151.0,12
394921,"North Vernon, IN",msa,IN,2016,112934.0,12
394921,"North Vernon, IN",msa,IN,2017,117477.0,12
394921,"North Vernon, IN",msa,IN,2018,124052.0,12
394921,"North Vernon, IN",msa,IN,2019,133068.0,12
394921,"North Vernon, IN",msa,IN,2020,149364.0,12
394921,"North Vernon, IN",msa,IN,2021,171903.0,12
394921,"North Vernon, IN",msa,IN,2022,187944.0,12
394921,"North Vernon, IN",msa,IN,2023,200587.0,12
394921,"North Vernon, IN",msa,IN,2024,207900.0,12
394921,"North Vernon, IN",msa,IN,2025,220005.0,12
394921,"North Vernon, IN",msa,IN,2026,227614.0,7
394922,"North Wilkesboro, NC",msa,NC,2000,77464.0,12
394922,"North Wilkesboro, NC",msa,NC,2001,80593.0,12
394922,"North Wilkesboro, NC",msa,NC,2002,82652.0,12
394922,"North Wilkesboro, NC",msa,NC,2003,84533.0,12
394922,"North Wilkesboro, NC",msa,NC,2004,89074.0,12
394922,"North Wilkesboro, NC",msa,NC,2005,95933.0,12
394922,"North Wilkesboro, NC",msa,NC,2006,102565.0,12
394922,"North Wilkesboro, NC",msa,NC,2007,106005.0,12
394922,"North Wilkesboro, NC",msa,NC,2008,104185.0,12
394922,"North Wilkesboro, NC",msa,NC,2009,100851.0,12
394922,"North Wilkesboro, NC",msa,NC,2010,92375.0,12
394922,"North Wilkesboro, NC",msa,NC,2011,87346.0,12
394922,"North Wilkesboro, NC",msa,NC,2012,105517.0,12
394922,"North Wilkesboro, NC",msa,NC,2013,115889.0,12
394922,"North Wilkesboro, NC",msa,NC,2014,110325.0,12
394922,"North Wilkesboro, NC",msa,NC,2015,119799.0,12
394922,"North Wilkesboro, NC",msa,NC,2016,119868.0,12
394922,"North Wilkesboro, NC",msa,NC,2017,122443.0,12
394922,"North Wilkesboro, NC",msa,NC,2018,123567.0,12
394922,"North Wilkesboro, NC",msa,NC,2019,139224.0,12
394922,"North Wilkesboro, NC",msa,NC,2020,155661.0,12
394922,"North Wilkesboro, NC",msa,NC,2021,172227.0,12
394922,"North Wilkesboro, NC",msa,NC,2022,201527.0,12
394922,"North Wilkesboro, NC",msa,NC,2023,207198.0,12
394922,"North Wilkesboro, NC",msa,NC,2024,217230.0,12
394922,"North Wilkesboro, NC",msa,NC,2025,222417.0,12
394922,"North Wilkesboro, NC",msa,NC,2026,227955.0,7
394923,"Norwalk, OH",msa,OH,2000,84684.0,12
394923,"Norwalk, OH",msa,OH,2001,88422.0,12
394923,"Norwalk, OH",msa,OH,2002,91131.0,12
394923,"Norwalk, OH",msa,OH,2003,91598.0,12
394923,"Norwalk, OH",msa,OH,2004,94228.0,12
394923,"Norwalk, OH",msa,OH,2005,97449.0,12
394923,"Norwalk, OH",msa,OH,2006,99475.0,12
394923,"Norwalk, OH",msa,OH,2007,94568.0,12
394923,"Norwalk, OH",msa,OH,2008,92480.0,12
394923,"Norwalk, OH",msa,OH,2009,89033.0,12
394923,"Norwalk, OH",msa,OH,2010,86967.0,12
394923,"Norwalk, OH",msa,OH,2011,84411.0,12
394923,"Norwalk, OH",msa,OH,2012,86874.0,12
394923,"Norwalk, OH",msa,OH,2013,98684.0,12
394923,"Norwalk, OH",msa,OH,2014,103535.0,12
394923,"Norwalk, OH",msa,OH,2015,111082.0,12
394923,"Norwalk, OH",msa,OH,2016,119101.0,12
394923,"Norwalk, OH",msa,OH,2017,125160.0,12
394923,"Norwalk, OH",msa,OH,2018,126790.0,12
394923,"Norwalk, OH",msa,OH,2019,132474.0,12
394923,"Norwalk, OH",msa,OH,2020,145853.0,12
394923,"Norwalk, OH",msa,OH,2021,158406.0,12
394923,"Norwalk, OH",msa,OH,2022,169386.0,12
394923,"Norwalk, OH",msa,OH,2023,176203.0,12
394923,"Norwalk, OH",msa,OH,2024,186263.0,12
394923,"Norwalk, OH",msa,OH,2025,195082.0,12
394923,"Norwalk, OH",msa,OH,2026,199846.0,7
394924,"Norwich, CT",msa,CT,2000,163579.0,12
394924,"Norwich, CT",msa,CT,2001,177696.0,12
394924,"Norwich, CT",msa,CT,2002,202870.0,12
394924,"Norwich, CT",msa,CT,2003,226584.0,12
394924,"Norwich, CT",msa,CT,2004,257986.0,12
394924,"Norwich, CT",msa,CT,2005,288600.0,12
394924,"Norwich, CT",msa,CT,2006,292632.0,12
394924,"Norwich, CT",msa,CT,2007,291358.0,12
394924,"Norwich, CT",msa,CT,2008,263958.0,12
394924,"Norwich, CT",msa,CT,2009,245120.0,12
394924,"Norwich, CT",msa,CT,2010,237963.0,12
394924,"Norwich, CT",msa,CT,2011,221316.0,12
394924,"Norwich, CT",msa,CT,2012,212879.0,12
394924,"Norwich, CT",msa,CT,2013,217370.0,12
394924,"Norwich, CT",msa,CT,2014,217823.0,12
394924,"Norwich, CT",msa,CT,2015,222437.0,12
394924,"Norwich, CT",msa,CT,2016,226643.0,12
394924,"Norwich, CT",msa,CT,2017,237128.0,12
394924,"Norwich, CT",msa,CT,2018,240582.0,12
394924,"Norwich, CT",msa,CT,2019,246346.0,12
394924,"Norwich, CT",msa,CT,2020,272013.0,12
394924,"Norwich, CT",msa,CT,2021,307189.0,12
394924,"Norwich, CT",msa,CT,2022,337276.0,12
394924,"Norwich, CT",msa,CT,2023,371266.0,12
394924,"Norwich, CT",msa,CT,2024,397686.0,12
394924,"Norwich, CT",msa,CT,2025,417777.0,12
394924,"Norwich, CT",msa,CT,2026,434944.0,7
394925,"Oak Harbor, WA",msa,WA,2006,330292.0,12
394925,"Oak Harbor, WA",msa,WA,2007,343844.0,12
394925,"Oak Harbor, WA",msa,WA,2008,319498.0,12
394925,"Oak Harbor, WA",msa,WA,2009,289029.0,12
394925,"Oak Harbor, WA",msa,WA,2010,275234.0,12
394925,"Oak Harbor, WA",msa,WA,2011,261755.0,12
394925,"Oak Harbor, WA",msa,WA,2012,266279.0,12
394925,"Oak Harbor, WA",msa,WA,2013,279449.0,12
394925,"Oak Harbor, WA",msa,WA,2014,292664.0,12
394925,"Oak Harbor, WA",msa,WA,2015,320853.0,12
394925,"Oak Harbor, WA",msa,WA,2016,357963.0,12
394925,"Oak Harbor, WA",msa,WA,2017,389180.0,12
394925,"Oak Harbor, WA",msa,WA,2018,418773.0,12
394925,"Oak Harbor, WA",msa,WA,2019,439755.0,12
394925,"Oak Harbor, WA",msa,WA,2020,505395.0,12
394925,"Oak Harbor, WA",msa,WA,2021,605589.0,12
394925,"Oak Harbor, WA",msa,WA,2022,626349.0,12
394925,"Oak Harbor, WA",msa,WA,2023,624032.0,12
394925,"Oak Harbor, WA",msa,WA,2024,646628.0,12
394925,"Oak Harbor, WA",msa,WA,2025,647130.0,12
394925,"Oak Harbor, WA",msa,WA,2026,645576.0,7
394927,"Ocala, FL",msa,FL,2004,129030.0,12
394927,"Ocala, FL",msa,FL,2005,166745.0,12
394927,"Ocala, FL",msa,FL,2006,196406.0,12
394927,"Ocala, FL",msa,FL,2007,180218.0,12
394927,"Ocala, FL",msa,FL,2008,152557.0,12
394927,"Ocala, FL",msa,FL,2009,129648.0,12
394927,"Ocala, FL",msa,FL,2010,115139.0,12
394927,"Ocala, FL",msa,FL,2011,100412.0,12
394927,"Ocala, FL",msa,FL,2012,101108.0,12
394927,"Ocala, FL",msa,FL,2013,110035.0,12
394927,"Ocala, FL",msa,FL,2014,117881.0,12
394927,"Ocala, FL",msa,FL,2015,128536.0,12
394927,"Ocala, FL",msa,FL,2016,139307.0,12
394927,"Ocala, FL",msa,FL,2017,152537.0,12
394927,"Ocala, FL",msa,FL,2018,163914.0,12
394927,"Ocala, FL",msa,FL,2019,174331.0,12
394927,"Ocala, FL",msa,FL,2020,191975.0,12
394927,"Ocala, FL",msa,FL,2021,238897.0,12
394927,"Ocala, FL",msa,FL,2022,290572.0,12
394927,"Ocala, FL",msa,FL,2023,288839.0,12
394927,"Ocala, FL",msa,FL,2024,286371.0,12
394927,"Ocala, FL",msa,FL,2025,276069.0,12
394927,"Ocala, FL",msa,FL,2026,272790.0,7
394928,"Ocean City, NJ",msa,NJ,2000,182006.0,12
394928,"Ocean City, NJ",msa,NJ,2001,208138.0,12
394928,"Ocean City, NJ",msa,NJ,2002,242735.0,12
394928,"Ocean City, NJ",msa,NJ,2003,296447.0,12
394928,"Ocean City, NJ",msa,NJ,2004,364846.0,12
394928,"Ocean City, NJ",msa,NJ,2005,427974.0,12
394928,"Ocean City, NJ",msa,NJ,2006,445219.0,12
394928,"Ocean City, NJ",msa,NJ,2007,414699.0,12
394928,"Ocean City, NJ",msa,NJ,2008,413175.0,12
394928,"Ocean City, NJ",msa,NJ,2009,387399.0,12
394928,"Ocean City, NJ",msa,NJ,2010,374034.0,12
394928,"Ocean City, NJ",msa,NJ,2011,355534.0,12
394928,"Ocean City, NJ",msa,NJ,2012,370107.0,12
394928,"Ocean City, NJ",msa,NJ,2013,375581.0,12
394928,"Ocean City, NJ",msa,NJ,2014,379488.0,12
394928,"Ocean City, NJ",msa,NJ,2015,383979.0,12
394928,"Ocean City, NJ",msa,NJ,2016,391132.0,12
394928,"Ocean City, NJ",msa,NJ,2017,405585.0,12
394928,"Ocean City, NJ",msa,NJ,2018,421874.0,12
394928,"Ocean City, NJ",msa,NJ,2019,441446.0,12
394928,"Ocean City, NJ",msa,NJ,2020,495004.0,12
394928,"Ocean City, NJ",msa,NJ,2021,626758.0,12
394928,"Ocean City, NJ",msa,NJ,2022,674485.0,12
394928,"Ocean City, NJ",msa,NJ,2023,705888.0,12
394928,"Ocean City, NJ",msa,NJ,2024,741869.0,12
394928,"Ocean City, NJ",msa,NJ,2025,767394.0,12
394928,"Ocean City, NJ",msa,NJ,2026,807930.0,7
394930,"Odessa, TX",msa,TX,2009,106678.0,12
394930,"Odessa, TX",msa,TX,2010,106257.0,12
394930,"Odessa, TX",msa,TX,2011,116859.0,12
394930,"Odessa, TX",msa,TX,2012,123461.0,12
394930,"Odessa, TX",msa,TX,2013,138005.0,12
394930,"Odessa, TX",msa,TX,2014,156687.0,12
394930,"Odessa, TX",msa,TX,2015,168647.0,12
394930,"Odessa, TX",msa,TX,2016,162855.0,12
394930,"Odessa, TX",msa,TX,2017,166744.0,12
394930,"Odessa, TX",msa,TX,2018,185975.0,12
394930,"Odessa, TX",msa,TX,2019,219986.0,12
394930,"Odessa, TX",msa,TX,2020,227390.0,12
394930,"Odessa, TX",msa,TX,2021,221774.0,12
394930,"Odessa, TX",msa,TX,2022,218927.0,12
394930,"Odessa, TX",msa,TX,2023,224031.0,12
394930,"Odessa, TX",msa,TX,2024,240251.0,12
394930,"Odessa, TX",msa,TX,2025,250016.0,12
394930,"Odessa, TX",msa,TX,2026,255567.0,7
394931,"Ogden, UT",msa,UT,2000,168122.0,12
394931,"Ogden, UT",msa,UT,2001,169652.0,12
394931,"Ogden, UT",msa,UT,2002,169675.0,12
394931,"Ogden, UT",msa,UT,2003,170986.0,12
394931,"Ogden, UT",msa,UT,2004,173871.0,12
394931,"Ogden, UT",msa,UT,2005,177651.0,12
394931,"Ogden, UT",msa,UT,2006,197403.0,12
394931,"Ogden, UT",msa,UT,2007,221211.0,12
394931,"Ogden, UT",msa,UT,2008,211927.0,12
394931,"Ogden, UT",msa,UT,2009,200321.0,12
394931,"Ogden, UT",msa,UT,2010,187463.0,12
394931,"Ogden, UT",msa,UT,2011,179987.0,12
394931,"Ogden, UT",msa,UT,2012,186134.0,12
394931,"Ogden, UT",msa,UT,2013,200647.0,12
394931,"Ogden, UT",msa,UT,2014,207166.0,12
394931,"Ogden, UT",msa,UT,2015,225942.0,12
394931,"Ogden, UT",msa,UT,2016,249956.0,12
394931,"Ogden, UT",msa,UT,2017,272785.0,12
394931,"Ogden, UT",msa,UT,2018,301034.0,12
394931,"Ogden, UT",msa,UT,2019,327269.0,12
394931,"Ogden, UT",msa,UT,2020,373265.0,12
394931,"Ogden, UT",msa,UT,2021,466817.0,12
394931,"Ogden, UT",msa,UT,2022,489952.0,12
394931,"Ogden, UT",msa,UT,2023,493384.0,12
394931,"Ogden, UT",msa,UT,2024,504777.0,12
394931,"Ogden, UT",msa,UT,2025,518731.0,12
394931,"Ogden, UT",msa,UT,2026,516604.0,7
394932,"Ogdensburg, NY",msa,NY,2000,51324.0,12
394932,"Ogdensburg, NY",msa,NY,2001,55834.0,12
394932,"Ogdensburg, NY",msa,NY,2002,60930.0,12
394932,"Ogdensburg, NY",msa,NY,2003,66957.0,12
394932,"Ogdensburg, NY",msa,NY,2004,69141.0,12
394932,"Ogdensburg, NY",msa,NY,2005,77759.0,12
394932,"Ogdensburg, NY",msa,NY,2006,82651.0,12
394932,"Ogdensburg, NY",msa,NY,2007,85706.0,12
394932,"Ogdensburg, NY",msa,NY,2008,81694.0,12
394932,"Ogdensburg, NY",msa,NY,2009,77254.0,12
394932,"Ogdensburg, NY",msa,NY,2010,76908.0,12
394932,"Ogdensburg, NY",msa,NY,2011,79129.0,12
394932,"Ogdensburg, NY",msa,NY,2012,84533.0,12
394932,"Ogdensburg, NY",msa,NY,2013,87978.0,12
394932,"Ogdensburg, NY",msa,NY,2014,87138.0,12
394932,"Ogdensburg, NY",msa,NY,2015,90097.0,12
394932,"Ogdensburg, NY",msa,NY,2016,91391.0,12
394932,"Ogdensburg, NY",msa,NY,2017,90677.0,12
394932,"Ogdensburg, NY",msa,NY,2018,94503.0,12
394932,"Ogdensburg, NY",msa,NY,2019,99596.0,12
394932,"Ogdensburg, NY",msa,NY,2020,107545.0,12
394932,"Ogdensburg, NY",msa,NY,2021,118730.0,12
394932,"Ogdensburg, NY",msa,NY,2022,129994.0,12
394932,"Ogdensburg, NY",msa,NY,2023,136767.0,12
394932,"Ogdensburg, NY",msa,NY,2024,141394.0,12
394932,"Ogdensburg, NY",msa,NY,2025,144259.0,12
394932,"Ogdensburg, NY",msa,NY,2026,150600.0,7
394933,"Oil City, PA",msa,PA,2000,52989.0,12
394933,"Oil City, PA",msa,PA,2001,56490.0,12
394933,"Oil City, PA",msa,PA,2002,60501.0,12
394933,"Oil City, PA",msa,PA,2003,64911.0,12
394933,"Oil City, PA",msa,PA,2004,71966.0,12
394933,"Oil City, PA",msa,PA,2005,78900.0,12
394933,"Oil City, PA",msa,PA,2006,81536.0,12
394933,"Oil City, PA",msa,PA,2007,82026.0,12
394933,"Oil City, PA",msa,PA,2008,80367.0,12
394933,"Oil City, PA",msa,PA,2009,77669.0,12
394933,"Oil City, PA",msa,PA,2010,77691.0,12
394933,"Oil City, PA",msa,PA,2011,76693.0,12
394933,"Oil City, PA",msa,PA,2012,79789.0,12
394933,"Oil City, PA",msa,PA,2013,79859.0,12
394933,"Oil City, PA",msa,PA,2014,82862.0,12
394933,"Oil City, PA",msa,PA,2015,87034.0,12
394933,"Oil City, PA",msa,PA,2016,86455.0,12
394933,"Oil City, PA",msa,PA,2017,87466.0,12
394933,"Oil City, PA",msa,PA,2018,87326.0,12
394933,"Oil City, PA",msa,PA,2019,91655.0,12
394933,"Oil City, PA",msa,PA,2020,104586.0,12
394933,"Oil City, PA",msa,PA,2021,116293.0,12
394933,"Oil City, PA",msa,PA,2022,126803.0,12
394933,"Oil City, PA",msa,PA,2023,124168.0,12
394933,"Oil City, PA",msa,PA,2024,133388.0,12
394933,"Oil City, PA",msa,PA,2025,130730.0,12
394933,"Oil City, PA",msa,PA,2026,132719.0,7
394934,"Okeechobee, FL",msa,FL,2000,83056.0,12
394934,"Okeechobee, FL",msa,FL,2001,90708.0,12
394934,"Okeechobee, FL",msa,FL,2002,97960.0,12
394934,"Okeechobee, FL",msa,FL,2003,108252.0,12
394934,"Okeechobee, FL",msa,FL,2004,118279.0,12
394934,"Okeechobee, FL",msa,FL,2005,148128.0,12
394934,"Okeechobee, FL",msa,FL,2006,157886.0,12
394934,"Okeechobee, FL",msa,FL,2007,143387.0,12
394934,"Okeechobee, FL",msa,FL,2008,117100.0,12
394934,"Okeechobee, FL",msa,FL,2009,100812.0,12
394934,"Okeechobee, FL",msa,FL,2010,93458.0,12
394934,"Okeechobee, FL",msa,FL,2011,89028.0,12
394934,"Okeechobee, FL",msa,FL,2012,89508.0,12
394934,"Okeechobee, FL",msa,FL,2013,93123.0,12
394934,"Okeechobee, FL",msa,FL,2014,100327.0,12
394934,"Okeechobee, FL",msa,FL,2015,113734.0,12
394934,"Okeechobee, FL",msa,FL,2016,123532.0,12
394934,"Okeechobee, FL",msa,FL,2017,136662.0,12
394934,"Okeechobee, FL",msa,FL,2018,155012.0,12
394934,"Okeechobee, FL",msa,FL,2019,167751.0,12
394934,"Okeechobee, FL",msa,FL,2020,183729.0,12
394934,"Okeechobee, FL",msa,FL,2021,224065.0,12
394934,"Okeechobee, FL",msa,FL,2022,262115.0,12
394934,"Okeechobee, FL",msa,FL,2023,279924.0,12
394934,"Okeechobee, FL",msa,FL,2024,291800.0,12
394934,"Okeechobee, FL",msa,FL,2025,291466.0,12
394934,"Okeechobee, FL",msa,FL,2026,293452.0,7
394935,"Oklahoma City, OK",msa,OK,2000,97278.0,12
394935,"Oklahoma City, OK",msa,OK,2001,101392.0,12
394935,"Oklahoma City, OK",msa,OK,2002,105784.0,12
394935,"Oklahoma City, OK",msa,OK,2003,110728.0,12
394935,"Oklahoma City, OK",msa,OK,2004,116950.0,12
394935,"Oklahoma City, OK",msa,OK,2005,121731.0,12
394935,"Oklahoma City, OK",msa,OK,2006,128112.0,12
394935,"Oklahoma City, OK",msa,OK,2007,130762.0,12
394935,"Oklahoma City, OK",msa,OK,2008,131035.0,12
394935,"Oklahoma City, OK",msa,OK,2009,132823.0,12
394935,"Oklahoma City, OK",msa,OK,2010,131708.0,12
394935,"Oklahoma City, OK",msa,OK,2011,129394.0,12
394935,"Oklahoma City, OK",msa,OK,2012,131233.0,12
394935,"Oklahoma City, OK",msa,OK,2013,135982.0,12
394935,"Oklahoma City, OK",msa,OK,2014,142186.0,12
394935,"Oklahoma City, OK",msa,OK,2015,146153.0,12
394935,"Oklahoma City, OK",msa,OK,2016,150298.0,12
394935,"Oklahoma City, OK",msa,OK,2017,155801.0,12
394935,"Oklahoma City, OK",msa,OK,2018,160613.0,12
394935,"Oklahoma City, OK",msa,OK,2019,168247.0,12
394935,"Oklahoma City, OK",msa,OK,2020,182404.0,12
394935,"Oklahoma City, OK",msa,OK,2021,204798.0,12
394935,"Oklahoma City, OK",msa,OK,2022,230896.0,12
394935,"Oklahoma City, OK",msa,OK,2023,238594.0,12
394935,"Oklahoma City, OK",msa,OK,2024,243664.0,12
394935,"Oklahoma City, OK",msa,OK,2025,245834.0,12
394935,"Oklahoma City, OK",msa,OK,2026,246438.0,7
394936,"Olean, NY",msa,NY,2000,60950.0,12
394936,"Olean, NY",msa,NY,2001,65901.0,12
394936,"Olean, NY",msa,NY,2002,72752.0,12
394936,"Olean, NY",msa,NY,2003,80885.0,12
394936,"Olean, NY",msa,NY,2004,82343.0,12
394936,"Olean, NY",msa,NY,2005,86942.0,12
394936,"Olean, NY",msa,NY,2006,95678.0,12
394936,"Olean, NY",msa,NY,2007,99097.0,12
394936,"Olean, NY",msa,NY,2008,94785.0,12
394936,"Olean, NY",msa,NY,2009,89374.0,12
394936,"Olean, NY",msa,NY,2010,88537.0,12
394936,"Olean, NY",msa,NY,2011,86644.0,12
394936,"Olean, NY",msa,NY,2012,84735.0,12
394936,"Olean, NY",msa,NY,2013,84908.0,12
394936,"Olean, NY",msa,NY,2014,85788.0,12
394936,"Olean, NY",msa,NY,2015,86679.0,12
394936,"Olean, NY",msa,NY,2016,90525.0,12
394936,"Olean, NY",msa,NY,2017,92152.0,12
394936,"Olean, NY",msa,NY,2018,94300.0,12
394936,"Olean, NY",msa,NY,2019,99815.0,12
394936,"Olean, NY",msa,NY,2020,111246.0,12
394936,"Olean, NY",msa,NY,2021,129130.0,12
394936,"Olean, NY",msa,NY,2022,146354.0,12
394936,"Olean, NY",msa,NY,2023,151376.0,12
394936,"Olean, NY",msa,NY,2024,158062.0,12
394936,"Olean, NY",msa,NY,2025,161166.0,12
394936,"Olean, NY",msa,NY,2026,168139.0,7
394937,"Olympia, WA",msa,WA,2000,155622.0,12
394937,"Olympia, WA",msa,WA,2001,161531.0,12
394937,"Olympia, WA",msa,WA,2002,171419.0,12
394937,"Olympia, WA",msa,WA,2003,186374.0,12
394937,"Olympia, WA",msa,WA,2004,206545.0,12
394937,"Olympia, WA",msa,WA,2005,249250.0,12
394937,"Olympia, WA",msa,WA,2006,276075.0,12
394937,"Olympia, WA",msa,WA,2007,278276.0,12
394937,"Olympia, WA",msa,WA,2008,268866.0,12
394937,"Olympia, WA",msa,WA,2009,252533.0,12
394937,"Olympia, WA",msa,WA,2010,238799.0,12
394937,"Olympia, WA",msa,WA,2011,213661.0,12
394937,"Olympia, WA",msa,WA,2012,219714.0,12
394937,"Olympia, WA",msa,WA,2013,230143.0,12
394937,"Olympia, WA",msa,WA,2014,239299.0,12
394937,"Olympia, WA",msa,WA,2015,256397.0,12
394937,"Olympia, WA",msa,WA,2016,278341.0,12
394937,"Olympia, WA",msa,WA,2017,303103.0,12
394937,"Olympia, WA",msa,WA,2018,331010.0,12
394937,"Olympia, WA",msa,WA,2019,354412.0,12
394937,"Olympia, WA",msa,WA,2020,411088.0,12
394937,"Olympia, WA",msa,WA,2021,487491.0,12
394937,"Olympia, WA",msa,WA,2022,510999.0,12
394937,"Olympia, WA",msa,WA,2023,516648.0,12
394937,"Olympia, WA",msa,WA,2024,535648.0,12
394937,"Olympia, WA",msa,WA,2025,537182.0,12
394937,"Olympia, WA",msa,WA,2026,532102.0,7
394938,"Omaha, NE",msa,NE,2000,125428.0,12
394938,"Omaha, NE",msa,NE,2001,129142.0,12
394938,"Omaha, NE",msa,NE,2002,133898.0,12
394938,"Omaha, NE",msa,NE,2003,140595.0,12
394938,"Omaha, NE",msa,NE,2004,147075.0,12
394938,"Omaha, NE",msa,NE,2005,153008.0,12
394938,"Omaha, NE",msa,NE,2006,157726.0,12
394938,"Omaha, NE",msa,NE,2007,155784.0,12
394938,"Omaha, NE",msa,NE,2008,147653.0,12
394938,"Omaha, NE",msa,NE,2009,152087.0,12
394938,"Omaha, NE",msa,NE,2010,145910.0,12
394938,"Omaha, NE",msa,NE,2011,143743.0,12
394938,"Omaha, NE",msa,NE,2012,145603.0,12
394938,"Omaha, NE",msa,NE,2013,150933.0,12
394938,"Omaha, NE",msa,NE,2014,154657.0,12
394938,"Omaha, NE",msa,NE,2015,164010.0,12
394938,"Omaha, NE",msa,NE,2016,172308.0,12
394938,"Omaha, NE",msa,NE,2017,183839.0,12
394938,"Omaha, NE",msa,NE,2018,194368.0,12
394938,"Omaha, NE",msa,NE,2019,207164.0,12
394938,"Omaha, NE",msa,NE,2020,228924.0,12
394938,"Omaha, NE",msa,NE,2021,252612.0,12
394938,"Omaha, NE",msa,NE,2022,279204.0,12
394938,"Omaha, NE",msa,NE,2023,293925.0,12
394938,"Omaha, NE",msa,NE,2024,303108.0,12
394938,"Omaha, NE",msa,NE,2025,308385.0,12
394938,"Omaha, NE",msa,NE,2026,310736.0,7
394939,"Oneonta, NY",msa,NY,2000,58975.0,12
394939,"Oneonta, NY",msa,NY,2001,64187.0,12
394939,"Oneonta, NY",msa,NY,2002,70912.0,12
394939,"Oneonta, NY",msa,NY,2003,78419.0,12
394939,"Oneonta, NY",msa,NY,2004,89191.0,12
394939,"Oneonta, NY",msa,NY,2005,106296.0,12
394939,"Oneonta, NY",msa,NY,2006,124047.0,12
394939,"Oneonta, NY",msa,NY,2007,137387.0,12
394939,"Oneonta, NY",msa,NY,2008,134078.0,12
394939,"Oneonta, NY",msa,NY,2009,128060.0,12
394939,"Oneonta, NY",msa,NY,2010,129243.0,12
394939,"Oneonta, NY",msa,NY,2011,128323.0,12
394939,"Oneonta, NY",msa,NY,2012,129424.0,12
394939,"Oneonta, NY",msa,NY,2013,128629.0,12
394939,"Oneonta, NY",msa,NY,2014,128991.0,12
394939,"Oneonta, NY",msa,NY,2015,133322.0,12
394939,"Oneonta, NY",msa,NY,2016,136320.0,12
394939,"Oneonta, NY",msa,NY,2017,140269.0,12
394939,"Oneonta, NY",msa,NY,2018,143350.0,12
394939,"Oneonta, NY",msa,NY,2019,151643.0,12
394939,"Oneonta, NY",msa,NY,2020,165523.0,12
394939,"Oneonta, NY",msa,NY,2021,175921.0,12
394939,"Oneonta, NY",msa,NY,2022,195007.0,12
394939,"Oneonta, NY",msa,NY,2023,205188.0,12
394939,"Oneonta, NY",msa,NY,2024,213927.0,12
394939,"Oneonta, NY",msa,NY,2025,210237.0,12
394939,"Oneonta, NY",msa,NY,2026,221473.0,7
394940,"Ontario, OR",msa,OR,2000,89335.0,12
394940,"Ontario, OR",msa,OR,2001,94271.0,12
394940,"Ontario, OR",msa,OR,2002,98144.0,12
394940,"Ontario, OR",msa,OR,2003,101597.0,12
394940,"Ontario, OR",msa,OR,2004,111487.0,12
394940,"Ontario, OR",msa,OR,2005,130152.0,12
394940,"Ontario, OR",msa,OR,2006,145058.0,12
394940,"Ontario, OR",msa,OR,2007,146558.0,12
394940,"Ontario, OR",msa,OR,2008,139810.0,12
394940,"Ontario, OR",msa,OR,2009,126977.0,12
394940,"Ontario, OR",msa,OR,2010,118514.0,12
394940,"Ontario, OR",msa,OR,2011,112593.0,12
394940,"Ontario, OR",msa,OR,2012,117068.0,12
394940,"Ontario, OR",msa,OR,2013,127477.0,12
394940,"Ontario, OR",msa,OR,2014,134337.0,12
394940,"Ontario, OR",msa,OR,2015,143007.0,12
394940,"Ontario, OR",msa,OR,2016,153140.0,12
394940,"Ontario, OR",msa,OR,2017,165572.0,12
394940,"Ontario, OR",msa,OR,2018,184838.0,12
394940,"Ontario, OR",msa,OR,2019,207531.0,12
394940,"Ontario, OR",msa,OR,2020,252751.0,12
394940,"Ontario, OR",msa,OR,2021,338043.0,12
394940,"Ontario, OR",msa,OR,2022,358653.0,12
394940,"Ontario, OR",msa,OR,2023,352434.0,12
394940,"Ontario, OR",msa,OR,2024,364680.0,12
394940,"Ontario, OR",msa,OR,2025,372151.0,12
394940,"Ontario, OR",msa,OR,2026,378701.0,7
394941,"Opelousas, LA",msa,LA,2009,130956.0,12
394941,"Opelousas, LA",msa,LA,2010,130369.0,12
394941,"Opelousas, LA",msa,LA,2011,136153.0,12
394941,"Opelousas, LA",msa,LA,2012,147034.0,12
394941,"Opelousas, LA",msa,LA,2013,141629.0,12
394941,"Opelousas, LA",msa,LA,2014,147027.0,12
394941,"Opelousas, LA",msa,LA,2015,163505.0,12
394941,"Opelousas, LA",msa,LA,2016,153777.0,12
394941,"Opelousas, LA",msa,LA,2017,159614.0,12
394941,"Opelousas, LA",msa,LA,2018,154186.0,12
394941,"Opelousas, LA",msa,LA,2019,164044.0,12
394941,"Opelousas, LA",msa,LA,2020,161873.0,12
394941,"Opelousas, LA",msa,LA,2021,163191.0,12
394941,"Opelousas, LA",msa,LA,2022,160401.0,12
394941,"Opelousas, LA",msa,LA,2023,155882.0,12
394941,"Opelousas, LA",msa,LA,2024,144722.0,12
394941,"Opelousas, LA",msa,LA,2025,131881.0,12
394941,"Opelousas, LA",msa,LA,2026,132921.0,7
394942,"Orangeburg, SC",msa,SC,2004,95746.0,12
394942,"Orangeburg, SC",msa,SC,2005,100489.0,12
394942,"Orangeburg, SC",msa,SC,2006,108517.0,12
394942,"Orangeburg, SC",msa,SC,2007,110997.0,12
394942,"Orangeburg, SC",msa,SC,2008,109222.0,12
394942,"Orangeburg, SC",msa,SC,2009,104580.0,12
394942,"Orangeburg, SC",msa,SC,2010,102369.0,12
394942,"Orangeburg, SC",msa,SC,2011,98936.0,12
394942,"Orangeburg, SC",msa,SC,2012,97413.0,12
394942,"Orangeburg, SC",msa,SC,2013,96430.0,12
394942,"Orangeburg, SC",msa,SC,2014,95081.0,12
394942,"Orangeburg, SC",msa,SC,2015,98085.0,12
394942,"Orangeburg, SC",msa,SC,2016,104004.0,12
394942,"Orangeburg, SC",msa,SC,2017,108185.0,12
394942,"Orangeburg, SC",msa,SC,2018,112297.0,12
394942,"Orangeburg, SC",msa,SC,2019,119522.0,12
394942,"Orangeburg, SC",msa,SC,2020,136236.0,12
394942,"Orangeburg, SC",msa,SC,2021,160572.0,12
394942,"Orangeburg, SC",msa,SC,2022,153992.0,12
394942,"Orangeburg, SC",msa,SC,2023,158124.0,12
394942,"Orangeburg, SC",msa,SC,2024,161698.0,12
394942,"Orangeburg, SC",msa,SC,2025,157908.0,12
394942,"Orangeburg, SC",msa,SC,2026,164400.0,7
394943,"Orlando, FL",msa,FL,2000,128521.0,12
394943,"Orlando, FL",msa,FL,2001,138236.0,12
394943,"Orlando, FL",msa,FL,2002,148615.0,12
394943,"Orlando, FL",msa,FL,2003,161211.0,12
394943,"Orlando, FL",msa,FL,2004,185662.0,12
394943,"Orlando, FL",msa,FL,2005,244143.0,12
394943,"Orlando, FL",msa,FL,2006,276468.0,12
394943,"Orlando, FL",msa,FL,2007,252598.0,12
394943,"Orlando, FL",msa,FL,2008,194540.0,12
394943,"Orlando, FL",msa,FL,2009,153864.0,12
394943,"Orlando, FL",msa,FL,2010,139731.0,12
394943,"Orlando, FL",msa,FL,2011,127893.0,12
394943,"Orlando, FL",msa,FL,2012,138370.0,12
394943,"Orlando, FL",msa,FL,2013,164818.0,12
394943,"Orlando, FL",msa,FL,2014,180453.0,12
394943,"Orlando, FL",msa,FL,2015,195127.0,12
394943,"Orlando, FL",msa,FL,2016,211991.0,12
394943,"Orlando, FL",msa,FL,2017,230865.0,12
394943,"Orlando, FL",msa,FL,2018,249373.0,12
394943,"Orlando, FL",msa,FL,2019,262670.0,12
394943,"Orlando, FL",msa,FL,2020,283780.0,12
394943,"Orlando, FL",msa,FL,2021,336981.0,12
394943,"Orlando, FL",msa,FL,2022,398490.0,12
394943,"Orlando, FL",msa,FL,2023,406887.0,12
394943,"Orlando, FL",msa,FL,2024,408126.0,12
394943,"Orlando, FL",msa,FL,2025,390579.0,12
394943,"Orlando, FL",msa,FL,2026,386867.0,7
394944,"Oshkosh, WI",msa,WI,2009,157482.0,12
394944,"Oshkosh, WI",msa,WI,2010,155481.0,12
394944,"Oshkosh, WI",msa,WI,2011,133702.0,12
394944,"Oshkosh, WI",msa,WI,2012,134444.0,12
394944,"Oshkosh, WI",msa,WI,2013,142914.0,12
394944,"Oshkosh, WI",msa,WI,2014,144609.0,12
394944,"Oshkosh, WI",msa,WI,2015,152355.0,12
394944,"Oshkosh, WI",msa,WI,2016,161096.0,12
394944,"Oshkosh, WI",msa,WI,2017,170742.0,12
394944,"Oshkosh, WI",msa,WI,2018,179397.0,12
394944,"Oshkosh, WI",msa,WI,2019,190360.0,12
394944,"Oshkosh, WI",msa,WI,2020,210468.0,12
394944,"Oshkosh, WI",msa,WI,2021,231775.0,12
394944,"Oshkosh, WI",msa,WI,2022,250813.0,12
394944,"Oshkosh, WI",msa,WI,2023,265578.0,12
394944,"Oshkosh, WI",msa,WI,2024,283754.0,12
394944,"Oshkosh, WI",msa,WI,2025,300885.0,12
394944,"Oshkosh, WI",msa,WI,2026,307585.0,7
394945,"Oskaloosa, IA",msa,IA,2009,86987.0,12
394945,"Oskaloosa, IA",msa,IA,2010,87497.0,12
394945,"Oskaloosa, IA",msa,IA,2011,86382.0,12
394945,"Oskaloosa, IA",msa,IA,2012,89897.0,12
394945,"Oskaloosa, IA",msa,IA,2013,101743.0,12
394945,"Oskaloosa, IA",msa,IA,2014,103043.0,12
394945,"Oskaloosa, IA",msa,IA,2015,108597.0,12
394945,"Oskaloosa, IA",msa,IA,2016,112810.0,12
394945,"Oskaloosa, IA",msa,IA,2017,118175.0,12
394945,"Oskaloosa, IA",msa,IA,2018,122067.0,12
394945,"Oskaloosa, IA",msa,IA,2019,128981.0,12
394945,"Oskaloosa, IA",msa,IA,2020,139911.0,12
394945,"Oskaloosa, IA",msa,IA,2021,154983.0,12
394945,"Oskaloosa, IA",msa,IA,2022,170919.0,12
394945,"Oskaloosa, IA",msa,IA,2023,175466.0,12
394945,"Oskaloosa, IA",msa,IA,2024,188628.0,12
394945,"Oskaloosa, IA",msa,IA,2025,196677.0,12
394945,"Oskaloosa, IA",msa,IA,2026,205314.0,7
753908,"Othello, WA",msa,WA,2009,144694.0,12
753908,"Othello, WA",msa,WA,2010,139725.0,12
753908,"Othello, WA",msa,WA,2011,134392.0,12
753908,"Othello, WA",msa,WA,2012,135154.0,12
753908,"Othello, WA",msa,WA,2013,137183.0,12
753908,"Othello, WA",msa,WA,2014,136556.0,12
753908,"Othello, WA",msa,WA,2015,145420.0,12
753908,"Othello, WA",msa,WA,2016,150679.0,12
753908,"Othello, WA",msa,WA,2017,164341.0,12
753908,"Othello, WA",msa,WA,2018,177642.0,12
753908,"Othello, WA",msa,WA,2019,197186.0,12
753908,"Othello, WA",msa,WA,2020,225207.0,12
753908,"Othello, WA",msa,WA,2021,264825.0,12
753908,"Othello, WA",msa,WA,2022,291798.0,12
753908,"Othello, WA",msa,WA,2023,300664.0,12
753908,"Othello, WA",msa,WA,2024,310546.0,12
753908,"Othello, WA",msa,WA,2025,317775.0,12
753908,"Othello, WA",msa,WA,2026,312228.0,7
753909,"Ottawa, KS",msa,KS,2005,85389.0,12
753909,"Ottawa, KS",msa,KS,2006,90470.0,12
753909,"Ottawa, KS",msa,KS,2007,91704.0,12
753909,"Ottawa, KS",msa,KS,2008,91014.0,12
753909,"Ottawa, KS",msa,KS,2009,90207.0,12
753909,"Ottawa, KS",msa,KS,2010,89303.0,12
753909,"Ottawa, KS",msa,KS,2011,87364.0,12
753909,"Ottawa, KS",msa,KS,2012,92819.0,12
753909,"Ottawa, KS",msa,KS,2013,98510.0,12
753909,"Ottawa, KS",msa,KS,2014,102863.0,12
753909,"Ottawa, KS",msa,KS,2015,113685.0,12
753909,"Ottawa, KS",msa,KS,2016,122602.0,12
753909,"Ottawa, KS",msa,KS,2017,129989.0,12
753909,"Ottawa, KS",msa,KS,2018,139012.0,12
753909,"Ottawa, KS",msa,KS,2019,147604.0,12
753909,"Ottawa, KS",msa,KS,2020,169632.0,12
753909,"Ottawa, KS",msa,KS,2021,193678.0,12
753909,"Ottawa, KS",msa,KS,2022,213465.0,12
753909,"Ottawa, KS",msa,KS,2023,223328.0,12
753909,"Ottawa, KS",msa,KS,2024,238679.0,12
753909,"Ottawa, KS",msa,KS,2025,254775.0,12
753909,"Ottawa, KS",msa,KS,2026,264315.0,7
394947,"Ottumwa, IA",msa,IA,2009,70987.0,12
394947,"Ottumwa, IA",msa,IA,2010,71294.0,12
394947,"Ottumwa, IA",msa,IA,2011,72522.0,12
394947,"Ottumwa, IA",msa,IA,2012,74037.0,12
394947,"Ottumwa, IA",msa,IA,2013,78288.0,12
394947,"Ottumwa, IA",msa,IA,2014,79715.0,12
394947,"Ottumwa, IA",msa,IA,2015,93191.0,12
394947,"Ottumwa, IA",msa,IA,2016,91598.0,12
394947,"Ottumwa, IA",msa,IA,2017,83599.0,12
394947,"Ottumwa, IA",msa,IA,2018,88196.0,12
394947,"Ottumwa, IA",msa,IA,2019,90098.0,12
394947,"Ottumwa, IA",msa,IA,2020,96273.0,12
394947,"Ottumwa, IA",msa,IA,2021,104563.0,12
394947,"Ottumwa, IA",msa,IA,2022,117253.0,12
394947,"Ottumwa, IA",msa,IA,2023,123441.0,12
394947,"Ottumwa, IA",msa,IA,2024,130459.0,12
394947,"Ottumwa, IA",msa,IA,2025,130007.0,12
394947,"Ottumwa, IA",msa,IA,2026,132487.0,7
394948,"Owatonna, MN",msa,MN,2009,140780.0,12
394948,"Owatonna, MN",msa,MN,2010,137803.0,12
394948,"Owatonna, MN",msa,MN,2011,132627.0,12
394948,"Owatonna, MN",msa,MN,2012,136639.0,12
394948,"Owatonna, MN",msa,MN,2013,143251.0,12
394948,"Owatonna, MN",msa,MN,2014,148583.0,12
394948,"Owatonna, MN",msa,MN,2015,154737.0,12
394948,"Owatonna, MN",msa,MN,2016,165486.0,12
394948,"Owatonna, MN",msa,MN,2017,174865.0,12
394948,"Owatonna, MN",msa,MN,2018,185324.0,12
394948,"Owatonna, MN",msa,MN,2019,195521.0,12
394948,"Owatonna, MN",msa,MN,2020,214888.0,12
394948,"Owatonna, MN",msa,MN,2021,248348.0,12
394948,"Owatonna, MN",msa,MN,2022,261350.0,12
394948,"Owatonna, MN",msa,MN,2023,273157.0,12
394948,"Owatonna, MN",msa,MN,2024,288010.0,12
394948,"Owatonna, MN",msa,MN,2025,298436.0,12
394948,"Owatonna, MN",msa,MN,2026,301647.0,7
394949,"Owensboro, KY",msa,KY,2000,94670.0,12
394949,"Owensboro, KY",msa,KY,2001,98612.0,12
394949,"Owensboro, KY",msa,KY,2002,98942.0,12
394949,"Owensboro, KY",msa,KY,2003,101947.0,12
394949,"Owensboro, KY",msa,KY,2004,101916.0,12
394949,"Owensboro, KY",msa,KY,2005,103394.0,12
394949,"Owensboro, KY",msa,KY,2006,106956.0,12
394949,"Owensboro, KY",msa,KY,2007,108068.0,12
394949,"Owensboro, KY",msa,KY,2008,107351.0,12
394949,"Owensboro, KY",msa,KY,2009,106026.0,12
394949,"Owensboro, KY",msa,KY,2010,105424.0,12
394949,"Owensboro, KY",msa,KY,2011,99871.0,12
394949,"Owensboro, KY",msa,KY,2012,101022.0,12
394949,"Owensboro, KY",msa,KY,2013,103082.0,12
394949,"Owensboro, KY",msa,KY,2014,107007.0,12
394949,"Owensboro, KY",msa,KY,2015,112100.0,12
394949,"Owensboro, KY",msa,KY,2016,112623.0,12
394949,"Owensboro, KY",msa,KY,2017,124186.0,12
394949,"Owensboro, KY",msa,KY,2018,134511.0,12
394949,"Owensboro, KY",msa,KY,2019,141059.0,12
394949,"Owensboro, KY",msa,KY,2020,155656.0,12
394949,"Owensboro, KY",msa,KY,2021,170924.0,12
394949,"Owensboro, KY",msa,KY,2022,189599.0,12
394949,"Owensboro, KY",msa,KY,2023,196543.0,12
394949,"Owensboro, KY",msa,KY,2024,205640.0,12
394949,"Owensboro, KY",msa,KY,2025,209933.0,12
394949,"Owensboro, KY",msa,KY,2026,214939.0,7
394951,"Oxford, MS",msa,MS,2009,193091.0,12
394951,"Oxford, MS",msa,MS,2010,188451.0,12
394951,"Oxford, MS",msa,MS,2011,186498.0,12
394951,"Oxford, MS",msa,MS,2012,186909.0,12
394951,"Oxford, MS",msa,MS,2013,193753.0,12
394951,"Oxford, MS",msa,MS,2014,202344.0,12
394951,"Oxford, MS",msa,MS,2015,217324.0,12
394951,"Oxford, MS",msa,MS,2016,232559.0,12
394951,"Oxford, MS",msa,MS,2017,238029.0,12
394951,"Oxford, MS",msa,MS,2018,246076.0,12
394951,"Oxford, MS",msa,MS,2019,245079.0,12
394951,"Oxford, MS",msa,MS,2020,254535.0,12
394951,"Oxford, MS",msa,MS,2021,287006.0,12
394951,"Oxford, MS",msa,MS,2022,303048.0,12
394951,"Oxford, MS",msa,MS,2023,345529.0,12
394951,"Oxford, MS",msa,MS,2024,383819.0,12
394951,"Oxford, MS",msa,MS,2025,401411.0,12
394951,"Oxford, MS",msa,MS,2026,407646.0,7
394952,"Oxnard, CA",msa,CA,2000,292578.0,12
394952,"Oxnard, CA",msa,CA,2001,321977.0,12
394952,"Oxnard, CA",msa,CA,2002,374850.0,12
394952,"Oxnard, CA",msa,CA,2003,450626.0,12
394952,"Oxnard, CA",msa,CA,2004,561723.0,12
394952,"Oxnard, CA",msa,CA,2005,647601.0,12
394952,"Oxnard, CA",msa,CA,2006,652147.0,12
394952,"Oxnard, CA",msa,CA,2007,574888.0,12
394952,"Oxnard, CA",msa,CA,2008,459893.0,12
394952,"Oxnard, CA",msa,CA,2009,426978.0,12
394952,"Oxnard, CA",msa,CA,2010,433969.0,12
394952,"Oxnard, CA",msa,CA,2011,399281.0,12
394952,"Oxnard, CA",msa,CA,2012,398289.0,12
394952,"Oxnard, CA",msa,CA,2013,472610.0,12
394952,"Oxnard, CA",msa,CA,2014,504259.0,12
394952,"Oxnard, CA",msa,CA,2015,536409.0,12
394952,"Oxnard, CA",msa,CA,2016,566125.0,12
394952,"Oxnard, CA",msa,CA,2017,601859.0,12
394952,"Oxnard, CA",msa,CA,2018,621633.0,12
394952,"Oxnard, CA",msa,CA,2019,628425.0,12
394952,"Oxnard, CA",msa,CA,2020,684606.0,12
394952,"Oxnard, CA",msa,CA,2021,779948.0,12
394952,"Oxnard, CA",msa,CA,2022,828364.0,12
394952,"Oxnard, CA",msa,CA,2023,862217.0,12
394952,"Oxnard, CA",msa,CA,2024,892473.0,12
394952,"Oxnard, CA",msa,CA,2025,881534.0,12
394952,"Oxnard, CA",msa,CA,2026,883341.0,7
753911,"Ozark, AL",msa,AL,2003,81975.0,12
753911,"Ozark, AL",msa,AL,2004,85029.0,12
753911,"Ozark, AL",msa,AL,2005,92092.0,12
753911,"Ozark, AL",msa,AL,2006,98554.0,12
753911,"Ozark, AL",msa,AL,2007,102645.0,12
753911,"Ozark, AL",msa,AL,2008,104869.0,12
753911,"Ozark, AL",msa,AL,2009,101426.0,12
753911,"Ozark, AL",msa,AL,2010,98151.0,12
753911,"Ozark, AL",msa,AL,2011,97540.0,12
753911,"Ozark, AL",msa,AL,2012,100767.0,12
753911,"Ozark, AL",msa,AL,2013,105235.0,12
753911,"Ozark, AL",msa,AL,2014,101623.0,12
753911,"Ozark, AL",msa,AL,2015,103709.0,12
753911,"Ozark, AL",msa,AL,2016,103411.0,12
753911,"Ozark, AL",msa,AL,2017,106443.0,12
753911,"Ozark, AL",msa,AL,2018,108841.0,12
753911,"Ozark, AL",msa,AL,2019,115942.0,12
753911,"Ozark, AL",msa,AL,2020,126981.0,12
753911,"Ozark, AL",msa,AL,2021,136842.0,12
753911,"Ozark, AL",msa,AL,2022,147975.0,12
753911,"Ozark, AL",msa,AL,2023,157627.0,12
753911,"Ozark, AL",msa,AL,2024,161396.0,12
753911,"Ozark, AL",msa,AL,2025,160982.0,12
753911,"Ozark, AL",msa,AL,2026,163135.0,7
394953,"Paducah, KY",msa,KY,2000,76604.0,12
394953,"Paducah, KY",msa,KY,2001,79409.0,12
394953,"Paducah, KY",msa,KY,2002,81855.0,12
394953,"Paducah, KY",msa,KY,2003,84997.0,12
394953,"Paducah, KY",msa,KY,2004,87680.0,12
394953,"Paducah, KY",msa,KY,2005,90221.0,8
394953,"Paducah, KY",msa,KY,2006,93413.0,12
394953,"Paducah, KY",msa,KY,2007,94168.0,12
394953,"Paducah, KY",msa,KY,2008,89798.0,12
394953,"Paducah, KY",msa,KY,2009,88390.0,12
394953,"Paducah, KY",msa,KY,2010,88994.0,12
394953,"Paducah, KY",msa,KY,2011,92778.0,12
394953,"Paducah, KY",msa,KY,2012,95776.0,12
394953,"Paducah, KY",msa,KY,2013,96037.0,12
394953,"Paducah, KY",msa,KY,2014,98411.0,12
394953,"Paducah, KY",msa,KY,2015,103737.0,12
394953,"Paducah, KY",msa,KY,2016,106534.0,12
394953,"Paducah, KY",msa,KY,2017,108617.0,12
394953,"Paducah, KY",msa,KY,2018,112205.0,12
394953,"Paducah, KY",msa,KY,2019,118959.0,12
394953,"Paducah, KY",msa,KY,2020,129659.0,12
394953,"Paducah, KY",msa,KY,2021,137916.0,12
394953,"Paducah, KY",msa,KY,2022,150501.0,12
394953,"Paducah, KY",msa,KY,2023,160024.0,12
394953,"Paducah, KY",msa,KY,2024,165263.0,12
394953,"Paducah, KY",msa,KY,2025,172109.0,12
394953,"Paducah, KY",msa,KY,2026,170202.0,7
394954,"Pahrump, NV",msa,NV,2009,123878.0,12
394954,"Pahrump, NV",msa,NV,2010,109959.0,12
394954,"Pahrump, NV",msa,NV,2011,98316.0,12
394954,"Pahrump, NV",msa,NV,2012,105127.0,12
394954,"Pahrump, NV",msa,NV,2013,126851.0,12
394954,"Pahrump, NV",msa,NV,2014,142370.0,12
394954,"Pahrump, NV",msa,NV,2015,153484.0,12
394954,"Pahrump, NV",msa,NV,2016,159953.0,12
394954,"Pahrump, NV",msa,NV,2017,176897.0,12
394954,"Pahrump, NV",msa,NV,2018,210099.0,12
394954,"Pahrump, NV",msa,NV,2019,238014.0,12
394954,"Pahrump, NV",msa,NV,2020,259596.0,12
394954,"Pahrump, NV",msa,NV,2021,331241.0,12
394954,"Pahrump, NV",msa,NV,2022,350891.0,12
394954,"Pahrump, NV",msa,NV,2023,340103.0,12
394954,"Pahrump, NV",msa,NV,2024,352562.0,12
394954,"Pahrump, NV",msa,NV,2025,361047.0,12
394954,"Pahrump, NV",msa,NV,2026,363818.0,7
394955,"Palatka, FL",msa,FL,2004,92914.0,12
394955,"Palatka, FL",msa,FL,2005,113970.0,12
394955,"Palatka, FL",msa,FL,2006,143061.0,12
394955,"Palatka, FL",msa,FL,2007,142395.0,12
394955,"Palatka, FL",msa,FL,2008,111192.0,12
394955,"Palatka, FL",msa,FL,2009,96872.0,12
394955,"Palatka, FL",msa,FL,2010,90851.0,12
394955,"Palatka, FL",msa,FL,2011,86696.0,12
394955,"Palatka, FL",msa,FL,2012,84934.0,12
394955,"Palatka, FL",msa,FL,2013,85382.0,12
394955,"Palatka, FL",msa,FL,2014,86152.0,12
394955,"Palatka, FL",msa,FL,2015,95163.0,12
394955,"Palatka, FL",msa,FL,2016,100093.0,12
394955,"Palatka, FL",msa,FL,2017,112355.0,12
394955,"Palatka, FL",msa,FL,2018,123452.0,12
394955,"Palatka, FL",msa,FL,2019,140670.0,12
394955,"Palatka, FL",msa,FL,2020,162383.0,12
394955,"Palatka, FL",msa,FL,2021,195507.0,12
394955,"Palatka, FL",msa,FL,2022,215871.0,12
394955,"Palatka, FL",msa,FL,2023,217670.0,12
394955,"Palatka, FL",msa,FL,2024,221483.0,12
394955,"Palatka, FL",msa,FL,2025,217635.0,12
394955,"Palatka, FL",msa,FL,2026,220063.0,7
394956,"Palestine, TX",msa,TX,2009,124912.0,12
394956,"Palestine, TX",msa,TX,2010,124110.0,12
394956,"Palestine, TX",msa,TX,2011,123145.0,12
394956,"Palestine, TX",msa,TX,2012,119952.0,12
394956,"Palestine, TX",msa,TX,2013,117752.0,12
394956,"Palestine, TX",msa,TX,2014,118106.0,12
394956,"Palestine, TX",msa,TX,2015,125919.0,12
394956,"Palestine, TX",msa,TX,2016,129262.0,12
394956,"Palestine, TX",msa,TX,2017,132746.0,12
394956,"Palestine, TX",msa,TX,2018,138785.0,12
394956,"Palestine, TX",msa,TX,2019,148532.0,12
394956,"Palestine, TX",msa,TX,2020,163133.0,12
394956,"Palestine, TX",msa,TX,2021,190994.0,12
394956,"Palestine, TX",msa,TX,2022,211996.0,12
394956,"Palestine, TX",msa,TX,2023,223745.0,12
394956,"Palestine, TX",msa,TX,2024,226049.0,12
394956,"Palestine, TX",msa,TX,2025,211872.0,12
394956,"Palestine, TX",msa,TX,2026,219525.0,7
394957,"Palm Bay, FL",msa,FL,2000,112240.0,12
394957,"Palm Bay, FL",msa,FL,2001,120121.0,12
394957,"Palm Bay, FL",msa,FL,2002,132301.0,12
394957,"Palm Bay, FL",msa,FL,2003,150613.0,12
394957,"Palm Bay, FL",msa,FL,2004,190203.0,12
394957,"Palm Bay, FL",msa,FL,2005,247113.0,12
394957,"Palm Bay, FL",msa,FL,2006,253461.0,12
394957,"Palm Bay, FL",msa,FL,2007,211264.0,12
394957,"Palm Bay, FL",msa,FL,2008,165120.0,12
394957,"Palm Bay, FL",msa,FL,2009,141753.0,12
394957,"Palm Bay, FL",msa,FL,2010,127804.0,12
394957,"Palm Bay, FL",msa,FL,2011,117332.0,12
394957,"Palm Bay, FL",msa,FL,2012,120835.0,12
394957,"Palm Bay, FL",msa,FL,2013,137713.0,12
394957,"Palm Bay, FL",msa,FL,2014,149886.0,12
394957,"Palm Bay, FL",msa,FL,2015,169063.0,12
394957,"Palm Bay, FL",msa,FL,2016,187501.0,12
394957,"Palm Bay, FL",msa,FL,2017,208986.0,12
394957,"Palm Bay, FL",msa,FL,2018,224121.0,12
394957,"Palm Bay, FL",msa,FL,2019,231912.0,12
394957,"Palm Bay, FL",msa,FL,2020,255822.0,12
394957,"Palm Bay, FL",msa,FL,2021,310859.0,12
394957,"Palm Bay, FL",msa,FL,2022,365079.0,12
394957,"Palm Bay, FL",msa,FL,2023,367392.0,12
394957,"Palm Bay, FL",msa,FL,2024,360176.0,12
394957,"Palm Bay, FL",msa,FL,2025,345310.0,12
394957,"Palm Bay, FL",msa,FL,2026,344709.0,7
394959,"Pampa, TX",msa,TX,2009,84091.0,12
394959,"Pampa, TX",msa,TX,2010,83953.0,12
394959,"Pampa, TX",msa,TX,2011,84802.0,12
394959,"Pampa, TX",msa,TX,2012,87488.0,12
394959,"Pampa, TX",msa,TX,2013,92403.0,12
394959,"Pampa, TX",msa,TX,2014,95278.0,12
394959,"Pampa, TX",msa,TX,2015,100527.0,12
394959,"Pampa, TX",msa,TX,2016,92930.0,12
394959,"Pampa, TX",msa,TX,2017,88138.0,12
394959,"Pampa, TX",msa,TX,2018,87343.0,12
394959,"Pampa, TX",msa,TX,2019,95484.0,12
394959,"Pampa, TX",msa,TX,2020,97261.0,12
394959,"Pampa, TX",msa,TX,2021,105691.0,12
394959,"Pampa, TX",msa,TX,2022,102861.0,12
394959,"Pampa, TX",msa,TX,2023,109562.0,12
394959,"Pampa, TX",msa,TX,2024,108800.0,12
394959,"Pampa, TX",msa,TX,2025,106545.0,12
394959,"Pampa, TX",msa,TX,2026,106323.0,7
394960,"Panama City, FL",msa,FL,2000,117753.0,12
394960,"Panama City, FL",msa,FL,2001,121926.0,12
394960,"Panama City, FL",msa,FL,2002,129822.0,12
394960,"Panama City, FL",msa,FL,2003,145643.0,12
394960,"Panama City, FL",msa,FL,2004,180104.0,12
394960,"Panama City, FL",msa,FL,2005,235734.0,12
394960,"Panama City, FL",msa,FL,2006,243627.0,12
394960,"Panama City, FL",msa,FL,2007,229194.0,12
394960,"Panama City, FL",msa,FL,2008,201556.0,12
394960,"Panama City, FL",msa,FL,2009,178154.0,12
394960,"Panama City, FL",msa,FL,2010,166259.0,12
394960,"Panama City, FL",msa,FL,2011,150107.0,12
394960,"Panama City, FL",msa,FL,2012,150463.0,12
394960,"Panama City, FL",msa,FL,2013,161350.0,12
394960,"Panama City, FL",msa,FL,2014,171116.0,12
394960,"Panama City, FL",msa,FL,2015,182900.0,12
394960,"Panama City, FL",msa,FL,2016,189982.0,12
394960,"Panama City, FL",msa,FL,2017,202350.0,12
394960,"Panama City, FL",msa,FL,2018,223457.0,12
394960,"Panama City, FL",msa,FL,2019,229108.0,12
394960,"Panama City, FL",msa,FL,2020,258226.0,12
394960,"Panama City, FL",msa,FL,2021,311220.0,12
394960,"Panama City, FL",msa,FL,2022,363806.0,12
394960,"Panama City, FL",msa,FL,2023,366909.0,12
394960,"Panama City, FL",msa,FL,2024,354420.0,12
394960,"Panama City, FL",msa,FL,2025,341663.0,12
394960,"Panama City, FL",msa,FL,2026,344879.0,7
394961,"Paragould, AR",msa,AR,2000,80294.0,12
394961,"Paragould, AR",msa,AR,2001,82485.0,12
394961,"Paragould, AR",msa,AR,2002,84652.0,12
394961,"Paragould, AR",msa,AR,2003,87648.0,12
394961,"Paragould, AR",msa,AR,2004,92773.0,12
394961,"Paragould, AR",msa,AR,2005,100428.0,12
394961,"Paragould, AR",msa,AR,2006,104099.0,12
394961,"Paragould, AR",msa,AR,2007,105104.0,12
394961,"Paragould, AR",msa,AR,2008,104262.0,12
394961,"Paragould, AR",msa,AR,2009,102050.0,12
394961,"Paragould, AR",msa,AR,2010,101632.0,12
394961,"Paragould, AR",msa,AR,2011,101977.0,12
394961,"Paragould, AR",msa,AR,2012,113341.0,12
394961,"Paragould, AR",msa,AR,2013,107000.0,12
394961,"Paragould, AR",msa,AR,2014,111358.0,12
394961,"Paragould, AR",msa,AR,2015,115751.0,12
394961,"Paragould, AR",msa,AR,2016,124203.0,12
394961,"Paragould, AR",msa,AR,2017,126211.0,12
394961,"Paragould, AR",msa,AR,2018,130194.0,12
394961,"Paragould, AR",msa,AR,2019,137197.0,12
394961,"Paragould, AR",msa,AR,2020,150182.0,12
394961,"Paragould, AR",msa,AR,2021,170996.0,12
394961,"Paragould, AR",msa,AR,2022,182860.0,12
394961,"Paragould, AR",msa,AR,2023,187080.0,12
394961,"Paragould, AR",msa,AR,2024,191093.0,12
394961,"Paragould, AR",msa,AR,2025,190622.0,12
394961,"Paragould, AR",msa,AR,2026,195026.0,7
394962,"Paris, TN",msa,TN,2000,88573.0,12
394962,"Paris, TN",msa,TN,2001,91676.0,12
394962,"Paris, TN",msa,TN,2002,93192.0,12
394962,"Paris, TN",msa,TN,2003,93144.0,12
394962,"Paris, TN",msa,TN,2004,94687.0,12
394962,"Paris, TN",msa,TN,2005,100278.0,12
394962,"Paris, TN",msa,TN,2006,103084.0,12
394962,"Paris, TN",msa,TN,2007,107291.0,12
394962,"Paris, TN",msa,TN,2008,107950.0,12
394962,"Paris, TN",msa,TN,2009,102968.0,12
394962,"Paris, TN",msa,TN,2010,101636.0,12
394962,"Paris, TN",msa,TN,2011,99372.0,12
394962,"Paris, TN",msa,TN,2012,102269.0,12
394962,"Paris, TN",msa,TN,2013,104301.0,12
394962,"Paris, TN",msa,TN,2014,107496.0,12
394962,"Paris, TN",msa,TN,2015,110423.0,12
394962,"Paris, TN",msa,TN,2016,117980.0,12
394962,"Paris, TN",msa,TN,2017,121086.0,12
394962,"Paris, TN",msa,TN,2018,124650.0,12
394962,"Paris, TN",msa,TN,2019,134971.0,12
394962,"Paris, TN",msa,TN,2020,146735.0,12
394962,"Paris, TN",msa,TN,2021,174052.0,12
394962,"Paris, TN",msa,TN,2022,189777.0,12
394962,"Paris, TN",msa,TN,2023,197723.0,12
394962,"Paris, TN",msa,TN,2024,204525.0,12
394962,"Paris, TN",msa,TN,2025,214501.0,12
394962,"Paris, TN",msa,TN,2026,222384.0,7
394963,"Paris, TX",msa,TX,2009,109616.0,12
394963,"Paris, TX",msa,TX,2010,108288.0,12
394963,"Paris, TX",msa,TX,2011,108044.0,12
394963,"Paris, TX",msa,TX,2012,105115.0,12
394963,"Paris, TX",msa,TX,2013,107707.0,12
394963,"Paris, TX",msa,TX,2014,115309.0,12
394963,"Paris, TX",msa,TX,2015,116780.0,12
394963,"Paris, TX",msa,TX,2016,124280.0,12
394963,"Paris, TX",msa,TX,2017,130588.0,12
394963,"Paris, TX",msa,TX,2018,140356.0,12
394963,"Paris, TX",msa,TX,2019,138863.0,12
394963,"Paris, TX",msa,TX,2020,155655.0,12
394963,"Paris, TX",msa,TX,2021,192854.0,12
394963,"Paris, TX",msa,TX,2022,203781.0,12
394963,"Paris, TX",msa,TX,2023,194930.0,12
394963,"Paris, TX",msa,TX,2024,197559.0,12
394963,"Paris, TX",msa,TX,2025,203001.0,12
394963,"Paris, TX",msa,TX,2026,205978.0,7
394964,"Parkersburg, WV",msa,WV,2000,81962.0,12
394964,"Parkersburg, WV",msa,WV,2001,85260.0,12
394964,"Parkersburg, WV",msa,WV,2002,88486.0,12
394964,"Parkersburg, WV",msa,WV,2003,91304.0,12
394964,"Parkersburg, WV",msa,WV,2004,97156.0,12
394964,"Parkersburg, WV",msa,WV,2005,99994.0,12
394964,"Parkersburg, WV",msa,WV,2006,102758.0,12
394964,"Parkersburg, WV",msa,WV,2007,103887.0,12
394964,"Parkersburg, WV",msa,WV,2008,104254.0,12
394964,"Parkersburg, WV",msa,WV,2009,101100.0,12
394964,"Parkersburg, WV",msa,WV,2010,102107.0,12
394964,"Parkersburg, WV",msa,WV,2011,101404.0,12
394964,"Parkersburg, WV",msa,WV,2012,100560.0,12
394964,"Parkersburg, WV",msa,WV,2013,103808.0,12
394964,"Parkersburg, WV",msa,WV,2014,105017.0,12
394964,"Parkersburg, WV",msa,WV,2015,110408.0,12
394964,"Parkersburg, WV",msa,WV,2016,109132.0,12
394964,"Parkersburg, WV",msa,WV,2017,112055.0,12
394964,"Parkersburg, WV",msa,WV,2018,116779.0,12
394964,"Parkersburg, WV",msa,WV,2019,122956.0,12
394964,"Parkersburg, WV",msa,WV,2020,132131.0,12
394964,"Parkersburg, WV",msa,WV,2021,142255.0,12
394964,"Parkersburg, WV",msa,WV,2022,155667.0,12
394964,"Parkersburg, WV",msa,WV,2023,161621.0,12
394964,"Parkersburg, WV",msa,WV,2024,168613.0,12
394964,"Parkersburg, WV",msa,WV,2025,170526.0,12
394964,"Parkersburg, WV",msa,WV,2026,170898.0,7
394965,"Parsons, KS",msa,KS,2016,67143.0,12
394965,"Parsons, KS",msa,KS,2017,63503.0,12
394965,"Parsons, KS",msa,KS,2018,66019.0,12
394965,"Parsons, KS",msa,KS,2019,71040.0,12
394965,"Parsons, KS",msa,KS,2020,79737.0,12
394965,"Parsons, KS",msa,KS,2021,87656.0,12
394965,"Parsons, KS",msa,KS,2022,100398.0,12
394965,"Parsons, KS",msa,KS,2023,94111.0,12
394965,"Parsons, KS",msa,KS,2024,101780.0,12
394965,"Parsons, KS",msa,KS,2025,95953.0,12
394965,"Parsons, KS",msa,KS,2026,99474.0,7
394967,"Payson, AZ",msa,AZ,2000,95755.0,12
394967,"Payson, AZ",msa,AZ,2001,101633.0,12
394967,"Payson, AZ",msa,AZ,2002,106738.0,12
394967,"Payson, AZ",msa,AZ,2003,113722.0,12
394967,"Payson, AZ",msa,AZ,2004,133338.0,12
394967,"Payson, AZ",msa,AZ,2005,177681.0,12
394967,"Payson, AZ",msa,AZ,2006,220078.0,12
394967,"Payson, AZ",msa,AZ,2007,233889.0,12
394967,"Payson, AZ",msa,AZ,2008,203409.0,12
394967,"Payson, AZ",msa,AZ,2009,174366.0,12
394967,"Payson, AZ",msa,AZ,2010,158934.0,12
394967,"Payson, AZ",msa,AZ,2011,151394.0,12
394967,"Payson, AZ",msa,AZ,2012,162506.0,12
394967,"Payson, AZ",msa,AZ,2013,174013.0,12
394967,"Payson, AZ",msa,AZ,2014,184689.0,12
394967,"Payson, AZ",msa,AZ,2015,199366.0,12
394967,"Payson, AZ",msa,AZ,2016,205528.0,12
394967,"Payson, AZ",msa,AZ,2017,215997.0,12
394967,"Payson, AZ",msa,AZ,2018,232342.0,12
394967,"Payson, AZ",msa,AZ,2019,254335.0,12
394967,"Payson, AZ",msa,AZ,2020,283031.0,12
394967,"Payson, AZ",msa,AZ,2021,356057.0,12
394967,"Payson, AZ",msa,AZ,2022,382780.0,12
394967,"Payson, AZ",msa,AZ,2023,387911.0,12
394967,"Payson, AZ",msa,AZ,2024,397243.0,12
394967,"Payson, AZ",msa,AZ,2025,389386.0,12
394967,"Payson, AZ",msa,AZ,2026,390104.0,7
394968,"Pecos, TX",msa,TX,2016,174678.0,12
394968,"Pecos, TX",msa,TX,2017,174807.0,12
394968,"Pecos, TX",msa,TX,2018,208051.0,12
394968,"Pecos, TX",msa,TX,2019,228859.0,12
394968,"Pecos, TX",msa,TX,2020,269059.0,12
394968,"Pecos, TX",msa,TX,2021,296932.0,12
394968,"Pecos, TX",msa,TX,2022,266469.0,12
394968,"Pecos, TX",msa,TX,2023,192987.0,12
394968,"Pecos, TX",msa,TX,2024,181058.0,12
394968,"Pecos, TX",msa,TX,2025,175631.0,12
394968,"Pecos, TX",msa,TX,2026,178053.0,7
394971,"Pensacola, FL",msa,FL,2000,114322.0,12
394971,"Pensacola, FL",msa,FL,2001,116090.0,12
394971,"Pensacola, FL",msa,FL,2002,120024.0,12
394971,"Pensacola, FL",msa,FL,2003,126944.0,12
394971,"Pensacola, FL",msa,FL,2004,144736.0,12
394971,"Pensacola, FL",msa,FL,2005,183541.0,12
394971,"Pensacola, FL",msa,FL,2006,191073.0,12
394971,"Pensacola, FL",msa,FL,2007,179669.0,12
394971,"Pensacola, FL",msa,FL,2008,158839.0,12
394971,"Pensacola, FL",msa,FL,2009,150473.0,12
394971,"Pensacola, FL",msa,FL,2010,141504.0,12
394971,"Pensacola, FL",msa,FL,2011,132083.0,12
394971,"Pensacola, FL",msa,FL,2012,129984.0,12
394971,"Pensacola, FL",msa,FL,2013,139643.0,12
394971,"Pensacola, FL",msa,FL,2014,145823.0,12
394971,"Pensacola, FL",msa,FL,2015,153329.0,12
394971,"Pensacola, FL",msa,FL,2016,162493.0,12
394971,"Pensacola, FL",msa,FL,2017,175170.0,12
394971,"Pensacola, FL",msa,FL,2018,187855.0,12
394971,"Pensacola, FL",msa,FL,2019,203041.0,12
394971,"Pensacola, FL",msa,FL,2020,229248.0,12
394971,"Pensacola, FL",msa,FL,2021,273326.0,12
394971,"Pensacola, FL",msa,FL,2022,308272.0,12
394971,"Pensacola, FL",msa,FL,2023,314469.0,12
394971,"Pensacola, FL",msa,FL,2024,312653.0,12
394971,"Pensacola, FL",msa,FL,2025,307781.0,12
394971,"Pensacola, FL",msa,FL,2026,311363.0,7
394972,"Peoria, IL",msa,IL,2002,100931.0,12
394972,"Peoria, IL",msa,IL,2003,103640.0,12
394972,"Peoria, IL",msa,IL,2004,109406.0,12
394972,"Peoria, IL",msa,IL,2005,113880.0,12
394972,"Peoria, IL",msa,IL,2006,118726.0,12
394972,"Peoria, IL",msa,IL,2007,120535.0,12
394972,"Peoria, IL",msa,IL,2008,118620.0,12
394972,"Peoria, IL",msa,IL,2009,116421.0,12
394972,"Peoria, IL",msa,IL,2010,114601.0,12
394972,"Peoria, IL",msa,IL,2011,111342.0,12
394972,"Peoria, IL",msa,IL,2012,113112.0,12
394972,"Peoria, IL",msa,IL,2013,115110.0,12
394972,"Peoria, IL",msa,IL,2014,116414.0,12
394972,"Peoria, IL",msa,IL,2015,117704.0,12
394972,"Peoria, IL",msa,IL,2016,116121.0,12
394972,"Peoria, IL",msa,IL,2017,115223.0,12
394972,"Peoria, IL",msa,IL,2018,114007.0,12
394972,"Peoria, IL",msa,IL,2019,114574.0,12
394972,"Peoria, IL",msa,IL,2020,121336.0,12
394972,"Peoria, IL",msa,IL,2021,131920.0,12
394972,"Peoria, IL",msa,IL,2022,141433.0,12
394972,"Peoria, IL",msa,IL,2023,148471.0,12
394972,"Peoria, IL",msa,IL,2024,156900.0,12
394972,"Peoria, IL",msa,IL,2025,170406.0,12
394972,"Peoria, IL",msa,IL,2026,175814.0,7
394973,"Peru, IN",msa,IN,2009,67050.0,12
394973,"Peru, IN",msa,IN,2010,65648.0,12
394973,"Peru, IN",msa,IN,2011,64897.0,12
394973,"Peru, IN",msa,IN,2012,65111.0,12
394973,"Peru, IN",msa,IN,2013,66466.0,12
394973,"Peru, IN",msa,IN,2014,70957.0,12
394973,"Peru, IN",msa,IN,2015,77134.0,12
394973,"Peru, IN",msa,IN,2016,79488.0,12
394973,"Peru, IN",msa,IN,2017,83532.0,12
394973,"Peru, IN",msa,IN,2018,90588.0,12
394973,"Peru, IN",msa,IN,2019,97201.0,12
394973,"Peru, IN",msa,IN,2020,108773.0,12
394973,"Peru, IN",msa,IN,2021,124742.0,12
394973,"Peru, IN",msa,IN,2022,131665.0,12
394973,"Peru, IN",msa,IN,2023,136614.0,12
394973,"Peru, IN",msa,IN,2024,146532.0,12
394973,"Peru, IN",msa,IN,2025,158756.0,12
394973,"Peru, IN",msa,IN,2026,164779.0,7
394974,"Philadelphia, PA",msa,PA,2000,130256.0,12
394974,"Philadelphia, PA",msa,PA,2001,139686.0,12
394974,"Philadelphia, PA",msa,PA,2002,154765.0,12
394974,"Philadelphia, PA",msa,PA,2003,174973.0,12
394974,"Philadelphia, PA",msa,PA,2004,200688.0,12
394974,"Philadelphia, PA",msa,PA,2005,230152.0,12
394974,"Philadelphia, PA",msa,PA,2006,243888.0,12
394974,"Philadelphia, PA",msa,PA,2007,244010.0,12
394974,"Philadelphia, PA",msa,PA,2008,231475.0,12
394974,"Philadelphia, PA",msa,PA,2009,223272.0,12
394974,"Philadelphia, PA",msa,PA,2010,216922.0,12
394974,"Philadelphia, PA",msa,PA,2011,204223.0,12
394974,"Philadelphia, PA",msa,PA,2012,201266.0,12
394974,"Philadelphia, PA",msa,PA,2013,207346.0,12
394974,"Philadelphia, PA",msa,PA,2014,210528.0,12
394974,"Philadelphia, PA",msa,PA,2015,217995.0,12
394974,"Philadelphia, PA",msa,PA,2016,226518.0,12
394974,"Philadelphia, PA",msa,PA,2017,236374.0,12
394974,"Philadelphia, PA",msa,PA,2018,245057.0,12
394974,"Philadelphia, PA",msa,PA,2019,255641.0,12
394974,"Philadelphia, PA",msa,PA,2020,280932.0,12
394974,"Philadelphia, PA",msa,PA,2021,309757.0,12
394974,"Philadelphia, PA",msa,PA,2022,337504.0,12
394974,"Philadelphia, PA",msa,PA,2023,359028.0,12
394974,"Philadelphia, PA",msa,PA,2024,376158.0,12
394974,"Philadelphia, PA",msa,PA,2025,386594.0,12
394974,"Philadelphia, PA",msa,PA,2026,392329.0,7
394976,"Phoenix, AZ",msa,AZ,2000,152153.0,12
394976,"Phoenix, AZ",msa,AZ,2001,160084.0,12
394976,"Phoenix, AZ",msa,AZ,2002,167721.0,12
394976,"Phoenix, AZ",msa,AZ,2003,177159.0,12
394976,"Phoenix, AZ",msa,AZ,2004,201110.0,12
394976,"Phoenix, AZ",msa,AZ,2005,290404.0,12
394976,"Phoenix, AZ",msa,AZ,2006,299377.0,12
394976,"Phoenix, AZ",msa,AZ,2007,273829.0,12
394976,"Phoenix, AZ",msa,AZ,2008,200266.0,12
394976,"Phoenix, AZ",msa,AZ,2009,163110.0,12
394976,"Phoenix, AZ",msa,AZ,2010,147207.0,12
394976,"Phoenix, AZ",msa,AZ,2011,136764.0,12
394976,"Phoenix, AZ",msa,AZ,2012,166650.0,12
394976,"Phoenix, AZ",msa,AZ,2013,199284.0,12
394976,"Phoenix, AZ",msa,AZ,2014,208664.0,12
394976,"Phoenix, AZ",msa,AZ,2015,227567.0,12
394976,"Phoenix, AZ",msa,AZ,2016,243101.0,12
394976,"Phoenix, AZ",msa,AZ,2017,260056.0,12
394976,"Phoenix, AZ",msa,AZ,2018,280752.0,12
394976,"Phoenix, AZ",msa,AZ,2019,297948.0,12
394976,"Phoenix, AZ",msa,AZ,2020,341658.0,12
394976,"Phoenix, AZ",msa,AZ,2021,442022.0,12
394976,"Phoenix, AZ",msa,AZ,2022,468945.0,12
394976,"Phoenix, AZ",msa,AZ,2023,464106.0,12
394976,"Phoenix, AZ",msa,AZ,2024,464885.0,12
394976,"Phoenix, AZ",msa,AZ,2025,450009.0,12
394976,"Phoenix, AZ",msa,AZ,2026,445924.0,7
394977,"Picayune, MS",msa,MS,2012,94507.0,12
394977,"Picayune, MS",msa,MS,2013,108276.0,12
394977,"Picayune, MS",msa,MS,2014,111953.0,12
394977,"Picayune, MS",msa,MS,2015,131276.0,12
394977,"Picayune, MS",msa,MS,2016,128410.0,12
394977,"Picayune, MS",msa,MS,2017,133704.0,12
394977,"Picayune, MS",msa,MS,2018,137317.0,12
394977,"Picayune, MS",msa,MS,2019,139729.0,12
394977,"Picayune, MS",msa,MS,2020,148107.0,12
394977,"Picayune, MS",msa,MS,2021,161589.0,12
394977,"Picayune, MS",msa,MS,2022,171433.0,12
394977,"Picayune, MS",msa,MS,2023,181246.0,12
394977,"Picayune, MS",msa,MS,2024,187559.0,12
394977,"Picayune, MS",msa,MS,2025,189262.0,12
394977,"Picayune, MS",msa,MS,2026,192886.0,7
394979,"Pierre, SD",msa,SD,2009,157037.0,12
394979,"Pierre, SD",msa,SD,2010,158208.0,12
394979,"Pierre, SD",msa,SD,2011,159083.0,12
394979,"Pierre, SD",msa,SD,2012,164004.0,12
394979,"Pierre, SD",msa,SD,2013,175315.0,12
394979,"Pierre, SD",msa,SD,2014,178649.0,12
394979,"Pierre, SD",msa,SD,2015,183728.0,12
394979,"Pierre, SD",msa,SD,2016,189902.0,12
394979,"Pierre, SD",msa,SD,2017,195756.0,12
394979,"Pierre, SD",msa,SD,2018,201953.0,12
394979,"Pierre, SD",msa,SD,2019,207810.0,12
394979,"Pierre, SD",msa,SD,2020,222975.0,12
394979,"Pierre, SD",msa,SD,2021,251839.0,12
394979,"Pierre, SD",msa,SD,2022,275183.0,12
394979,"Pierre, SD",msa,SD,2023,271524.0,12
394979,"Pierre, SD",msa,SD,2024,281534.0,12
394979,"Pierre, SD",msa,SD,2025,295993.0,12
394979,"Pierre, SD",msa,SD,2026,299750.0,7
394980,"Pine Bluff, AR",msa,AR,2000,52605.0,12
394980,"Pine Bluff, AR",msa,AR,2001,54589.0,12
394980,"Pine Bluff, AR",msa,AR,2002,56555.0,12
394980,"Pine Bluff, AR",msa,AR,2003,58890.0,12
394980,"Pine Bluff, AR",msa,AR,2004,62460.0,12
394980,"Pine Bluff, AR",msa,AR,2005,67274.0,12
394980,"Pine Bluff, AR",msa,AR,2006,70554.0,12
394980,"Pine Bluff, AR",msa,AR,2007,71778.0,12
394980,"Pine Bluff, AR",msa,AR,2008,72684.0,12
394980,"Pine Bluff, AR",msa,AR,2009,69251.0,12
394980,"Pine Bluff, AR",msa,AR,2010,70223.0,12
394980,"Pine Bluff, AR",msa,AR,2011,69289.0,12
394980,"Pine Bluff, AR",msa,AR,2012,71981.0,12
394980,"Pine Bluff, AR",msa,AR,2013,69462.0,12
394980,"Pine Bluff, AR",msa,AR,2014,65663.0,12
394980,"Pine Bluff, AR",msa,AR,2015,71412.0,12
394980,"Pine Bluff, AR",msa,AR,2016,76126.0,12
394980,"Pine Bluff, AR",msa,AR,2017,78543.0,12
394980,"Pine Bluff, AR",msa,AR,2018,78989.0,12
394980,"Pine Bluff, AR",msa,AR,2019,84056.0,12
394980,"Pine Bluff, AR",msa,AR,2020,93451.0,12
394980,"Pine Bluff, AR",msa,AR,2021,104712.0,12
394980,"Pine Bluff, AR",msa,AR,2022,102674.0,12
394980,"Pine Bluff, AR",msa,AR,2023,104766.0,12
394980,"Pine Bluff, AR",msa,AR,2024,104051.0,12
394980,"Pine Bluff, AR",msa,AR,2025,101008.0,12
394980,"Pine Bluff, AR",msa,AR,2026,102933.0,7
753912,"Pinehurst, NC",msa,NC,2008,225626.0,12
753912,"Pinehurst, NC",msa,NC,2009,210401.0,12
753912,"Pinehurst, NC",msa,NC,2010,206454.0,12
753912,"Pinehurst, NC",msa,NC,2011,200214.0,12
753912,"Pinehurst, NC",msa,NC,2012,197246.0,12
753912,"Pinehurst, NC",msa,NC,2013,197973.0,12
753912,"Pinehurst, NC",msa,NC,2014,203901.0,12
753912,"Pinehurst, NC",msa,NC,2015,208747.0,12
753912,"Pinehurst, NC",msa,NC,2016,216997.0,12
753912,"Pinehurst, NC",msa,NC,2017,227583.0,12
753912,"Pinehurst, NC",msa,NC,2018,237068.0,12
753912,"Pinehurst, NC",msa,NC,2019,247372.0,12
753912,"Pinehurst, NC",msa,NC,2020,276492.0,12
753912,"Pinehurst, NC",msa,NC,2021,332230.0,12
753912,"Pinehurst, NC",msa,NC,2022,385331.0,12
753912,"Pinehurst, NC",msa,NC,2023,400946.0,12
753912,"Pinehurst, NC",msa,NC,2024,412245.0,12
753912,"Pinehurst, NC",msa,NC,2025,415219.0,12
753912,"Pinehurst, NC",msa,NC,2026,416453.0,7
394981,"Pittsburg, KS",msa,KS,2009,85243.0,12
394981,"Pittsburg, KS",msa,KS,2010,84451.0,12
394981,"Pittsburg, KS",msa,KS,2011,84011.0,12
394981,"Pittsburg, KS",msa,KS,2012,83040.0,12
394981,"Pittsburg, KS",msa,KS,2013,84069.0,12
394981,"Pittsburg, KS",msa,KS,2014,84077.0,12
394981,"Pittsburg, KS",msa,KS,2015,86796.0,12
394981,"Pittsburg, KS",msa,KS,2016,87093.0,12
394981,"Pittsburg, KS",msa,KS,2017,83284.0,12
394981,"Pittsburg, KS",msa,KS,2018,86112.0,12
394981,"Pittsburg, KS",msa,KS,2019,89590.0,12
394981,"Pittsburg, KS",msa,KS,2020,100619.0,12
394981,"Pittsburg, KS",msa,KS,2021,111817.0,12
394981,"Pittsburg, KS",msa,KS,2022,126708.0,12
394981,"Pittsburg, KS",msa,KS,2023,131296.0,12
394981,"Pittsburg, KS",msa,KS,2024,142100.0,12
394981,"Pittsburg, KS",msa,KS,2025,139529.0,12
394981,"Pittsburg, KS",msa,KS,2026,140473.0,7
394982,"Pittsburgh, PA",msa,PA,2000,93382.0,12
394982,"Pittsburgh, PA",msa,PA,2001,98628.0,12
394982,"Pittsburgh, PA",msa,PA,2002,103794.0,12
394982,"Pittsburgh, PA",msa,PA,2003,108780.0,12
394982,"Pittsburgh, PA",msa,PA,2004,114246.0,12
394982,"Pittsburgh, PA",msa,PA,2005,119422.0,12
394982,"Pittsburgh, PA",msa,PA,2006,122417.0,12
394982,"Pittsburgh, PA",msa,PA,2007,125196.0,12
394982,"Pittsburgh, PA",msa,PA,2008,124868.0,12
394982,"Pittsburgh, PA",msa,PA,2009,126573.0,12
394982,"Pittsburgh, PA",msa,PA,2010,129862.0,12
394982,"Pittsburgh, PA",msa,PA,2011,128037.0,12
394982,"Pittsburgh, PA",msa,PA,2012,130084.0,12
394982,"Pittsburgh, PA",msa,PA,2013,134847.0,12
394982,"Pittsburgh, PA",msa,PA,2014,139711.0,12
394982,"Pittsburgh, PA",msa,PA,2015,146743.0,12
394982,"Pittsburgh, PA",msa,PA,2016,151526.0,12
394982,"Pittsburgh, PA",msa,PA,2017,157879.0,12
394982,"Pittsburgh, PA",msa,PA,2018,163953.0,12
394982,"Pittsburgh, PA",msa,PA,2019,171828.0,12
394982,"Pittsburgh, PA",msa,PA,2020,189809.0,12
394982,"Pittsburgh, PA",msa,PA,2021,205159.0,12
394982,"Pittsburgh, PA",msa,PA,2022,214200.0,12
394982,"Pittsburgh, PA",msa,PA,2023,222256.0,12
394982,"Pittsburgh, PA",msa,PA,2024,228099.0,12
394982,"Pittsburgh, PA",msa,PA,2025,231484.0,12
394982,"Pittsburgh, PA",msa,PA,2026,231708.0,7
394983,"Pittsfield, MA",msa,MA,2000,139291.0,12
394983,"Pittsfield, MA",msa,MA,2001,144855.0,12
394983,"Pittsfield, MA",msa,MA,2002,157738.0,12
394983,"Pittsfield, MA",msa,MA,2003,173224.0,12
394983,"Pittsfield, MA",msa,MA,2004,195955.0,12
394983,"Pittsfield, MA",msa,MA,2005,216934.0,12
394983,"Pittsfield, MA",msa,MA,2006,230404.0,12
394983,"Pittsfield, MA",msa,MA,2007,231906.0,12
394983,"Pittsfield, MA",msa,MA,2008,221553.0,12
394983,"Pittsfield, MA",msa,MA,2009,204816.0,12
394983,"Pittsfield, MA",msa,MA,2010,208808.0,12
394983,"Pittsfield, MA",msa,MA,2011,198436.0,12
394983,"Pittsfield, MA",msa,MA,2012,199684.0,12
394983,"Pittsfield, MA",msa,MA,2013,204572.0,12
394983,"Pittsfield, MA",msa,MA,2014,205272.0,12
394983,"Pittsfield, MA",msa,MA,2015,211396.0,12
394983,"Pittsfield, MA",msa,MA,2016,214109.0,12
394983,"Pittsfield, MA",msa,MA,2017,220609.0,12
394983,"Pittsfield, MA",msa,MA,2018,228716.0,12
394983,"Pittsfield, MA",msa,MA,2019,238000.0,12
394983,"Pittsfield, MA",msa,MA,2020,264714.0,12
394983,"Pittsfield, MA",msa,MA,2021,305962.0,12
394983,"Pittsfield, MA",msa,MA,2022,340876.0,12
394983,"Pittsfield, MA",msa,MA,2023,369033.0,12
394983,"Pittsfield, MA",msa,MA,2024,381240.0,12
394983,"Pittsfield, MA",msa,MA,2025,389953.0,12
394983,"Pittsfield, MA",msa,MA,2026,395329.0,7
394984,"Plainview, TX",msa,TX,2009,98981.0,12
394984,"Plainview, TX",msa,TX,2010,97370.0,12
394984,"Plainview, TX",msa,TX,2011,96597.0,12
394984,"Plainview, TX",msa,TX,2012,95944.0,12
394984,"Plainview, TX",msa,TX,2013,96084.0,12
394984,"Plainview, TX",msa,TX,2014,96167.0,12
394984,"Plainview, TX",msa,TX,2015,99643.0,12
394984,"Plainview, TX",msa,TX,2016,99074.0,12
394984,"Plainview, TX",msa,TX,2017,102680.0,12
394984,"Plainview, TX",msa,TX,2018,106237.0,12
394984,"Plainview, TX",msa,TX,2019,114012.0,12
394984,"Plainview, TX",msa,TX,2020,124702.0,12
394984,"Plainview, TX",msa,TX,2021,132471.0,12
394984,"Plainview, TX",msa,TX,2022,140312.0,12
394984,"Plainview, TX",msa,TX,2023,132347.0,12
394984,"Plainview, TX",msa,TX,2024,130259.0,12
394984,"Plainview, TX",msa,TX,2025,124769.0,12
394984,"Plainview, TX",msa,TX,2026,121302.0,7
394985,"Platteville, WI",msa,WI,2009,117105.0,12
394985,"Platteville, WI",msa,WI,2010,114339.0,12
394985,"Platteville, WI",msa,WI,2011,113221.0,12
394985,"Platteville, WI",msa,WI,2012,115819.0,12
394985,"Platteville, WI",msa,WI,2013,123020.0,12
394985,"Platteville, WI",msa,WI,2014,126337.0,12
394985,"Platteville, WI",msa,WI,2015,130194.0,12
394985,"Platteville, WI",msa,WI,2016,133285.0,12
394985,"Platteville, WI",msa,WI,2017,140142.0,12
394985,"Platteville, WI",msa,WI,2018,146687.0,12
394985,"Platteville, WI",msa,WI,2019,156141.0,12
394985,"Platteville, WI",msa,WI,2020,167083.0,12
394985,"Platteville, WI",msa,WI,2021,185907.0,12
394985,"Platteville, WI",msa,WI,2022,199522.0,12
394985,"Platteville, WI",msa,WI,2023,206487.0,12
394985,"Platteville, WI",msa,WI,2024,217334.0,12
394985,"Platteville, WI",msa,WI,2025,228448.0,12
394985,"Platteville, WI",msa,WI,2026,232052.0,7
394986,"Plattsburgh, NY",msa,NY,2000,89418.0,12
394986,"Plattsburgh, NY",msa,NY,2001,96114.0,12
394986,"Plattsburgh, NY",msa,NY,2002,104662.0,12
394986,"Plattsburgh, NY",msa,NY,2003,106852.0,12
394986,"Plattsburgh, NY",msa,NY,2004,110818.0,12
394986,"Plattsburgh, NY",msa,NY,2005,120189.0,12
394986,"Plattsburgh, NY",msa,NY,2006,129041.0,12
394986,"Plattsburgh, NY",msa,NY,2007,135953.0,12
394986,"Plattsburgh, NY",msa,NY,2008,132334.0,12
394986,"Plattsburgh, NY",msa,NY,2009,126011.0,12
394986,"Plattsburgh, NY",msa,NY,2010,125766.0,12
394986,"Plattsburgh, NY",msa,NY,2011,123298.0,12
394986,"Plattsburgh, NY",msa,NY,2012,122237.0,12
394986,"Plattsburgh, NY",msa,NY,2013,125209.0,12
394986,"Plattsburgh, NY",msa,NY,2014,126455.0,12
394986,"Plattsburgh, NY",msa,NY,2015,129487.0,12
394986,"Plattsburgh, NY",msa,NY,2016,133749.0,12
394986,"Plattsburgh, NY",msa,NY,2017,137719.0,12
394986,"Plattsburgh, NY",msa,NY,2018,143953.0,12
394986,"Plattsburgh, NY",msa,NY,2019,152575.0,12
394986,"Plattsburgh, NY",msa,NY,2020,165972.0,12
394986,"Plattsburgh, NY",msa,NY,2021,178938.0,12
394986,"Plattsburgh, NY",msa,NY,2022,199309.0,12
394986,"Plattsburgh, NY",msa,NY,2023,207462.0,12
394986,"Plattsburgh, NY",msa,NY,2024,219514.0,12
394986,"Plattsburgh, NY",msa,NY,2025,226212.0,12
394986,"Plattsburgh, NY",msa,NY,2026,234262.0,7
394987,"Plymouth, IN",msa,IN,2000,102027.0,12
394987,"Plymouth, IN",msa,IN,2001,106324.0,12
394987,"Plymouth, IN",msa,IN,2002,108088.0,12
394987,"Plymouth, IN",msa,IN,2003,111128.0,12
394987,"Plymouth, IN",msa,IN,2004,114906.0,12
394987,"Plymouth, IN",msa,IN,2005,119151.0,12
394987,"Plymouth, IN",msa,IN,2006,121183.0,12
394987,"Plymouth, IN",msa,IN,2007,123755.0,12
394987,"Plymouth, IN",msa,IN,2008,123685.0,12
394987,"Plymouth, IN",msa,IN,2009,121047.0,12
394987,"Plymouth, IN",msa,IN,2010,120780.0,12
394987,"Plymouth, IN",msa,IN,2011,119355.0,12
394987,"Plymouth, IN",msa,IN,2012,120959.0,12
394987,"Plymouth, IN",msa,IN,2013,124911.0,12
394987,"Plymouth, IN",msa,IN,2014,130035.0,12
394987,"Plymouth, IN",msa,IN,2015,135406.0,12
394987,"Plymouth, IN",msa,IN,2016,139836.0,12
394987,"Plymouth, IN",msa,IN,2017,144944.0,12
394987,"Plymouth, IN",msa,IN,2018,152374.0,12
394987,"Plymouth, IN",msa,IN,2019,158759.0,12
394987,"Plymouth, IN",msa,IN,2020,176696.0,12
394987,"Plymouth, IN",msa,IN,2021,203673.0,12
394987,"Plymouth, IN",msa,IN,2022,218855.0,12
394987,"Plymouth, IN",msa,IN,2023,236359.0,12
394987,"Plymouth, IN",msa,IN,2024,248731.0,12
394987,"Plymouth, IN",msa,IN,2025,256141.0,12
394987,"Plymouth, IN",msa,IN,2026,267680.0,7
394988,"Pocatello, ID",msa,ID,2009,154842.0,12
394988,"Pocatello, ID",msa,ID,2010,150697.0,12
394988,"Pocatello, ID",msa,ID,2011,136409.0,12
394988,"Pocatello, ID",msa,ID,2012,144227.0,12
394988,"Pocatello, ID",msa,ID,2013,146885.0,12
394988,"Pocatello, ID",msa,ID,2014,146394.0,12
394988,"Pocatello, ID",msa,ID,2015,150893.0,12
394988,"Pocatello, ID",msa,ID,2016,159490.0,12
394988,"Pocatello, ID",msa,ID,2017,166461.0,12
394988,"Pocatello, ID",msa,ID,2018,186143.0,12
394988,"Pocatello, ID",msa,ID,2019,210479.0,12
394988,"Pocatello, ID",msa,ID,2020,243195.0,12
394988,"Pocatello, ID",msa,ID,2021,313313.0,12
394988,"Pocatello, ID",msa,ID,2022,330987.0,12
394988,"Pocatello, ID",msa,ID,2023,340064.0,12
394988,"Pocatello, ID",msa,ID,2024,352967.0,12
394988,"Pocatello, ID",msa,ID,2025,353461.0,12
394988,"Pocatello, ID",msa,ID,2026,355736.0,7
394989,"Point Pleasant, WV",msa,OH,2000,72782.0,12
394989,"Point Pleasant, WV",msa,OH,2001,76148.0,12
394989,"Point Pleasant, WV",msa,OH,2002,79083.0,12
394989,"Point Pleasant, WV",msa,OH,2003,82262.0,12
394989,"Point Pleasant, WV",msa,OH,2004,86740.0,12
394989,"Point Pleasant, WV",msa,OH,2005,90102.0,12
394989,"Point Pleasant, WV",msa,OH,2006,91635.0,12
394989,"Point Pleasant, WV",msa,OH,2007,91687.0,12
394989,"Point Pleasant, WV",msa,OH,2008,92125.0,12
394989,"Point Pleasant, WV",msa,OH,2009,89491.0,12
394989,"Point Pleasant, WV",msa,OH,2010,88139.0,12
394989,"Point Pleasant, WV",msa,OH,2011,86384.0,12
394989,"Point Pleasant, WV",msa,OH,2012,90668.0,12
394989,"Point Pleasant, WV",msa,OH,2013,90860.0,12
394989,"Point Pleasant, WV",msa,OH,2014,92175.0,12
394989,"Point Pleasant, WV",msa,OH,2015,98150.0,12
394989,"Point Pleasant, WV",msa,OH,2016,98498.0,12
394989,"Point Pleasant, WV",msa,OH,2017,98665.0,12
394989,"Point Pleasant, WV",msa,OH,2018,102558.0,12
394989,"Point Pleasant, WV",msa,OH,2019,106889.0,12
394989,"Point Pleasant, WV",msa,OH,2020,120936.0,12
394989,"Point Pleasant, WV",msa,OH,2021,129866.0,12
394989,"Point Pleasant, WV",msa,OH,2022,142354.0,12
394989,"Point Pleasant, WV",msa,OH,2023,144231.0,12
394989,"Point Pleasant, WV",msa,OH,2024,156320.0,12
394989,"Point Pleasant, WV",msa,OH,2025,158777.0,12
394989,"Point Pleasant, WV",msa,OH,2026,166268.0,7
394990,"Ponca City, OK",msa,OK,2000,54993.0,12
394990,"Ponca City, OK",msa,OK,2001,57737.0,12
394990,"Ponca City, OK",msa,OK,2002,59887.0,12
394990,"Ponca City, OK",msa,OK,2003,61497.0,12
394990,"Ponca City, OK",msa,OK,2004,63650.0,12
394990,"Ponca City, OK",msa,OK,2005,65124.0,12
394990,"Ponca City, OK",msa,OK,2006,67845.0,12
394990,"Ponca City, OK",msa,OK,2007,70172.0,12
394990,"Ponca City, OK",msa,OK,2008,65772.0,12
394990,"Ponca City, OK",msa,OK,2009,62968.0,12
394990,"Ponca City, OK",msa,OK,2010,62587.0,12
394990,"Ponca City, OK",msa,OK,2011,62279.0,12
394990,"Ponca City, OK",msa,OK,2012,63674.0,12
394990,"Ponca City, OK",msa,OK,2013,67131.0,12
394990,"Ponca City, OK",msa,OK,2014,70948.0,12
394990,"Ponca City, OK",msa,OK,2015,73975.0,12
394990,"Ponca City, OK",msa,OK,2016,78267.0,12
394990,"Ponca City, OK",msa,OK,2017,72913.0,12
394990,"Ponca City, OK",msa,OK,2018,78777.0,12
394990,"Ponca City, OK",msa,OK,2019,82105.0,12
394990,"Ponca City, OK",msa,OK,2020,89987.0,12
394990,"Ponca City, OK",msa,OK,2021,104088.0,12
394990,"Ponca City, OK",msa,OK,2022,113146.0,12
394990,"Ponca City, OK",msa,OK,2023,111482.0,12
394990,"Ponca City, OK",msa,OK,2024,111716.0,12
394990,"Ponca City, OK",msa,OK,2025,114255.0,12
394990,"Ponca City, OK",msa,OK,2026,117363.0,7
394992,"Pontiac, IL",msa,IL,2000,77052.0,12
394992,"Pontiac, IL",msa,IL,2001,80864.0,12
394992,"Pontiac, IL",msa,IL,2002,85428.0,12
394992,"Pontiac, IL",msa,IL,2003,90525.0,12
394992,"Pontiac, IL",msa,IL,2004,97511.0,12
394992,"Pontiac, IL",msa,IL,2005,104648.0,12
394992,"Pontiac, IL",msa,IL,2006,107824.0,12
394992,"Pontiac, IL",msa,IL,2007,106771.0,12
394992,"Pontiac, IL",msa,IL,2008,99255.0,12
394992,"Pontiac, IL",msa,IL,2009,99636.0,12
394992,"Pontiac, IL",msa,IL,2010,102915.0,12
394992,"Pontiac, IL",msa,IL,2011,100678.0,12
394992,"Pontiac, IL",msa,IL,2012,102656.0,12
394992,"Pontiac, IL",msa,IL,2013,98792.0,12
394992,"Pontiac, IL",msa,IL,2014,94994.0,12
394992,"Pontiac, IL",msa,IL,2015,97634.0,12
394992,"Pontiac, IL",msa,IL,2016,95678.0,12
394992,"Pontiac, IL",msa,IL,2017,95575.0,12
394992,"Pontiac, IL",msa,IL,2018,99461.0,12
394992,"Pontiac, IL",msa,IL,2019,108824.0,12
394992,"Pontiac, IL",msa,IL,2020,112962.0,12
394992,"Pontiac, IL",msa,IL,2021,123334.0,12
394992,"Pontiac, IL",msa,IL,2022,132848.0,12
394992,"Pontiac, IL",msa,IL,2023,141262.0,12
394992,"Pontiac, IL",msa,IL,2024,150687.0,12
394992,"Pontiac, IL",msa,IL,2025,166229.0,12
394992,"Pontiac, IL",msa,IL,2026,173644.0,7
394993,"Poplar Bluff, MO",msa,MO,2000,92840.0,12
394993,"Poplar Bluff, MO",msa,MO,2001,95736.0,12
394993,"Poplar Bluff, MO",msa,MO,2002,97499.0,12
394993,"Poplar Bluff, MO",msa,MO,2003,101811.0,12
394993,"Poplar Bluff, MO",msa,MO,2004,108214.0,12
394993,"Poplar Bluff, MO",msa,MO,2005,120978.0,12
394993,"Poplar Bluff, MO",msa,MO,2006,127951.0,12
394993,"Poplar Bluff, MO",msa,MO,2007,129779.0,12
394993,"Poplar Bluff, MO",msa,MO,2008,129008.0,12
394993,"Poplar Bluff, MO",msa,MO,2009,125318.0,12
394993,"Poplar Bluff, MO",msa,MO,2010,124009.0,12
394993,"Poplar Bluff, MO",msa,MO,2011,122822.0,12
394993,"Poplar Bluff, MO",msa,MO,2012,122583.0,12
394993,"Poplar Bluff, MO",msa,MO,2013,117324.0,12
394993,"Poplar Bluff, MO",msa,MO,2014,115740.0,12
394993,"Poplar Bluff, MO",msa,MO,2015,114251.0,12
394993,"Poplar Bluff, MO",msa,MO,2016,112412.0,12
394993,"Poplar Bluff, MO",msa,MO,2017,111279.0,12
394993,"Poplar Bluff, MO",msa,MO,2018,113162.0,12
394993,"Poplar Bluff, MO",msa,MO,2019,114843.0,12
394993,"Poplar Bluff, MO",msa,MO,2020,121453.0,12
394993,"Poplar Bluff, MO",msa,MO,2021,133322.0,12
394993,"Poplar Bluff, MO",msa,MO,2022,143554.0,12
394993,"Poplar Bluff, MO",msa,MO,2023,147518.0,12
394993,"Poplar Bluff, MO",msa,MO,2024,151748.0,12
394993,"Poplar Bluff, MO",msa,MO,2025,158578.0,12
394993,"Poplar Bluff, MO",msa,MO,2026,169490.0,7
394994,"Port Angeles, WA",msa,WA,2007,271481.0,12
394994,"Port Angeles, WA",msa,WA,2008,254171.0,12
394994,"Port Angeles, WA",msa,WA,2009,229924.0,12
394994,"Port Angeles, WA",msa,WA,2010,216720.0,12
394994,"Port Angeles, WA",msa,WA,2011,204426.0,12
394994,"Port Angeles, WA",msa,WA,2012,200939.0,12
394994,"Port Angeles, WA",msa,WA,2013,204867.0,12
394994,"Port Angeles, WA",msa,WA,2014,212745.0,12
394994,"Port Angeles, WA",msa,WA,2015,228612.0,12
394994,"Port Angeles, WA",msa,WA,2016,251423.0,12
394994,"Port Angeles, WA",msa,WA,2017,277391.0,12
394994,"Port Angeles, WA",msa,WA,2018,306825.0,12
394994,"Port Angeles, WA",msa,WA,2019,332775.0,12
394994,"Port Angeles, WA",msa,WA,2020,371204.0,12
394994,"Port Angeles, WA",msa,WA,2021,449215.0,12
394994,"Port Angeles, WA",msa,WA,2022,477306.0,12
394994,"Port Angeles, WA",msa,WA,2023,481480.0,12
394994,"Port Angeles, WA",msa,WA,2024,500197.0,12
394994,"Port Angeles, WA",msa,WA,2025,504616.0,12
394994,"Port Angeles, WA",msa,WA,2026,499173.0,7
753914,"Port Lavaca, TX",msa,TX,2009,125989.0,12
753914,"Port Lavaca, TX",msa,TX,2010,125053.0,12
753914,"Port Lavaca, TX",msa,TX,2011,125166.0,12
753914,"Port Lavaca, TX",msa,TX,2012,122688.0,12
753914,"Port Lavaca, TX",msa,TX,2013,129493.0,12
753914,"Port Lavaca, TX",msa,TX,2014,136887.0,12
753914,"Port Lavaca, TX",msa,TX,2015,146572.0,12
753914,"Port Lavaca, TX",msa,TX,2016,150756.0,12
753914,"Port Lavaca, TX",msa,TX,2017,152162.0,12
753914,"Port Lavaca, TX",msa,TX,2018,161848.0,12
753914,"Port Lavaca, TX",msa,TX,2019,173240.0,12
753914,"Port Lavaca, TX",msa,TX,2020,182459.0,12
753914,"Port Lavaca, TX",msa,TX,2021,200333.0,12
753914,"Port Lavaca, TX",msa,TX,2022,211668.0,12
753914,"Port Lavaca, TX",msa,TX,2023,205616.0,12
753914,"Port Lavaca, TX",msa,TX,2024,212407.0,12
753914,"Port Lavaca, TX",msa,TX,2025,203816.0,12
753914,"Port Lavaca, TX",msa,TX,2026,206656.0,7
394995,"Port St. Lucie, FL",msa,FL,2000,108832.0,12
394995,"Port St. Lucie, FL",msa,FL,2001,117207.0,12
394995,"Port St. Lucie, FL",msa,FL,2002,134854.0,12
394995,"Port St. Lucie, FL",msa,FL,2003,160600.0,12
394995,"Port St. Lucie, FL",msa,FL,2004,194168.0,12
394995,"Port St. Lucie, FL",msa,FL,2005,247614.0,12
394995,"Port St. Lucie, FL",msa,FL,2006,262519.0,12
394995,"Port St. Lucie, FL",msa,FL,2007,215244.0,12
394995,"Port St. Lucie, FL",msa,FL,2008,158115.0,12
394995,"Port St. Lucie, FL",msa,FL,2009,126307.0,12
394995,"Port St. Lucie, FL",msa,FL,2010,123179.0,12
394995,"Port St. Lucie, FL",msa,FL,2011,116705.0,12
394995,"Port St. Lucie, FL",msa,FL,2012,122674.0,12
394995,"Port St. Lucie, FL",msa,FL,2013,142311.0,12
394995,"Port St. Lucie, FL",msa,FL,2014,157108.0,12
394995,"Port St. Lucie, FL",msa,FL,2015,181185.0,12
394995,"Port St. Lucie, FL",msa,FL,2016,203808.0,12
394995,"Port St. Lucie, FL",msa,FL,2017,221777.0,12
394995,"Port St. Lucie, FL",msa,FL,2018,237747.0,12
394995,"Port St. Lucie, FL",msa,FL,2019,246621.0,12
394995,"Port St. Lucie, FL",msa,FL,2020,267354.0,12
394995,"Port St. Lucie, FL",msa,FL,2021,340937.0,12
394995,"Port St. Lucie, FL",msa,FL,2022,406565.0,12
394995,"Port St. Lucie, FL",msa,FL,2023,409880.0,12
394995,"Port St. Lucie, FL",msa,FL,2024,405709.0,12
394995,"Port St. Lucie, FL",msa,FL,2025,386059.0,12
394995,"Port St. Lucie, FL",msa,FL,2026,383699.0,7
394996,"Portales, NM",msa,NM,2009,136692.0,12
394996,"Portales, NM",msa,NM,2010,136150.0,12
394996,"Portales, NM",msa,NM,2011,135785.0,12
394996,"Portales, NM",msa,NM,2012,132560.0,12
394996,"Portales, NM",msa,NM,2013,134559.0,12
394996,"Portales, NM",msa,NM,2014,138897.0,12
394996,"Portales, NM",msa,NM,2015,139684.0,12
394996,"Portales, NM",msa,NM,2016,124177.0,12
394996,"Portales, NM",msa,NM,2017,123670.0,12
394996,"Portales, NM",msa,NM,2018,128776.0,12
394996,"Portales, NM",msa,NM,2019,133422.0,12
394996,"Portales, NM",msa,NM,2020,141032.0,12
394996,"Portales, NM",msa,NM,2021,138315.0,12
394996,"Portales, NM",msa,NM,2022,142574.0,12
394996,"Portales, NM",msa,NM,2023,143776.0,12
394996,"Portales, NM",msa,NM,2024,145254.0,12
394996,"Portales, NM",msa,NM,2025,142728.0,12
394996,"Portales, NM",msa,NM,2026,143983.0,7
394997,"Portland, ME",msa,ME,2000,152268.0,12
394997,"Portland, ME",msa,ME,2001,172509.0,12
394997,"Portland, ME",msa,ME,2002,195491.0,12
394997,"Portland, ME",msa,ME,2003,222584.0,12
394997,"Portland, ME",msa,ME,2004,252356.0,12
394997,"Portland, ME",msa,ME,2005,274119.0,12
394997,"Portland, ME",msa,ME,2006,274649.0,12
394997,"Portland, ME",msa,ME,2007,269040.0,12
394997,"Portland, ME",msa,ME,2008,255171.0,12
394997,"Portland, ME",msa,ME,2009,236078.0,12
394997,"Portland, ME",msa,ME,2010,234604.0,12
394997,"Portland, ME",msa,ME,2011,230886.0,12
394997,"Portland, ME",msa,ME,2012,229297.0,12
394997,"Portland, ME",msa,ME,2013,239477.0,12
394997,"Portland, ME",msa,ME,2014,245529.0,12
394997,"Portland, ME",msa,ME,2015,258611.0,12
394997,"Portland, ME",msa,ME,2016,276362.0,12
394997,"Portland, ME",msa,ME,2017,296303.0,12
394997,"Portland, ME",msa,ME,2018,315070.0,12
394997,"Portland, ME",msa,ME,2019,328153.0,12
394997,"Portland, ME",msa,ME,2020,373518.0,12
394997,"Portland, ME",msa,ME,2021,435861.0,12
394997,"Portland, ME",msa,ME,2022,482944.0,12
394997,"Portland, ME",msa,ME,2023,523990.0,12
394997,"Portland, ME",msa,ME,2024,539673.0,12
394997,"Portland, ME",msa,ME,2025,541799.0,12
394997,"Portland, ME",msa,ME,2026,546999.0,7
394998,"Portland, OR",msa,OR,2000,181973.0,12
394998,"Portland, OR",msa,OR,2001,188312.0,12
394998,"Portland, OR",msa,OR,2002,196625.0,12
394998,"Portland, OR",msa,OR,2003,208200.0,12
394998,"Portland, OR",msa,OR,2004,227416.0,12
394998,"Portland, OR",msa,OR,2005,271935.0,12
394998,"Portland, OR",msa,OR,2006,310813.0,12
394998,"Portland, OR",msa,OR,2007,317186.0,12
394998,"Portland, OR",msa,OR,2008,287811.0,12
394998,"Portland, OR",msa,OR,2009,262572.0,12
394998,"Portland, OR",msa,OR,2010,246549.0,12
394998,"Portland, OR",msa,OR,2011,227483.0,12
394998,"Portland, OR",msa,OR,2012,237651.0,12
394998,"Portland, OR",msa,OR,2013,268244.0,12
394998,"Portland, OR",msa,OR,2014,289811.0,12
394998,"Portland, OR",msa,OR,2015,327913.0,12
394998,"Portland, OR",msa,OR,2016,368017.0,12
394998,"Portland, OR",msa,OR,2017,392577.0,12
394998,"Portland, OR",msa,OR,2018,408204.0,12
394998,"Portland, OR",msa,OR,2019,420026.0,12
394998,"Portland, OR",msa,OR,2020,460173.0,12
394998,"Portland, OR",msa,OR,2021,532604.0,12
394998,"Portland, OR",msa,OR,2022,552303.0,12
394998,"Portland, OR",msa,OR,2023,553453.0,12
394998,"Portland, OR",msa,OR,2024,562273.0,12
394998,"Portland, OR",msa,OR,2025,555447.0,12
394998,"Portland, OR",msa,OR,2026,549241.0,7
394999,"Portsmouth, OH",msa,OH,2010,90715.0,12
394999,"Portsmouth, OH",msa,OH,2011,86813.0,12
394999,"Portsmouth, OH",msa,OH,2012,81668.0,12
394999,"Portsmouth, OH",msa,OH,2013,85138.0,12
394999,"Portsmouth, OH",msa,OH,2014,82983.0,12
394999,"Portsmouth, OH",msa,OH,2015,83177.0,12
394999,"Portsmouth, OH",msa,OH,2016,83557.0,12
394999,"Portsmouth, OH",msa,OH,2017,87686.0,12
394999,"Portsmouth, OH",msa,OH,2018,92344.0,12
394999,"Portsmouth, OH",msa,OH,2019,96408.0,12
394999,"Portsmouth, OH",msa,OH,2020,103484.0,12
394999,"Portsmouth, OH",msa,OH,2021,112452.0,12
394999,"Portsmouth, OH",msa,OH,2022,122016.0,12
394999,"Portsmouth, OH",msa,OH,2023,126367.0,12
394999,"Portsmouth, OH",msa,OH,2024,135714.0,12
394999,"Portsmouth, OH",msa,OH,2025,142703.0,12
394999,"Portsmouth, OH",msa,OH,2026,147953.0,7
395000,"Pottsville, PA",msa,PA,2009,87675.0,12
395000,"Pottsville, PA",msa,PA,2010,86456.0,12
395000,"Pottsville, PA",msa,PA,2011,79548.0,12
395000,"Pottsville, PA",msa,PA,2012,80498.0,12
395000,"Pottsville, PA",msa,PA,2013,80175.0,12
395000,"Pottsville, PA",msa,PA,2014,77828.0,12
395000,"Pottsville, PA",msa,PA,2015,81326.0,12
395000,"Pottsville, PA",msa,PA,2016,81134.0,12
395000,"Pottsville, PA",msa,PA,2017,83285.0,12
395000,"Pottsville, PA",msa,PA,2018,87213.0,12
395000,"Pottsville, PA",msa,PA,2019,92790.0,12
395000,"Pottsville, PA",msa,PA,2020,108071.0,12
395000,"Pottsville, PA",msa,PA,2021,124078.0,12
395000,"Pottsville, PA",msa,PA,2022,131632.0,12
395000,"Pottsville, PA",msa,PA,2023,144686.0,12
395000,"Pottsville, PA",msa,PA,2024,156582.0,12
395000,"Pottsville, PA",msa,PA,2025,160479.0,12
395000,"Pottsville, PA",msa,PA,2026,167119.0,7
395003,"Price, UT",msa,UT,2016,133221.0,12
395003,"Price, UT",msa,UT,2017,135496.0,12
395003,"Price, UT",msa,UT,2018,140434.0,12
395003,"Price, UT",msa,UT,2019,159467.0,12
395003,"Price, UT",msa,UT,2020,171675.0,12
395003,"Price, UT",msa,UT,2021,215012.0,12
395003,"Price, UT",msa,UT,2022,242569.0,12
395003,"Price, UT",msa,UT,2023,252304.0,12
395003,"Price, UT",msa,UT,2024,264524.0,12
395003,"Price, UT",msa,UT,2025,279668.0,12
395003,"Price, UT",msa,UT,2026,285656.0,7
395004,"Prineville, OR",msa,OR,2000,95209.0,12
395004,"Prineville, OR",msa,OR,2001,100553.0,12
395004,"Prineville, OR",msa,OR,2002,105017.0,12
395004,"Prineville, OR",msa,OR,2003,111777.0,12
395004,"Prineville, OR",msa,OR,2004,126173.0,12
395004,"Prineville, OR",msa,OR,2005,152431.0,12
395004,"Prineville, OR",msa,OR,2006,174423.0,12
395004,"Prineville, OR",msa,OR,2007,178396.0,12
395004,"Prineville, OR",msa,OR,2008,166980.0,12
395004,"Prineville, OR",msa,OR,2009,150475.0,12
395004,"Prineville, OR",msa,OR,2010,138981.0,12
395004,"Prineville, OR",msa,OR,2011,131423.0,12
395004,"Prineville, OR",msa,OR,2012,138121.0,12
395004,"Prineville, OR",msa,OR,2013,170363.0,12
395004,"Prineville, OR",msa,OR,2014,186518.0,12
395004,"Prineville, OR",msa,OR,2015,211573.0,12
395004,"Prineville, OR",msa,OR,2016,241706.0,12
395004,"Prineville, OR",msa,OR,2017,273617.0,12
395004,"Prineville, OR",msa,OR,2018,295899.0,12
395004,"Prineville, OR",msa,OR,2019,317573.0,12
395004,"Prineville, OR",msa,OR,2020,358787.0,12
395004,"Prineville, OR",msa,OR,2021,451543.0,12
395004,"Prineville, OR",msa,OR,2022,469599.0,12
395004,"Prineville, OR",msa,OR,2023,467853.0,12
395004,"Prineville, OR",msa,OR,2024,477157.0,12
395004,"Prineville, OR",msa,OR,2025,478400.0,12
395004,"Prineville, OR",msa,OR,2026,477666.0,7
395005,"Providence, RI",msa,RI,2000,155409.0,12
395005,"Providence, RI",msa,RI,2001,177566.0,12
395005,"Providence, RI",msa,RI,2002,211248.0,12
395005,"Providence, RI",msa,RI,2003,251378.0,12
395005,"Providence, RI",msa,RI,2004,290305.0,12
395005,"Providence, RI",msa,RI,2005,316326.0,12
395005,"Providence, RI",msa,RI,2006,312079.0,12
395005,"Providence, RI",msa,RI,2007,297348.0,12
395005,"Providence, RI",msa,RI,2008,265500.0,12
395005,"Providence, RI",msa,RI,2009,246458.0,12
395005,"Providence, RI",msa,RI,2010,243615.0,12
395005,"Providence, RI",msa,RI,2011,228165.0,12
395005,"Providence, RI",msa,RI,2012,226893.0,12
395005,"Providence, RI",msa,RI,2013,239378.0,12
395005,"Providence, RI",msa,RI,2014,247218.0,12
395005,"Providence, RI",msa,RI,2015,260169.0,12
395005,"Providence, RI",msa,RI,2016,276721.0,12
395005,"Providence, RI",msa,RI,2017,296269.0,12
395005,"Providence, RI",msa,RI,2018,311663.0,12
395005,"Providence, RI",msa,RI,2019,323237.0,12
395005,"Providence, RI",msa,RI,2020,359052.0,12
395005,"Providence, RI",msa,RI,2021,403856.0,12
395005,"Providence, RI",msa,RI,2022,442698.0,12
395005,"Providence, RI",msa,RI,2023,474945.0,12
395005,"Providence, RI",msa,RI,2024,508271.0,12
395005,"Providence, RI",msa,RI,2025,521056.0,12
395005,"Providence, RI",msa,RI,2026,529756.0,7
395006,"Provo, UT",msa,UT,2000,185537.0,12
395006,"Provo, UT",msa,UT,2001,191867.0,12
395006,"Provo, UT",msa,UT,2002,189024.0,12
395006,"Provo, UT",msa,UT,2003,189747.0,12
395006,"Provo, UT",msa,UT,2004,190991.0,12
395006,"Provo, UT",msa,UT,2005,197583.0,12
395006,"Provo, UT",msa,UT,2006,230625.0,12
395006,"Provo, UT",msa,UT,2007,265888.0,12
395006,"Provo, UT",msa,UT,2008,240524.0,12
395006,"Provo, UT",msa,UT,2009,214682.0,12
395006,"Provo, UT",msa,UT,2010,196080.0,12
395006,"Provo, UT",msa,UT,2011,185561.0,12
395006,"Provo, UT",msa,UT,2012,202752.0,12
395006,"Provo, UT",msa,UT,2013,229736.0,12
395006,"Provo, UT",msa,UT,2014,238832.0,12
395006,"Provo, UT",msa,UT,2015,262961.0,12
395006,"Provo, UT",msa,UT,2016,284783.0,12
395006,"Provo, UT",msa,UT,2017,308648.0,12
395006,"Provo, UT",msa,UT,2018,339150.0,12
395006,"Provo, UT",msa,UT,2019,361800.0,12
395006,"Provo, UT",msa,UT,2020,406942.0,12
395006,"Provo, UT",msa,UT,2021,506515.0,12
395006,"Provo, UT",msa,UT,2022,532550.0,12
395006,"Provo, UT",msa,UT,2023,526451.0,12
395006,"Provo, UT",msa,UT,2024,533873.0,12
395006,"Provo, UT",msa,UT,2025,547862.0,12
395006,"Provo, UT",msa,UT,2026,544867.0,7
395007,"Pueblo, CO",msa,CO,2000,112213.0,12
395007,"Pueblo, CO",msa,CO,2001,114119.0,12
395007,"Pueblo, CO",msa,CO,2002,117813.0,12
395007,"Pueblo, CO",msa,CO,2003,122229.0,12
395007,"Pueblo, CO",msa,CO,2004,126617.0,12
395007,"Pueblo, CO",msa,CO,2005,131933.0,12
395007,"Pueblo, CO",msa,CO,2006,136229.0,12
395007,"Pueblo, CO",msa,CO,2007,135340.0,12
395007,"Pueblo, CO",msa,CO,2008,129312.0,12
395007,"Pueblo, CO",msa,CO,2009,127276.0,12
395007,"Pueblo, CO",msa,CO,2010,125771.0,12
395007,"Pueblo, CO",msa,CO,2011,119480.0,12
395007,"Pueblo, CO",msa,CO,2012,120041.0,12
395007,"Pueblo, CO",msa,CO,2013,121598.0,12
395007,"Pueblo, CO",msa,CO,2014,126679.0,12
395007,"Pueblo, CO",msa,CO,2015,137870.0,12
395007,"Pueblo, CO",msa,CO,2016,151609.0,12
395007,"Pueblo, CO",msa,CO,2017,166109.0,12
395007,"Pueblo, CO",msa,CO,2018,184367.0,12
395007,"Pueblo, CO",msa,CO,2019,201953.0,12
395007,"Pueblo, CO",msa,CO,2020,234069.0,12
395007,"Pueblo, CO",msa,CO,2021,283386.0,12
395007,"Pueblo, CO",msa,CO,2022,302215.0,12
395007,"Pueblo, CO",msa,CO,2023,295331.0,12
395007,"Pueblo, CO",msa,CO,2024,296447.0,12
395007,"Pueblo, CO",msa,CO,2025,291893.0,12
395007,"Pueblo, CO",msa,CO,2026,286962.0,7
395008,"Pullman, WA",msa,WA,2006,193665.0,12
395008,"Pullman, WA",msa,WA,2007,197708.0,12
395008,"Pullman, WA",msa,WA,2008,187605.0,12
395008,"Pullman, WA",msa,WA,2009,171015.0,12
395008,"Pullman, WA",msa,WA,2010,151131.0,12
395008,"Pullman, WA",msa,WA,2011,149342.0,12
395008,"Pullman, WA",msa,WA,2012,158677.0,12
395008,"Pullman, WA",msa,WA,2013,169842.0,12
395008,"Pullman, WA",msa,WA,2014,174068.0,12
395008,"Pullman, WA",msa,WA,2015,187354.0,12
395008,"Pullman, WA",msa,WA,2016,193831.0,12
395008,"Pullman, WA",msa,WA,2017,204201.0,12
395008,"Pullman, WA",msa,WA,2018,219884.0,12
395008,"Pullman, WA",msa,WA,2019,234560.0,12
395008,"Pullman, WA",msa,WA,2020,263931.0,12
395008,"Pullman, WA",msa,WA,2021,305188.0,12
395008,"Pullman, WA",msa,WA,2022,327390.0,12
395008,"Pullman, WA",msa,WA,2023,337230.0,12
395008,"Pullman, WA",msa,WA,2024,338960.0,12
395008,"Pullman, WA",msa,WA,2025,331031.0,12
395008,"Pullman, WA",msa,WA,2026,339136.0,7
395009,"Punta Gorda, FL",msa,FL,2000,94218.0,12
395009,"Punta Gorda, FL",msa,FL,2001,102622.0,12
395009,"Punta Gorda, FL",msa,FL,2002,113321.0,12
395009,"Punta Gorda, FL",msa,FL,2003,130651.0,12
395009,"Punta Gorda, FL",msa,FL,2004,155799.0,12
395009,"Punta Gorda, FL",msa,FL,2005,203599.0,12
395009,"Punta Gorda, FL",msa,FL,2006,212773.0,12
395009,"Punta Gorda, FL",msa,FL,2007,167595.0,12
395009,"Punta Gorda, FL",msa,FL,2008,142021.0,12
395009,"Punta Gorda, FL",msa,FL,2009,128321.0,12
395009,"Punta Gorda, FL",msa,FL,2010,125035.0,12
395009,"Punta Gorda, FL",msa,FL,2011,115906.0,12
395009,"Punta Gorda, FL",msa,FL,2012,126925.0,12
395009,"Punta Gorda, FL",msa,FL,2013,146012.0,12
395009,"Punta Gorda, FL",msa,FL,2014,159613.0,12
395009,"Punta Gorda, FL",msa,FL,2015,179217.0,12
395009,"Punta Gorda, FL",msa,FL,2016,196499.0,12
395009,"Punta Gorda, FL",msa,FL,2017,207996.0,12
395009,"Punta Gorda, FL",msa,FL,2018,219205.0,12
395009,"Punta Gorda, FL",msa,FL,2019,229329.0,12
395009,"Punta Gorda, FL",msa,FL,2020,249417.0,12
395009,"Punta Gorda, FL",msa,FL,2021,326058.0,12
395009,"Punta Gorda, FL",msa,FL,2022,388071.0,12
395009,"Punta Gorda, FL",msa,FL,2023,376773.0,12
395009,"Punta Gorda, FL",msa,FL,2024,348263.0,12
395009,"Punta Gorda, FL",msa,FL,2025,303202.0,12
395009,"Punta Gorda, FL",msa,FL,2026,299372.0,7
395010,"Quincy, IL",msa,IL,2009,120688.0,12
395010,"Quincy, IL",msa,IL,2010,118951.0,12
395010,"Quincy, IL",msa,IL,2011,118564.0,12
395010,"Quincy, IL",msa,IL,2012,122463.0,12
395010,"Quincy, IL",msa,IL,2013,127745.0,12
395010,"Quincy, IL",msa,IL,2014,132394.0,12
395010,"Quincy, IL",msa,IL,2015,134187.0,12
395010,"Quincy, IL",msa,IL,2016,145158.0,12
395010,"Quincy, IL",msa,IL,2017,143812.0,12
395010,"Quincy, IL",msa,IL,2018,142548.0,12
395010,"Quincy, IL",msa,IL,2019,150705.0,12
395010,"Quincy, IL",msa,IL,2020,158824.0,12
395010,"Quincy, IL",msa,IL,2021,168345.0,12
395010,"Quincy, IL",msa,IL,2022,180671.0,12
395010,"Quincy, IL",msa,IL,2023,185162.0,12
395010,"Quincy, IL",msa,IL,2024,179336.0,12
395010,"Quincy, IL",msa,IL,2025,187139.0,12
395010,"Quincy, IL",msa,IL,2026,191845.0,7
395011,"Racine, WI",msa,WI,2008,169590.0,12
395011,"Racine, WI",msa,WI,2009,158371.0,12
395011,"Racine, WI",msa,WI,2010,149449.0,12
395011,"Racine, WI",msa,WI,2011,133860.0,12
395011,"Racine, WI",msa,WI,2012,138823.0,12
395011,"Racine, WI",msa,WI,2013,144412.0,12
395011,"Racine, WI",msa,WI,2014,148644.0,12
395011,"Racine, WI",msa,WI,2015,155185.0,12
395011,"Racine, WI",msa,WI,2016,163093.0,12
395011,"Racine, WI",msa,WI,2017,175364.0,12
395011,"Racine, WI",msa,WI,2018,191205.0,12
395011,"Racine, WI",msa,WI,2019,201156.0,12
395011,"Racine, WI",msa,WI,2020,219197.0,12
395011,"Racine, WI",msa,WI,2021,245876.0,12
395011,"Racine, WI",msa,WI,2022,260581.0,12
395011,"Racine, WI",msa,WI,2023,278016.0,12
395011,"Racine, WI",msa,WI,2024,295550.0,12
395011,"Racine, WI",msa,WI,2025,308195.0,12
395011,"Racine, WI",msa,WI,2026,319383.0,7
395012,"Raleigh, NC",msa,NC,2000,181124.0,12
395012,"Raleigh, NC",msa,NC,2001,185331.0,12
395012,"Raleigh, NC",msa,NC,2002,188065.0,12
395012,"Raleigh, NC",msa,NC,2003,191336.0,12
395012,"Raleigh, NC",msa,NC,2004,196484.0,12
395012,"Raleigh, NC",msa,NC,2005,206311.0,12
395012,"Raleigh, NC",msa,NC,2006,219156.0,12
395012,"Raleigh, NC",msa,NC,2007,229169.0,12
395012,"Raleigh, NC",msa,NC,2008,222677.0,12
395012,"Raleigh, NC",msa,NC,2009,215088.0,12
395012,"Raleigh, NC",msa,NC,2010,210105.0,12
395012,"Raleigh, NC",msa,NC,2011,199551.0,12
395012,"Raleigh, NC",msa,NC,2012,202703.0,12
395012,"Raleigh, NC",msa,NC,2013,213132.0,12
395012,"Raleigh, NC",msa,NC,2014,222908.0,12
395012,"Raleigh, NC",msa,NC,2015,238888.0,12
395012,"Raleigh, NC",msa,NC,2016,254743.0,12
395012,"Raleigh, NC",msa,NC,2017,269228.0,12
395012,"Raleigh, NC",msa,NC,2018,283895.0,12
395012,"Raleigh, NC",msa,NC,2019,296375.0,12
395012,"Raleigh, NC",msa,NC,2020,319794.0,12
395012,"Raleigh, NC",msa,NC,2021,397570.0,12
395012,"Raleigh, NC",msa,NC,2022,446567.0,12
395012,"Raleigh, NC",msa,NC,2023,448543.0,12
395012,"Raleigh, NC",msa,NC,2024,454106.0,12
395012,"Raleigh, NC",msa,NC,2025,442179.0,12
395012,"Raleigh, NC",msa,NC,2026,437484.0,7
395013,"Rapid City, SD",msa,SD,2008,170340.0,12
395013,"Rapid City, SD",msa,SD,2009,167790.0,12
395013,"Rapid City, SD",msa,SD,2010,170415.0,12
395013,"Rapid City, SD",msa,SD,2011,168658.0,12
395013,"Rapid City, SD",msa,SD,2012,177272.0,12
395013,"Rapid City, SD",msa,SD,2013,183296.0,12
395013,"Rapid City, SD",msa,SD,2014,187768.0,12
395013,"Rapid City, SD",msa,SD,2015,196131.0,12
395013,"Rapid City, SD",msa,SD,2016,203160.0,12
395013,"Rapid City, SD",msa,SD,2017,213231.0,12
395013,"Rapid City, SD",msa,SD,2018,222066.0,12
395013,"Rapid City, SD",msa,SD,2019,237810.0,12
395013,"Rapid City, SD",msa,SD,2020,259909.0,12
395013,"Rapid City, SD",msa,SD,2021,311074.0,12
395013,"Rapid City, SD",msa,SD,2022,349471.0,12
395013,"Rapid City, SD",msa,SD,2023,355190.0,12
395013,"Rapid City, SD",msa,SD,2024,367009.0,12
395013,"Rapid City, SD",msa,SD,2025,374478.0,12
395013,"Rapid City, SD",msa,SD,2026,376376.0,7
395014,"Raymondville, TX",msa,TX,2012,143901.0,12
395014,"Raymondville, TX",msa,TX,2013,143442.0,12
395014,"Raymondville, TX",msa,TX,2014,151154.0,12
395014,"Raymondville, TX",msa,TX,2015,160331.0,12
395014,"Raymondville, TX",msa,TX,2016,164249.0,12
395014,"Raymondville, TX",msa,TX,2017,168300.0,12
395014,"Raymondville, TX",msa,TX,2018,187380.0,12
395014,"Raymondville, TX",msa,TX,2019,214779.0,12
395014,"Raymondville, TX",msa,TX,2020,238002.0,12
395014,"Raymondville, TX",msa,TX,2021,266452.0,12
395014,"Raymondville, TX",msa,TX,2022,216386.0,12
395014,"Raymondville, TX",msa,TX,2023,195136.0,12
395014,"Raymondville, TX",msa,TX,2024,195275.0,12
395014,"Raymondville, TX",msa,TX,2025,188767.0,12
395014,"Raymondville, TX",msa,TX,2026,179398.0,7
395015,"Reading, PA",msa,PA,2000,109718.0,12
395015,"Reading, PA",msa,PA,2001,113745.0,12
395015,"Reading, PA",msa,PA,2002,120617.0,12
395015,"Reading, PA",msa,PA,2003,129287.0,12
395015,"Reading, PA",msa,PA,2004,145560.0,12
395015,"Reading, PA",msa,PA,2005,159874.0,12
395015,"Reading, PA",msa,PA,2006,178857.0,12
395015,"Reading, PA",msa,PA,2007,183476.0,12
395015,"Reading, PA",msa,PA,2008,179657.0,12
395015,"Reading, PA",msa,PA,2009,173529.0,12
395015,"Reading, PA",msa,PA,2010,168095.0,12
395015,"Reading, PA",msa,PA,2011,157174.0,12
395015,"Reading, PA",msa,PA,2012,154383.0,12
395015,"Reading, PA",msa,PA,2013,156420.0,12
395015,"Reading, PA",msa,PA,2014,158475.0,12
395015,"Reading, PA",msa,PA,2015,161800.0,12
395015,"Reading, PA",msa,PA,2016,167548.0,12
395015,"Reading, PA",msa,PA,2017,175290.0,12
395015,"Reading, PA",msa,PA,2018,181877.0,12
395015,"Reading, PA",msa,PA,2019,192416.0,12
395015,"Reading, PA",msa,PA,2020,213501.0,12
395015,"Reading, PA",msa,PA,2021,233810.0,12
395015,"Reading, PA",msa,PA,2022,265579.0,12
395015,"Reading, PA",msa,PA,2023,283413.0,12
395015,"Reading, PA",msa,PA,2024,300995.0,12
395015,"Reading, PA",msa,PA,2025,309475.0,12
395015,"Reading, PA",msa,PA,2026,315441.0,7
395016,"Red Bluff, CA",msa,CA,2012,128028.0,12
395016,"Red Bluff, CA",msa,CA,2013,152638.0,12
395016,"Red Bluff, CA",msa,CA,2014,170194.0,12
395016,"Red Bluff, CA",msa,CA,2015,185009.0,12
395016,"Red Bluff, CA",msa,CA,2016,193110.0,12
395016,"Red Bluff, CA",msa,CA,2017,210639.0,12
395016,"Red Bluff, CA",msa,CA,2018,222762.0,12
395016,"Red Bluff, CA",msa,CA,2019,248729.0,12
395016,"Red Bluff, CA",msa,CA,2020,278883.0,12
395016,"Red Bluff, CA",msa,CA,2021,318355.0,12
395016,"Red Bluff, CA",msa,CA,2022,324506.0,12
395016,"Red Bluff, CA",msa,CA,2023,317248.0,12
395016,"Red Bluff, CA",msa,CA,2024,318820.0,12
395016,"Red Bluff, CA",msa,CA,2025,319257.0,12
395016,"Red Bluff, CA",msa,CA,2026,325167.0,7
395017,"Red Wing, MN",msa,MN,2000,126152.0,12
395017,"Red Wing, MN",msa,MN,2001,138182.0,12
395017,"Red Wing, MN",msa,MN,2002,146446.0,12
395017,"Red Wing, MN",msa,MN,2003,158045.0,12
395017,"Red Wing, MN",msa,MN,2004,169378.0,12
395017,"Red Wing, MN",msa,MN,2005,180028.0,12
395017,"Red Wing, MN",msa,MN,2006,189526.0,12
395017,"Red Wing, MN",msa,MN,2007,189026.0,12
395017,"Red Wing, MN",msa,MN,2008,176351.0,12
395017,"Red Wing, MN",msa,MN,2009,163095.0,12
395017,"Red Wing, MN",msa,MN,2010,158274.0,12
395017,"Red Wing, MN",msa,MN,2011,152316.0,12
395017,"Red Wing, MN",msa,MN,2012,158620.0,12
395017,"Red Wing, MN",msa,MN,2013,165699.0,12
395017,"Red Wing, MN",msa,MN,2014,176373.0,12
395017,"Red Wing, MN",msa,MN,2015,187141.0,12
395017,"Red Wing, MN",msa,MN,2016,195350.0,12
395017,"Red Wing, MN",msa,MN,2017,207332.0,12
395017,"Red Wing, MN",msa,MN,2018,218193.0,12
395017,"Red Wing, MN",msa,MN,2019,233210.0,12
395017,"Red Wing, MN",msa,MN,2020,248618.0,12
395017,"Red Wing, MN",msa,MN,2021,278842.0,12
395017,"Red Wing, MN",msa,MN,2022,298661.0,12
395017,"Red Wing, MN",msa,MN,2023,305932.0,12
395017,"Red Wing, MN",msa,MN,2024,313237.0,12
395017,"Red Wing, MN",msa,MN,2025,324673.0,12
395017,"Red Wing, MN",msa,MN,2026,326909.0,7
395018,"Redding, CA",msa,CA,2000,116005.0,12
395018,"Redding, CA",msa,CA,2001,129994.0,12
395018,"Redding, CA",msa,CA,2002,153391.0,12
395018,"Redding, CA",msa,CA,2003,185477.0,12
395018,"Redding, CA",msa,CA,2004,222216.0,12
395018,"Redding, CA",msa,CA,2005,271317.0,12
395018,"Redding, CA",msa,CA,2006,282600.0,12
395018,"Redding, CA",msa,CA,2007,261306.0,12
395018,"Redding, CA",msa,CA,2008,218765.0,12
395018,"Redding, CA",msa,CA,2009,198436.0,12
395018,"Redding, CA",msa,CA,2010,190879.0,12
395018,"Redding, CA",msa,CA,2011,174818.0,12
395018,"Redding, CA",msa,CA,2012,179749.0,12
395018,"Redding, CA",msa,CA,2013,206711.0,12
395018,"Redding, CA",msa,CA,2014,217811.0,12
395018,"Redding, CA",msa,CA,2015,230563.0,12
395018,"Redding, CA",msa,CA,2016,240674.0,12
395018,"Redding, CA",msa,CA,2017,258244.0,12
395018,"Redding, CA",msa,CA,2018,269442.0,12
395018,"Redding, CA",msa,CA,2019,288337.0,12
395018,"Redding, CA",msa,CA,2020,315591.0,12
395018,"Redding, CA",msa,CA,2021,365747.0,12
395018,"Redding, CA",msa,CA,2022,378052.0,12
395018,"Redding, CA",msa,CA,2023,376716.0,12
395018,"Redding, CA",msa,CA,2024,381761.0,12
395018,"Redding, CA",msa,CA,2025,376488.0,12
395018,"Redding, CA",msa,CA,2026,377853.0,7
395019,"Reno, NV",msa,NV,2000,186589.0,12
395019,"Reno, NV",msa,NV,2001,197309.0,12
395019,"Reno, NV",msa,NV,2002,214118.0,12
395019,"Reno, NV",msa,NV,2003,245362.0,12
395019,"Reno, NV",msa,NV,2004,324258.0,12
395019,"Reno, NV",msa,NV,2005,391419.0,12
395019,"Reno, NV",msa,NV,2006,374536.0,12
395019,"Reno, NV",msa,NV,2007,334623.0,12
395019,"Reno, NV",msa,NV,2008,263573.0,12
395019,"Reno, NV",msa,NV,2009,205698.0,12
395019,"Reno, NV",msa,NV,2010,189501.0,12
395019,"Reno, NV",msa,NV,2011,167145.0,12
395019,"Reno, NV",msa,NV,2012,176388.0,12
395019,"Reno, NV",msa,NV,2013,223782.0,12
395019,"Reno, NV",msa,NV,2014,250844.0,12
395019,"Reno, NV",msa,NV,2015,292181.0,12
395019,"Reno, NV",msa,NV,2016,317838.0,12
395019,"Reno, NV",msa,NV,2017,348452.0,12
395019,"Reno, NV",msa,NV,2018,386065.0,12
395019,"Reno, NV",msa,NV,2019,396910.0,12
395019,"Reno, NV",msa,NV,2020,434191.0,12
395019,"Reno, NV",msa,NV,2021,543038.0,12
395019,"Reno, NV",msa,NV,2022,553489.0,12
395019,"Reno, NV",msa,NV,2023,548578.0,12
395019,"Reno, NV",msa,NV,2024,571136.0,12
395019,"Reno, NV",msa,NV,2025,569498.0,12
395019,"Reno, NV",msa,NV,2026,573912.0,7
395020,"Rexburg, ID",msa,ID,2009,175966.0,12
395020,"Rexburg, ID",msa,ID,2010,162306.0,12
395020,"Rexburg, ID",msa,ID,2011,156797.0,12
395020,"Rexburg, ID",msa,ID,2012,164848.0,12
395020,"Rexburg, ID",msa,ID,2013,170534.0,12
395020,"Rexburg, ID",msa,ID,2014,172383.0,12
395020,"Rexburg, ID",msa,ID,2015,180964.0,12
395020,"Rexburg, ID",msa,ID,2016,194361.0,12
395020,"Rexburg, ID",msa,ID,2017,208133.0,12
395020,"Rexburg, ID",msa,ID,2018,229967.0,12
395020,"Rexburg, ID",msa,ID,2019,254131.0,12
395020,"Rexburg, ID",msa,ID,2020,303009.0,12
395020,"Rexburg, ID",msa,ID,2021,398317.0,12
395020,"Rexburg, ID",msa,ID,2022,425120.0,12
395020,"Rexburg, ID",msa,ID,2023,404566.0,12
395020,"Rexburg, ID",msa,ID,2024,412529.0,12
395020,"Rexburg, ID",msa,ID,2025,434707.0,12
395020,"Rexburg, ID",msa,ID,2026,444852.0,7
395021,"Richmond, IN",msa,IN,2009,91800.0,12
395021,"Richmond, IN",msa,IN,2010,90949.0,12
395021,"Richmond, IN",msa,IN,2011,89742.0,12
395021,"Richmond, IN",msa,IN,2012,88793.0,12
395021,"Richmond, IN",msa,IN,2013,87961.0,12
395021,"Richmond, IN",msa,IN,2014,85797.0,12
395021,"Richmond, IN",msa,IN,2015,86547.0,12
395021,"Richmond, IN",msa,IN,2016,91704.0,12
395021,"Richmond, IN",msa,IN,2017,96045.0,12
395021,"Richmond, IN",msa,IN,2018,99716.0,12
395021,"Richmond, IN",msa,IN,2019,104108.0,12
395021,"Richmond, IN",msa,IN,2020,114446.0,12
395021,"Richmond, IN",msa,IN,2021,129466.0,12
395021,"Richmond, IN",msa,IN,2022,141483.0,12
395021,"Richmond, IN",msa,IN,2023,146636.0,12
395021,"Richmond, IN",msa,IN,2024,157459.0,12
395021,"Richmond, IN",msa,IN,2025,168473.0,12
395021,"Richmond, IN",msa,IN,2026,175712.0,7
395023,"Richmond, KY",msa,KY,2000,101057.0,12
395023,"Richmond, KY",msa,KY,2001,105462.0,12
395023,"Richmond, KY",msa,KY,2002,108772.0,12
395023,"Richmond, KY",msa,KY,2003,113958.0,12
395023,"Richmond, KY",msa,KY,2004,120672.0,12
395023,"Richmond, KY",msa,KY,2005,130908.0,12
395023,"Richmond, KY",msa,KY,2006,136502.0,12
395023,"Richmond, KY",msa,KY,2007,136224.0,12
395023,"Richmond, KY",msa,KY,2008,133351.0,12
395023,"Richmond, KY",msa,KY,2009,130697.0,12
395023,"Richmond, KY",msa,KY,2010,132927.0,12
395023,"Richmond, KY",msa,KY,2011,132934.0,12
395023,"Richmond, KY",msa,KY,2012,130046.0,12
395023,"Richmond, KY",msa,KY,2013,127384.0,12
395023,"Richmond, KY",msa,KY,2014,131219.0,12
395023,"Richmond, KY",msa,KY,2015,138100.0,12
395023,"Richmond, KY",msa,KY,2016,144842.0,12
395023,"Richmond, KY",msa,KY,2017,157443.0,12
395023,"Richmond, KY",msa,KY,2018,161895.0,12
395023,"Richmond, KY",msa,KY,2019,169856.0,12
395023,"Richmond, KY",msa,KY,2020,190097.0,12
395023,"Richmond, KY",msa,KY,2021,210202.0,12
395023,"Richmond, KY",msa,KY,2022,228990.0,12
395023,"Richmond, KY",msa,KY,2023,238521.0,12
395023,"Richmond, KY",msa,KY,2024,254507.0,12
395023,"Richmond, KY",msa,KY,2025,266726.0,12
395023,"Richmond, KY",msa,KY,2026,267877.0,7
395022,"Richmond, VA",msa,VA,2000,134848.0,12
395022,"Richmond, VA",msa,VA,2001,141744.0,12
395022,"Richmond, VA",msa,VA,2002,151937.0,12
395022,"Richmond, VA",msa,VA,2003,165205.0,12
395022,"Richmond, VA",msa,VA,2004,184094.0,12
395022,"Richmond, VA",msa,VA,2005,210755.0,12
395022,"Richmond, VA",msa,VA,2006,230204.0,12
395022,"Richmond, VA",msa,VA,2007,233635.0,12
395022,"Richmond, VA",msa,VA,2008,223379.0,12
395022,"Richmond, VA",msa,VA,2009,209144.0,12
395022,"Richmond, VA",msa,VA,2010,199589.0,12
395022,"Richmond, VA",msa,VA,2011,187347.0,12
395022,"Richmond, VA",msa,VA,2012,190183.0,12
395022,"Richmond, VA",msa,VA,2013,198336.0,12
395022,"Richmond, VA",msa,VA,2014,203535.0,12
395022,"Richmond, VA",msa,VA,2015,213106.0,12
395022,"Richmond, VA",msa,VA,2016,224578.0,12
395022,"Richmond, VA",msa,VA,2017,236562.0,12
395022,"Richmond, VA",msa,VA,2018,247754.0,12
395022,"Richmond, VA",msa,VA,2019,260610.0,12
395022,"Richmond, VA",msa,VA,2020,284894.0,12
395022,"Richmond, VA",msa,VA,2021,318831.0,12
395022,"Richmond, VA",msa,VA,2022,354467.0,12
395022,"Richmond, VA",msa,VA,2023,371178.0,12
395022,"Richmond, VA",msa,VA,2024,387438.0,12
395022,"Richmond, VA",msa,VA,2025,393693.0,12
395022,"Richmond, VA",msa,VA,2026,397963.0,7
395024,"Rio Grande City, TX",msa,TX,2009,109474.0,12
395024,"Rio Grande City, TX",msa,TX,2010,107427.0,12
395024,"Rio Grande City, TX",msa,TX,2011,102844.0,12
395024,"Rio Grande City, TX",msa,TX,2012,107187.0,12
395024,"Rio Grande City, TX",msa,TX,2013,116912.0,12
395024,"Rio Grande City, TX",msa,TX,2014,125910.0,12
395024,"Rio Grande City, TX",msa,TX,2015,135551.0,12
395024,"Rio Grande City, TX",msa,TX,2016,126841.0,12
395024,"Rio Grande City, TX",msa,TX,2017,131411.0,12
395024,"Rio Grande City, TX",msa,TX,2018,123334.0,12
395024,"Rio Grande City, TX",msa,TX,2019,130374.0,12
395024,"Rio Grande City, TX",msa,TX,2020,156842.0,12
395024,"Rio Grande City, TX",msa,TX,2021,172400.0,12
395024,"Rio Grande City, TX",msa,TX,2022,157471.0,12
395024,"Rio Grande City, TX",msa,TX,2023,147689.0,12
395024,"Rio Grande City, TX",msa,TX,2024,142119.0,12
395024,"Rio Grande City, TX",msa,TX,2025,136308.0,12
395024,"Rio Grande City, TX",msa,TX,2026,142433.0,7
395025,"Riverside, CA",msa,CA,2000,151399.0,12
395025,"Riverside, CA",msa,CA,2001,168897.0,12
395025,"Riverside, CA",msa,CA,2002,193186.0,12
395025,"Riverside, CA",msa,CA,2003,231328.0,12
395025,"Riverside, CA",msa,CA,2004,302948.0,12
395025,"Riverside, CA",msa,CA,2005,369336.0,12
395025,"Riverside, CA",msa,CA,2006,397321.0,12
395025,"Riverside, CA",msa,CA,2007,353505.0,12
395025,"Riverside, CA",msa,CA,2008,235492.0,12
395025,"Riverside, CA",msa,CA,2009,194979.0,12
395025,"Riverside, CA",msa,CA,2010,197854.0,12
395025,"Riverside, CA",msa,CA,2011,189278.0,12
395025,"Riverside, CA",msa,CA,2012,201434.0,12
395025,"Riverside, CA",msa,CA,2013,256291.0,12
395025,"Riverside, CA",msa,CA,2014,284962.0,12
395025,"Riverside, CA",msa,CA,2015,300768.0,12
395025,"Riverside, CA",msa,CA,2016,310059.0,12
395025,"Riverside, CA",msa,CA,2017,356658.0,12
395025,"Riverside, CA",msa,CA,2018,378724.0,12
395025,"Riverside, CA",msa,CA,2019,389960.0,12
395025,"Riverside, CA",msa,CA,2020,429192.0,12
395025,"Riverside, CA",msa,CA,2021,523630.0,12
395025,"Riverside, CA",msa,CA,2022,568948.0,12
395025,"Riverside, CA",msa,CA,2023,582058.0,12
395025,"Riverside, CA",msa,CA,2024,601641.0,12
395025,"Riverside, CA",msa,CA,2025,586933.0,12
395025,"Riverside, CA",msa,CA,2026,586798.0,7
395026,"Riverton, WY",msa,WY,2009,203631.0,12
395026,"Riverton, WY",msa,WY,2010,205547.0,12
395026,"Riverton, WY",msa,WY,2011,190910.0,12
395026,"Riverton, WY",msa,WY,2012,198747.0,12
395026,"Riverton, WY",msa,WY,2013,196474.0,12
395026,"Riverton, WY",msa,WY,2014,201407.0,12
395026,"Riverton, WY",msa,WY,2015,207696.0,12
395026,"Riverton, WY",msa,WY,2016,204339.0,12
395026,"Riverton, WY",msa,WY,2017,198258.0,12
395026,"Riverton, WY",msa,WY,2018,200357.0,12
395026,"Riverton, WY",msa,WY,2019,210325.0,12
395026,"Riverton, WY",msa,WY,2020,223953.0,12
395026,"Riverton, WY",msa,WY,2021,262247.0,12
395026,"Riverton, WY",msa,WY,2022,297267.0,12
395026,"Riverton, WY",msa,WY,2023,309627.0,12
395026,"Riverton, WY",msa,WY,2024,320069.0,12
395026,"Riverton, WY",msa,WY,2025,320564.0,12
395026,"Riverton, WY",msa,WY,2026,328081.0,7
395027,"Roanoke Rapids, NC",msa,NC,2000,56520.0,12
395027,"Roanoke Rapids, NC",msa,NC,2001,58153.0,12
395027,"Roanoke Rapids, NC",msa,NC,2002,60296.0,12
395027,"Roanoke Rapids, NC",msa,NC,2003,61914.0,12
395027,"Roanoke Rapids, NC",msa,NC,2004,65017.0,12
395027,"Roanoke Rapids, NC",msa,NC,2005,68867.0,12
395027,"Roanoke Rapids, NC",msa,NC,2006,73495.0,12
395027,"Roanoke Rapids, NC",msa,NC,2007,76220.0,12
395027,"Roanoke Rapids, NC",msa,NC,2008,72816.0,12
395027,"Roanoke Rapids, NC",msa,NC,2009,68572.0,12
395027,"Roanoke Rapids, NC",msa,NC,2010,65950.0,12
395027,"Roanoke Rapids, NC",msa,NC,2011,63475.0,12
395027,"Roanoke Rapids, NC",msa,NC,2012,62779.0,12
395027,"Roanoke Rapids, NC",msa,NC,2013,61170.0,12
395027,"Roanoke Rapids, NC",msa,NC,2014,63562.0,12
395027,"Roanoke Rapids, NC",msa,NC,2015,64937.0,12
395027,"Roanoke Rapids, NC",msa,NC,2016,63546.0,12
395027,"Roanoke Rapids, NC",msa,NC,2017,67102.0,12
395027,"Roanoke Rapids, NC",msa,NC,2018,70124.0,12
395027,"Roanoke Rapids, NC",msa,NC,2019,72711.0,12
395027,"Roanoke Rapids, NC",msa,NC,2020,85666.0,12
395027,"Roanoke Rapids, NC",msa,NC,2021,92042.0,12
395027,"Roanoke Rapids, NC",msa,NC,2022,104114.0,12
395027,"Roanoke Rapids, NC",msa,NC,2023,101519.0,12
395027,"Roanoke Rapids, NC",msa,NC,2024,102948.0,12
395027,"Roanoke Rapids, NC",msa,NC,2025,102492.0,12
395027,"Roanoke Rapids, NC",msa,NC,2026,107250.0,7
395028,"Roanoke, VA",msa,VA,2004,167684.0,12
395028,"Roanoke, VA",msa,VA,2005,165495.0,12
395028,"Roanoke, VA",msa,VA,2006,172999.0,12
395028,"Roanoke, VA",msa,VA,2007,174115.0,12
395028,"Roanoke, VA",msa,VA,2008,166992.0,12
395028,"Roanoke, VA",msa,VA,2009,158119.0,12
395028,"Roanoke, VA",msa,VA,2010,156355.0,12
395028,"Roanoke, VA",msa,VA,2011,154053.0,12
395028,"Roanoke, VA",msa,VA,2012,156202.0,12
395028,"Roanoke, VA",msa,VA,2013,157434.0,12
395028,"Roanoke, VA",msa,VA,2014,159522.0,12
395028,"Roanoke, VA",msa,VA,2015,162242.0,12
395028,"Roanoke, VA",msa,VA,2016,165785.0,12
395028,"Roanoke, VA",msa,VA,2017,171151.0,12
395028,"Roanoke, VA",msa,VA,2018,176202.0,12
395028,"Roanoke, VA",msa,VA,2019,188625.0,12
395028,"Roanoke, VA",msa,VA,2020,210802.0,12
395028,"Roanoke, VA",msa,VA,2021,231549.0,12
395028,"Roanoke, VA",msa,VA,2022,260051.0,12
395028,"Roanoke, VA",msa,VA,2023,275154.0,12
395028,"Roanoke, VA",msa,VA,2024,290285.0,12
395028,"Roanoke, VA",msa,VA,2025,299466.0,12
395028,"Roanoke, VA",msa,VA,2026,303569.0,7
395029,"Rochelle, IL",msa,IL,2009,142470.0,12
395029,"Rochelle, IL",msa,IL,2010,138834.0,12
395029,"Rochelle, IL",msa,IL,2011,134357.0,12
395029,"Rochelle, IL",msa,IL,2012,132534.0,12
395029,"Rochelle, IL",msa,IL,2013,134540.0,12
395029,"Rochelle, IL",msa,IL,2014,131247.0,12
395029,"Rochelle, IL",msa,IL,2015,119216.0,12
395029,"Rochelle, IL",msa,IL,2016,113045.0,12
395029,"Rochelle, IL",msa,IL,2017,139927.0,12
395029,"Rochelle, IL",msa,IL,2018,146965.0,12
395029,"Rochelle, IL",msa,IL,2019,152026.0,12
395029,"Rochelle, IL",msa,IL,2020,163626.0,12
395029,"Rochelle, IL",msa,IL,2021,182031.0,12
395029,"Rochelle, IL",msa,IL,2022,194503.0,12
395029,"Rochelle, IL",msa,IL,2023,200765.0,12
395029,"Rochelle, IL",msa,IL,2024,207760.0,12
395029,"Rochelle, IL",msa,IL,2025,226301.0,12
395029,"Rochelle, IL",msa,IL,2026,231855.0,7
395030,"Rochester, MN",msa,MN,2000,139734.0,12
395030,"Rochester, MN",msa,MN,2001,149896.0,12
395030,"Rochester, MN",msa,MN,2002,155673.0,12
395030,"Rochester, MN",msa,MN,2003,158813.0,12
395030,"Rochester, MN",msa,MN,2004,164941.0,12
395030,"Rochester, MN",msa,MN,2005,170055.0,12
395030,"Rochester, MN",msa,MN,2006,172416.0,12
395030,"Rochester, MN",msa,MN,2007,170950.0,12
395030,"Rochester, MN",msa,MN,2008,166309.0,12
395030,"Rochester, MN",msa,MN,2009,160597.0,12
395030,"Rochester, MN",msa,MN,2010,153106.0,12
395030,"Rochester, MN",msa,MN,2011,150952.0,12
395030,"Rochester, MN",msa,MN,2012,164487.0,12
395030,"Rochester, MN",msa,MN,2013,172448.0,12
395030,"Rochester, MN",msa,MN,2014,176102.0,12
395030,"Rochester, MN",msa,MN,2015,186780.0,12
395030,"Rochester, MN",msa,MN,2016,201553.0,12
395030,"Rochester, MN",msa,MN,2017,218223.0,12
395030,"Rochester, MN",msa,MN,2018,230652.0,12
395030,"Rochester, MN",msa,MN,2019,241523.0,12
395030,"Rochester, MN",msa,MN,2020,262004.0,12
395030,"Rochester, MN",msa,MN,2021,291302.0,12
395030,"Rochester, MN",msa,MN,2022,310348.0,12
395030,"Rochester, MN",msa,MN,2023,317867.0,12
395030,"Rochester, MN",msa,MN,2024,328138.0,12
395030,"Rochester, MN",msa,MN,2025,339131.0,12
395030,"Rochester, MN",msa,MN,2026,344850.0,7
395031,"Rochester, NY",msa,NY,2000,107753.0,12
395031,"Rochester, NY",msa,NY,2001,112394.0,12
395031,"Rochester, NY",msa,NY,2002,116448.0,12
395031,"Rochester, NY",msa,NY,2003,122563.0,12
395031,"Rochester, NY",msa,NY,2004,127690.0,12
395031,"Rochester, NY",msa,NY,2005,131870.0,12
395031,"Rochester, NY",msa,NY,2006,135555.0,12
395031,"Rochester, NY",msa,NY,2007,137687.0,12
395031,"Rochester, NY",msa,NY,2008,136192.0,12
395031,"Rochester, NY",msa,NY,2009,135861.0,12
395031,"Rochester, NY",msa,NY,2010,134763.0,12
395031,"Rochester, NY",msa,NY,2011,132431.0,12
395031,"Rochester, NY",msa,NY,2012,131741.0,12
395031,"Rochester, NY",msa,NY,2013,134923.0,12
395031,"Rochester, NY",msa,NY,2014,136914.0,12
395031,"Rochester, NY",msa,NY,2015,142064.0,12
395031,"Rochester, NY",msa,NY,2016,153211.0,12
395031,"Rochester, NY",msa,NY,2017,154186.0,12
395031,"Rochester, NY",msa,NY,2018,159196.0,12
395031,"Rochester, NY",msa,NY,2019,167970.0,12
395031,"Rochester, NY",msa,NY,2020,187589.0,12
395031,"Rochester, NY",msa,NY,2021,205326.0,12
395031,"Rochester, NY",msa,NY,2022,230058.0,12
395031,"Rochester, NY",msa,NY,2023,251856.0,12
395031,"Rochester, NY",msa,NY,2024,271783.0,12
395031,"Rochester, NY",msa,NY,2025,279821.0,12
395031,"Rochester, NY",msa,NY,2026,289019.0,7
395032,"Rock Springs, WY",msa,WY,2012,193053.0,12
395032,"Rock Springs, WY",msa,WY,2013,204976.0,12
395032,"Rock Springs, WY",msa,WY,2014,208508.0,12
395032,"Rock Springs, WY",msa,WY,2015,222875.0,12
395032,"Rock Springs, WY",msa,WY,2016,216661.0,12
395032,"Rock Springs, WY",msa,WY,2017,216941.0,12
395032,"Rock Springs, WY",msa,WY,2018,218229.0,12
395032,"Rock Springs, WY",msa,WY,2019,224964.0,12
395032,"Rock Springs, WY",msa,WY,2020,231990.0,12
395032,"Rock Springs, WY",msa,WY,2021,244094.0,12
395032,"Rock Springs, WY",msa,WY,2022,258773.0,12
395032,"Rock Springs, WY",msa,WY,2023,268361.0,12
395032,"Rock Springs, WY",msa,WY,2024,286037.0,12
395032,"Rock Springs, WY",msa,WY,2025,292692.0,12
395032,"Rock Springs, WY",msa,WY,2026,293781.0,7
395033,"Rockford, IL",msa,IL,2000,81564.0,12
395033,"Rockford, IL",msa,IL,2001,85422.0,12
395033,"Rockford, IL",msa,IL,2002,89755.0,12
395033,"Rockford, IL",msa,IL,2003,94849.0,12
395033,"Rockford, IL",msa,IL,2004,101124.0,12
395033,"Rockford, IL",msa,IL,2005,107385.0,12
395033,"Rockford, IL",msa,IL,2006,113201.0,12
395033,"Rockford, IL",msa,IL,2007,115608.0,12
395033,"Rockford, IL",msa,IL,2008,110898.0,12
395033,"Rockford, IL",msa,IL,2009,102778.0,12
395033,"Rockford, IL",msa,IL,2010,95428.0,12
395033,"Rockford, IL",msa,IL,2011,90927.0,12
395033,"Rockford, IL",msa,IL,2012,88411.0,12
395033,"Rockford, IL",msa,IL,2013,89495.0,12
395033,"Rockford, IL",msa,IL,2014,91310.0,12
395033,"Rockford, IL",msa,IL,2015,95082.0,12
395033,"Rockford, IL",msa,IL,2016,104021.0,12
395033,"Rockford, IL",msa,IL,2017,111172.0,12
395033,"Rockford, IL",msa,IL,2018,117462.0,12
395033,"Rockford, IL",msa,IL,2019,124317.0,12
395033,"Rockford, IL",msa,IL,2020,133646.0,12
395033,"Rockford, IL",msa,IL,2021,150515.0,12
395033,"Rockford, IL",msa,IL,2022,163997.0,12
395033,"Rockford, IL",msa,IL,2023,181408.0,12
395033,"Rockford, IL",msa,IL,2024,199101.0,12
395033,"Rockford, IL",msa,IL,2025,214742.0,12
395033,"Rockford, IL",msa,IL,2026,224377.0,7
395034,"Rockingham, NC",msa,NC,2004,65547.0,12
395034,"Rockingham, NC",msa,NC,2005,74382.0,12
395034,"Rockingham, NC",msa,NC,2006,80261.0,12
395034,"Rockingham, NC",msa,NC,2007,82672.0,12
395034,"Rockingham, NC",msa,NC,2008,81211.0,12
395034,"Rockingham, NC",msa,NC,2009,77709.0,12
395034,"Rockingham, NC",msa,NC,2010,75816.0,12
395034,"Rockingham, NC",msa,NC,2011,73760.0,12
395034,"Rockingham, NC",msa,NC,2012,75034.0,12
395034,"Rockingham, NC",msa,NC,2013,74120.0,12
395034,"Rockingham, NC",msa,NC,2014,73089.0,12
395034,"Rockingham, NC",msa,NC,2015,76179.0,12
395034,"Rockingham, NC",msa,NC,2016,81414.0,12
395034,"Rockingham, NC",msa,NC,2017,83319.0,12
395034,"Rockingham, NC",msa,NC,2018,86954.0,12
395034,"Rockingham, NC",msa,NC,2019,91566.0,12
395034,"Rockingham, NC",msa,NC,2020,99105.0,12
395034,"Rockingham, NC",msa,NC,2021,115409.0,12
395034,"Rockingham, NC",msa,NC,2022,127789.0,12
395034,"Rockingham, NC",msa,NC,2023,132246.0,12
395034,"Rockingham, NC",msa,NC,2024,130793.0,12
395034,"Rockingham, NC",msa,NC,2025,132540.0,12
395034,"Rockingham, NC",msa,NC,2026,134283.0,7
395036,"Rocky Mount, NC",msa,NC,2000,90444.0,12
395036,"Rocky Mount, NC",msa,NC,2001,94078.0,12
395036,"Rocky Mount, NC",msa,NC,2002,95876.0,12
395036,"Rocky Mount, NC",msa,NC,2003,97003.0,12
395036,"Rocky Mount, NC",msa,NC,2004,100631.0,12
395036,"Rocky Mount, NC",msa,NC,2005,104955.0,12
395036,"Rocky Mount, NC",msa,NC,2006,110546.0,12
395036,"Rocky Mount, NC",msa,NC,2007,113302.0,12
395036,"Rocky Mount, NC",msa,NC,2008,112373.0,12
395036,"Rocky Mount, NC",msa,NC,2009,106492.0,12
395036,"Rocky Mount, NC",msa,NC,2010,101916.0,12
395036,"Rocky Mount, NC",msa,NC,2011,98809.0,12
395036,"Rocky Mount, NC",msa,NC,2012,97114.0,12
395036,"Rocky Mount, NC",msa,NC,2013,98393.0,12
395036,"Rocky Mount, NC",msa,NC,2014,101801.0,12
395036,"Rocky Mount, NC",msa,NC,2015,103479.0,12
395036,"Rocky Mount, NC",msa,NC,2016,105030.0,12
395036,"Rocky Mount, NC",msa,NC,2017,110441.0,12
395036,"Rocky Mount, NC",msa,NC,2018,116522.0,12
395036,"Rocky Mount, NC",msa,NC,2019,122303.0,12
395036,"Rocky Mount, NC",msa,NC,2020,141467.0,12
395036,"Rocky Mount, NC",msa,NC,2021,158095.0,12
395036,"Rocky Mount, NC",msa,NC,2022,187051.0,12
395036,"Rocky Mount, NC",msa,NC,2023,197291.0,12
395036,"Rocky Mount, NC",msa,NC,2024,202007.0,12
395036,"Rocky Mount, NC",msa,NC,2025,198785.0,12
395036,"Rocky Mount, NC",msa,NC,2026,201130.0,7
395037,"Rolla, MO",msa,MO,2016,134718.0,12
395037,"Rolla, MO",msa,MO,2017,138876.0,12
395037,"Rolla, MO",msa,MO,2018,141818.0,12
395037,"Rolla, MO",msa,MO,2019,146643.0,12
395037,"Rolla, MO",msa,MO,2020,161119.0,12
395037,"Rolla, MO",msa,MO,2021,184717.0,12
395037,"Rolla, MO",msa,MO,2022,201490.0,12
395037,"Rolla, MO",msa,MO,2023,206397.0,12
395037,"Rolla, MO",msa,MO,2024,223480.0,12
395037,"Rolla, MO",msa,MO,2025,228927.0,12
395037,"Rolla, MO",msa,MO,2026,236712.0,7
395038,"Rome, GA",msa,GA,2000,90508.0,12
395038,"Rome, GA",msa,GA,2001,95115.0,12
395038,"Rome, GA",msa,GA,2002,98732.0,12
395038,"Rome, GA",msa,GA,2003,101968.0,12
395038,"Rome, GA",msa,GA,2004,106760.0,11
395038,"Rome, GA",msa,GA,2005,108584.0,12
395038,"Rome, GA",msa,GA,2006,108883.0,12
395038,"Rome, GA",msa,GA,2007,109758.0,12
395038,"Rome, GA",msa,GA,2008,107216.0,12
395038,"Rome, GA",msa,GA,2009,98133.0,12
395038,"Rome, GA",msa,GA,2010,93175.0,12
395038,"Rome, GA",msa,GA,2011,86194.0,12
395038,"Rome, GA",msa,GA,2012,94135.0,12
395038,"Rome, GA",msa,GA,2013,103619.0,12
395038,"Rome, GA",msa,GA,2014,103934.0,12
395038,"Rome, GA",msa,GA,2015,111767.0,12
395038,"Rome, GA",msa,GA,2016,113200.0,12
395038,"Rome, GA",msa,GA,2017,120924.0,12
395038,"Rome, GA",msa,GA,2018,132537.0,12
395038,"Rome, GA",msa,GA,2019,147097.0,12
395038,"Rome, GA",msa,GA,2020,164406.0,12
395038,"Rome, GA",msa,GA,2021,195022.0,12
395038,"Rome, GA",msa,GA,2022,215601.0,12
395038,"Rome, GA",msa,GA,2023,221054.0,12
395038,"Rome, GA",msa,GA,2024,230493.0,12
395038,"Rome, GA",msa,GA,2025,233842.0,12
395038,"Rome, GA",msa,GA,2026,235879.0,7
395039,"Roseburg, OR",msa,OR,2000,104081.0,12
395039,"Roseburg, OR",msa,OR,2001,109238.0,12
395039,"Roseburg, OR",msa,OR,2002,113217.0,12
395039,"Roseburg, OR",msa,OR,2003,120050.0,12
395039,"Roseburg, OR",msa,OR,2004,137210.0,12
395039,"Roseburg, OR",msa,OR,2005,166496.0,12
395039,"Roseburg, OR",msa,OR,2006,187935.0,12
395039,"Roseburg, OR",msa,OR,2007,182745.0,12
395039,"Roseburg, OR",msa,OR,2008,181382.0,12
395039,"Roseburg, OR",msa,OR,2009,163798.0,12
395039,"Roseburg, OR",msa,OR,2010,153916.0,12
395039,"Roseburg, OR",msa,OR,2011,146805.0,12
395039,"Roseburg, OR",msa,OR,2012,148808.0,12
395039,"Roseburg, OR",msa,OR,2013,153185.0,12
395039,"Roseburg, OR",msa,OR,2014,161390.0,12
395039,"Roseburg, OR",msa,OR,2015,174404.0,12
395039,"Roseburg, OR",msa,OR,2016,183967.0,12
395039,"Roseburg, OR",msa,OR,2017,202264.0,12
395039,"Roseburg, OR",msa,OR,2018,215700.0,12
395039,"Roseburg, OR",msa,OR,2019,231036.0,12
395039,"Roseburg, OR",msa,OR,2020,260095.0,12
395039,"Roseburg, OR",msa,OR,2021,310068.0,12
395039,"Roseburg, OR",msa,OR,2022,331773.0,12
395039,"Roseburg, OR",msa,OR,2023,335822.0,12
395039,"Roseburg, OR",msa,OR,2024,344057.0,12
395039,"Roseburg, OR",msa,OR,2025,345830.0,12
395039,"Roseburg, OR",msa,OR,2026,347833.0,7
395040,"Roswell, NM",msa,NM,2009,126432.0,12
395040,"Roswell, NM",msa,NM,2010,123845.0,12
395040,"Roswell, NM",msa,NM,2011,121305.0,12
395040,"Roswell, NM",msa,NM,2012,120809.0,12
395040,"Roswell, NM",msa,NM,2013,122265.0,12
395040,"Roswell, NM",msa,NM,2014,125218.0,12
395040,"Roswell, NM",msa,NM,2015,119172.0,12
395040,"Roswell, NM",msa,NM,2016,125209.0,12
395040,"Roswell, NM",msa,NM,2017,125770.0,12
395040,"Roswell, NM",msa,NM,2018,132828.0,12
395040,"Roswell, NM",msa,NM,2019,151029.0,12
395040,"Roswell, NM",msa,NM,2020,165160.0,12
395040,"Roswell, NM",msa,NM,2021,182774.0,12
395040,"Roswell, NM",msa,NM,2022,182899.0,12
395040,"Roswell, NM",msa,NM,2023,166989.0,12
395040,"Roswell, NM",msa,NM,2024,177124.0,12
395040,"Roswell, NM",msa,NM,2025,171668.0,12
395040,"Roswell, NM",msa,NM,2026,173528.0,7
395042,"Russellville, AR",msa,AR,2000,89515.0,12
395042,"Russellville, AR",msa,AR,2001,93463.0,12
395042,"Russellville, AR",msa,AR,2002,96763.0,12
395042,"Russellville, AR",msa,AR,2003,100410.0,12
395042,"Russellville, AR",msa,AR,2004,106641.0,12
395042,"Russellville, AR",msa,AR,2005,113223.0,12
395042,"Russellville, AR",msa,AR,2006,118248.0,12
395042,"Russellville, AR",msa,AR,2007,123314.0,12
395042,"Russellville, AR",msa,AR,2008,122901.0,12
395042,"Russellville, AR",msa,AR,2009,119732.0,12
395042,"Russellville, AR",msa,AR,2010,117614.0,12
395042,"Russellville, AR",msa,AR,2011,116971.0,12
395042,"Russellville, AR",msa,AR,2012,118102.0,12
395042,"Russellville, AR",msa,AR,2013,117955.0,12
395042,"Russellville, AR",msa,AR,2014,120548.0,12
395042,"Russellville, AR",msa,AR,2015,129454.0,12
395042,"Russellville, AR",msa,AR,2016,134730.0,12
395042,"Russellville, AR",msa,AR,2017,137973.0,12
395042,"Russellville, AR",msa,AR,2018,141984.0,12
395042,"Russellville, AR",msa,AR,2019,146781.0,12
395042,"Russellville, AR",msa,AR,2020,158954.0,12
395042,"Russellville, AR",msa,AR,2021,175726.0,12
395042,"Russellville, AR",msa,AR,2022,183783.0,12
395042,"Russellville, AR",msa,AR,2023,187605.0,12
395042,"Russellville, AR",msa,AR,2024,194727.0,12
395042,"Russellville, AR",msa,AR,2025,195405.0,12
395042,"Russellville, AR",msa,AR,2026,200845.0,7
395043,"Ruston, LA",msa,LA,2000,104684.0,12
395043,"Ruston, LA",msa,LA,2001,109677.0,12
395043,"Ruston, LA",msa,LA,2002,114755.0,12
395043,"Ruston, LA",msa,LA,2003,119909.0,12
395043,"Ruston, LA",msa,LA,2004,126347.0,12
395043,"Ruston, LA",msa,LA,2005,135729.0,12
395043,"Ruston, LA",msa,LA,2006,147976.0,12
395043,"Ruston, LA",msa,LA,2007,152926.0,12
395043,"Ruston, LA",msa,LA,2008,152120.0,12
395043,"Ruston, LA",msa,LA,2009,150103.0,12
395043,"Ruston, LA",msa,LA,2010,150106.0,10
395043,"Ruston, LA",msa,LA,2011,145196.0,12
395043,"Ruston, LA",msa,LA,2012,151026.0,12
395043,"Ruston, LA",msa,LA,2013,154096.0,12
395043,"Ruston, LA",msa,LA,2014,156819.0,12
395043,"Ruston, LA",msa,LA,2015,166981.0,12
395043,"Ruston, LA",msa,LA,2016,175880.0,12
395043,"Ruston, LA",msa,LA,2017,182874.0,12
395043,"Ruston, LA",msa,LA,2018,184418.0,12
395043,"Ruston, LA",msa,LA,2019,189655.0,12
395043,"Ruston, LA",msa,LA,2020,199903.0,12
395043,"Ruston, LA",msa,LA,2021,211913.0,12
395043,"Ruston, LA",msa,LA,2022,218815.0,12
395043,"Ruston, LA",msa,LA,2023,218952.0,12
395043,"Ruston, LA",msa,LA,2024,221209.0,12
395043,"Ruston, LA",msa,LA,2025,220861.0,12
395043,"Ruston, LA",msa,LA,2026,225357.0,7
395044,"Rutland, VT",msa,VT,2000,105824.0,12
395044,"Rutland, VT",msa,VT,2001,113583.0,12
395044,"Rutland, VT",msa,VT,2002,121634.0,12
395044,"Rutland, VT",msa,VT,2003,135103.0,12
395044,"Rutland, VT",msa,VT,2004,144387.0,12
395044,"Rutland, VT",msa,VT,2005,164173.0,12
395044,"Rutland, VT",msa,VT,2006,179741.0,12
395044,"Rutland, VT",msa,VT,2007,187892.0,12
395044,"Rutland, VT",msa,VT,2008,191020.0,12
395044,"Rutland, VT",msa,VT,2009,187162.0,12
395044,"Rutland, VT",msa,VT,2010,187104.0,12
395044,"Rutland, VT",msa,VT,2011,184030.0,12
395044,"Rutland, VT",msa,VT,2012,185572.0,12
395044,"Rutland, VT",msa,VT,2013,185766.0,12
395044,"Rutland, VT",msa,VT,2014,182788.0,12
395044,"Rutland, VT",msa,VT,2015,188122.0,12
395044,"Rutland, VT",msa,VT,2016,187324.0,12
395044,"Rutland, VT",msa,VT,2017,200193.0,12
395044,"Rutland, VT",msa,VT,2018,205805.0,12
395044,"Rutland, VT",msa,VT,2019,207673.0,12
395044,"Rutland, VT",msa,VT,2020,226003.0,12
395044,"Rutland, VT",msa,VT,2021,270807.0,12
395044,"Rutland, VT",msa,VT,2022,297028.0,12
395044,"Rutland, VT",msa,VT,2023,313956.0,12
395044,"Rutland, VT",msa,VT,2024,310672.0,12
395044,"Rutland, VT",msa,VT,2025,313771.0,12
395044,"Rutland, VT",msa,VT,2026,321855.0,7
395045,"Sacramento, CA",msa,CA,2000,191272.0,12
395045,"Sacramento, CA",msa,CA,2001,227045.0,12
395045,"Sacramento, CA",msa,CA,2002,261897.0,12
395045,"Sacramento, CA",msa,CA,2003,304933.0,12
395045,"Sacramento, CA",msa,CA,2004,375447.0,12
395045,"Sacramento, CA",msa,CA,2005,442942.0,12
395045,"Sacramento, CA",msa,CA,2006,423715.0,12
395045,"Sacramento, CA",msa,CA,2007,368317.0,12
395045,"Sacramento, CA",msa,CA,2008,284034.0,12
395045,"Sacramento, CA",msa,CA,2009,250791.0,12
395045,"Sacramento, CA",msa,CA,2010,238057.0,12
395045,"Sacramento, CA",msa,CA,2011,215067.0,12
395045,"Sacramento, CA",msa,CA,2012,231673.0,12
395045,"Sacramento, CA",msa,CA,2013,297177.0,12
395045,"Sacramento, CA",msa,CA,2014,318589.0,12
395045,"Sacramento, CA",msa,CA,2015,345295.0,12
395045,"Sacramento, CA",msa,CA,2016,373423.0,12
395045,"Sacramento, CA",msa,CA,2017,406678.0,12
395045,"Sacramento, CA",msa,CA,2018,427441.0,12
395045,"Sacramento, CA",msa,CA,2019,442917.0,12
395045,"Sacramento, CA",msa,CA,2020,483485.0,12
395045,"Sacramento, CA",msa,CA,2021,574609.0,12
395045,"Sacramento, CA",msa,CA,2022,589551.0,12
395045,"Sacramento, CA",msa,CA,2023,586186.0,12
395045,"Sacramento, CA",msa,CA,2024,598614.0,12
395045,"Sacramento, CA",msa,CA,2025,585074.0,12
395045,"Sacramento, CA",msa,CA,2026,581822.0,7
395046,"Safford, AZ",msa,AZ,2000,106551.0,12
395046,"Safford, AZ",msa,AZ,2001,112761.0,12
395046,"Safford, AZ",msa,AZ,2002,116624.0,12
395046,"Safford, AZ",msa,AZ,2003,123069.0,12
395046,"Safford, AZ",msa,AZ,2004,142150.0,12
395046,"Safford, AZ",msa,AZ,2005,184287.0,12
395046,"Safford, AZ",msa,AZ,2006,194174.0,12
395046,"Safford, AZ",msa,AZ,2007,183710.0,12
395046,"Safford, AZ",msa,AZ,2008,157364.0,12
395046,"Safford, AZ",msa,AZ,2009,132027.0,12
395046,"Safford, AZ",msa,AZ,2010,118529.0,12
395046,"Safford, AZ",msa,AZ,2011,112257.0,12
395046,"Safford, AZ",msa,AZ,2012,135399.0,12
395046,"Safford, AZ",msa,AZ,2013,153018.0,12
395046,"Safford, AZ",msa,AZ,2014,160517.0,12
395046,"Safford, AZ",msa,AZ,2015,166442.0,12
395046,"Safford, AZ",msa,AZ,2016,169764.0,12
395046,"Safford, AZ",msa,AZ,2017,173380.0,12
395046,"Safford, AZ",msa,AZ,2018,182054.0,12
395046,"Safford, AZ",msa,AZ,2019,204162.0,12
395046,"Safford, AZ",msa,AZ,2020,225971.0,12
395046,"Safford, AZ",msa,AZ,2021,259577.0,12
395046,"Safford, AZ",msa,AZ,2022,272146.0,12
395046,"Safford, AZ",msa,AZ,2023,277258.0,12
395046,"Safford, AZ",msa,AZ,2024,290101.0,12
395046,"Safford, AZ",msa,AZ,2025,302246.0,12
395046,"Safford, AZ",msa,AZ,2026,308680.0,7
395047,"Saginaw, MI",msa,MI,2000,83770.0,12
395047,"Saginaw, MI",msa,MI,2001,86924.0,12
395047,"Saginaw, MI",msa,MI,2002,90087.0,12
395047,"Saginaw, MI",msa,MI,2003,94462.0,12
395047,"Saginaw, MI",msa,MI,2004,97333.0,12
395047,"Saginaw, MI",msa,MI,2005,98061.0,12
395047,"Saginaw, MI",msa,MI,2006,92950.0,12
395047,"Saginaw, MI",msa,MI,2007,86804.0,12
395047,"Saginaw, MI",msa,MI,2008,78099.0,12
395047,"Saginaw, MI",msa,MI,2009,78737.0,12
395047,"Saginaw, MI",msa,MI,2010,78968.0,12
395047,"Saginaw, MI",msa,MI,2011,71165.0,12
395047,"Saginaw, MI",msa,MI,2012,71496.0,12
395047,"Saginaw, MI",msa,MI,2013,73164.0,12
395047,"Saginaw, MI",msa,MI,2014,75039.0,12
395047,"Saginaw, MI",msa,MI,2015,77272.0,12
395047,"Saginaw, MI",msa,MI,2016,78928.0,12
395047,"Saginaw, MI",msa,MI,2017,86537.0,12
395047,"Saginaw, MI",msa,MI,2018,90992.0,12
395047,"Saginaw, MI",msa,MI,2019,101670.0,12
395047,"Saginaw, MI",msa,MI,2020,114803.0,12
395047,"Saginaw, MI",msa,MI,2021,127127.0,12
395047,"Saginaw, MI",msa,MI,2022,142502.0,12
395047,"Saginaw, MI",msa,MI,2023,151314.0,12
395047,"Saginaw, MI",msa,MI,2024,160452.0,12
395047,"Saginaw, MI",msa,MI,2025,173097.0,12
395047,"Saginaw, MI",msa,MI,2026,177241.0,7
753915,"Salem, OH",msa,OH,2000,74703.0,12
753915,"Salem, OH",msa,OH,2001,78070.0,12
753915,"Salem, OH",msa,OH,2002,80506.0,12
753915,"Salem, OH",msa,OH,2003,83751.0,12
753915,"Salem, OH",msa,OH,2004,87238.0,12
753915,"Salem, OH",msa,OH,2005,89390.0,12
753915,"Salem, OH",msa,OH,2006,89520.0,12
753915,"Salem, OH",msa,OH,2007,88583.0,12
753915,"Salem, OH",msa,OH,2008,86910.0,12
753915,"Salem, OH",msa,OH,2009,83797.0,12
753915,"Salem, OH",msa,OH,2010,81723.0,12
753915,"Salem, OH",msa,OH,2011,80031.0,12
753915,"Salem, OH",msa,OH,2012,83922.0,12
753915,"Salem, OH",msa,OH,2013,86998.0,12
753915,"Salem, OH",msa,OH,2014,90017.0,12
753915,"Salem, OH",msa,OH,2015,95432.0,12
753915,"Salem, OH",msa,OH,2016,97325.0,12
753915,"Salem, OH",msa,OH,2017,100018.0,12
753915,"Salem, OH",msa,OH,2018,108652.0,12
753915,"Salem, OH",msa,OH,2019,114170.0,12
753915,"Salem, OH",msa,OH,2020,125029.0,12
753915,"Salem, OH",msa,OH,2021,133350.0,12
753915,"Salem, OH",msa,OH,2022,147047.0,12
753915,"Salem, OH",msa,OH,2023,152990.0,12
753915,"Salem, OH",msa,OH,2024,159702.0,12
753915,"Salem, OH",msa,OH,2025,159749.0,12
753915,"Salem, OH",msa,OH,2026,164301.0,7
395048,"Salem, OR",msa,OR,2000,150883.0,12
395048,"Salem, OR",msa,OR,2001,156706.0,12
395048,"Salem, OR",msa,OR,2002,161965.0,12
395048,"Salem, OR",msa,OR,2003,170953.0,12
395048,"Salem, OR",msa,OR,2004,177384.0,12
395048,"Salem, OR",msa,OR,2005,199965.0,12
395048,"Salem, OR",msa,OR,2006,231975.0,12
395048,"Salem, OR",msa,OR,2007,242952.0,12
395048,"Salem, OR",msa,OR,2008,227718.0,12
395048,"Salem, OR",msa,OR,2009,208886.0,12
395048,"Salem, OR",msa,OR,2010,197207.0,12
395048,"Salem, OR",msa,OR,2011,177165.0,12
395048,"Salem, OR",msa,OR,2012,172035.0,12
395048,"Salem, OR",msa,OR,2013,182332.0,12
395048,"Salem, OR",msa,OR,2014,197072.0,12
395048,"Salem, OR",msa,OR,2015,219996.0,12
395048,"Salem, OR",msa,OR,2016,248596.0,12
395048,"Salem, OR",msa,OR,2017,276356.0,12
395048,"Salem, OR",msa,OR,2018,306270.0,12
395048,"Salem, OR",msa,OR,2019,322317.0,12
395048,"Salem, OR",msa,OR,2020,356485.0,12
395048,"Salem, OR",msa,OR,2021,422167.0,12
395048,"Salem, OR",msa,OR,2022,444379.0,12
395048,"Salem, OR",msa,OR,2023,446415.0,12
395048,"Salem, OR",msa,OR,2024,454861.0,12
395048,"Salem, OR",msa,OR,2025,456550.0,12
395048,"Salem, OR",msa,OR,2026,455386.0,7
395049,"Salina, KS",msa,KS,2012,100825.0,12
395049,"Salina, KS",msa,KS,2013,102741.0,12
395049,"Salina, KS",msa,KS,2014,106157.0,12
395049,"Salina, KS",msa,KS,2015,108544.0,12
395049,"Salina, KS",msa,KS,2016,109300.0,12
395049,"Salina, KS",msa,KS,2017,114260.0,12
395049,"Salina, KS",msa,KS,2018,117047.0,12
395049,"Salina, KS",msa,KS,2019,122832.0,12
395049,"Salina, KS",msa,KS,2020,133120.0,12
395049,"Salina, KS",msa,KS,2021,148537.0,12
395049,"Salina, KS",msa,KS,2022,161123.0,12
395049,"Salina, KS",msa,KS,2023,167655.0,12
395049,"Salina, KS",msa,KS,2024,173860.0,12
395049,"Salina, KS",msa,KS,2025,177892.0,12
395049,"Salina, KS",msa,KS,2026,181691.0,7
395050,"Salinas, CA",msa,CA,2000,309755.0,12
395050,"Salinas, CA",msa,CA,2001,372364.0,12
395050,"Salinas, CA",msa,CA,2002,398689.0,12
395050,"Salinas, CA",msa,CA,2003,456255.0,12
395050,"Salinas, CA",msa,CA,2004,565444.0,12
395050,"Salinas, CA",msa,CA,2005,694715.0,12
395050,"Salinas, CA",msa,CA,2006,697628.0,12
395050,"Salinas, CA",msa,CA,2007,600753.0,12
395050,"Salinas, CA",msa,CA,2008,415450.0,12
395050,"Salinas, CA",msa,CA,2009,333172.0,12
395050,"Salinas, CA",msa,CA,2010,330907.0,12
395050,"Salinas, CA",msa,CA,2011,306780.0,12
395050,"Salinas, CA",msa,CA,2012,321562.0,12
395050,"Salinas, CA",msa,CA,2013,393263.0,12
395050,"Salinas, CA",msa,CA,2014,433393.0,12
395050,"Salinas, CA",msa,CA,2015,472741.0,12
395050,"Salinas, CA",msa,CA,2016,508494.0,12
395050,"Salinas, CA",msa,CA,2017,545784.0,12
395050,"Salinas, CA",msa,CA,2018,577776.0,12
395050,"Salinas, CA",msa,CA,2019,598047.0,12
395050,"Salinas, CA",msa,CA,2020,661940.0,12
395050,"Salinas, CA",msa,CA,2021,770223.0,12
395050,"Salinas, CA",msa,CA,2022,808184.0,12
395050,"Salinas, CA",msa,CA,2023,841598.0,12
395050,"Salinas, CA",msa,CA,2024,865547.0,12
395050,"Salinas, CA",msa,CA,2025,848319.0,12
395050,"Salinas, CA",msa,CA,2026,852478.0,7
395051,"Salisbury, MD",msa,DE,2000,148447.0,12
395051,"Salisbury, MD",msa,DE,2001,166214.0,12
395051,"Salisbury, MD",msa,DE,2002,189005.0,12
395051,"Salisbury, MD",msa,DE,2003,222094.0,12
395051,"Salisbury, MD",msa,DE,2004,258194.0,12
395051,"Salisbury, MD",msa,DE,2005,306142.0,12
395051,"Salisbury, MD",msa,DE,2006,325429.0,12
395051,"Salisbury, MD",msa,DE,2007,311601.0,12
395051,"Salisbury, MD",msa,DE,2008,283318.0,12
395051,"Salisbury, MD",msa,DE,2009,263304.0,12
395051,"Salisbury, MD",msa,DE,2010,246059.0,12
395051,"Salisbury, MD",msa,DE,2011,229940.0,12
395051,"Salisbury, MD",msa,DE,2012,231228.0,12
395051,"Salisbury, MD",msa,DE,2013,242012.0,12
395051,"Salisbury, MD",msa,DE,2014,250664.0,12
395051,"Salisbury, MD",msa,DE,2015,255971.0,12
395051,"Salisbury, MD",msa,DE,2016,260599.0,12
395051,"Salisbury, MD",msa,DE,2017,271997.0,12
395051,"Salisbury, MD",msa,DE,2018,279529.0,12
395051,"Salisbury, MD",msa,DE,2019,291194.0,12
395051,"Salisbury, MD",msa,DE,2020,319390.0,12
395051,"Salisbury, MD",msa,DE,2021,385568.0,12
395051,"Salisbury, MD",msa,DE,2022,414624.0,12
395051,"Salisbury, MD",msa,DE,2023,430157.0,12
395051,"Salisbury, MD",msa,DE,2024,434696.0,12
395051,"Salisbury, MD",msa,DE,2025,430424.0,12
395051,"Salisbury, MD",msa,DE,2026,430481.0,7
395053,"Salt Lake City, UT",msa,UT,2000,185932.0,12
395053,"Salt Lake City, UT",msa,UT,2001,188862.0,12
395053,"Salt Lake City, UT",msa,UT,2002,188050.0,12
395053,"Salt Lake City, UT",msa,UT,2003,189467.0,12
395053,"Salt Lake City, UT",msa,UT,2004,191008.0,12
395053,"Salt Lake City, UT",msa,UT,2005,198675.0,12
395053,"Salt Lake City, UT",msa,UT,2006,233893.0,12
395053,"Salt Lake City, UT",msa,UT,2007,267943.0,12
395053,"Salt Lake City, UT",msa,UT,2008,248376.0,12
395053,"Salt Lake City, UT",msa,UT,2009,222823.0,12
395053,"Salt Lake City, UT",msa,UT,2010,210197.0,12
395053,"Salt Lake City, UT",msa,UT,2011,194758.0,12
395053,"Salt Lake City, UT",msa,UT,2012,213784.0,12
395053,"Salt Lake City, UT",msa,UT,2013,242100.0,12
395053,"Salt Lake City, UT",msa,UT,2014,249086.0,12
395053,"Salt Lake City, UT",msa,UT,2015,273478.0,12
395053,"Salt Lake City, UT",msa,UT,2016,293294.0,12
395053,"Salt Lake City, UT",msa,UT,2017,322698.0,12
395053,"Salt Lake City, UT",msa,UT,2018,350539.0,12
395053,"Salt Lake City, UT",msa,UT,2019,372006.0,12
395053,"Salt Lake City, UT",msa,UT,2020,422129.0,12
395053,"Salt Lake City, UT",msa,UT,2021,519066.0,12
395053,"Salt Lake City, UT",msa,UT,2022,548062.0,12
395053,"Salt Lake City, UT",msa,UT,2023,546424.0,12
395053,"Salt Lake City, UT",msa,UT,2024,559280.0,12
395053,"Salt Lake City, UT",msa,UT,2025,569854.0,12
395053,"Salt Lake City, UT",msa,UT,2026,566207.0,7
395054,"San Angelo, TX",msa,TX,2014,133845.0,12
395054,"San Angelo, TX",msa,TX,2015,145575.0,12
395054,"San Angelo, TX",msa,TX,2016,150985.0,12
395054,"San Angelo, TX",msa,TX,2017,150174.0,12
395054,"San Angelo, TX",msa,TX,2018,156991.0,12
395054,"San Angelo, TX",msa,TX,2019,178743.0,12
395054,"San Angelo, TX",msa,TX,2020,190780.0,12
395054,"San Angelo, TX",msa,TX,2021,223119.0,12
395054,"San Angelo, TX",msa,TX,2022,226877.0,12
395054,"San Angelo, TX",msa,TX,2023,231977.0,12
395054,"San Angelo, TX",msa,TX,2024,239345.0,12
395054,"San Angelo, TX",msa,TX,2025,245963.0,12
395054,"San Angelo, TX",msa,TX,2026,231274.0,7
395055,"San Antonio, TX",msa,TX,2000,114683.0,12
395055,"San Antonio, TX",msa,TX,2001,113252.0,12
395055,"San Antonio, TX",msa,TX,2002,116973.0,12
395055,"San Antonio, TX",msa,TX,2003,119699.0,12
395055,"San Antonio, TX",msa,TX,2004,131475.0,12
395055,"San Antonio, TX",msa,TX,2005,136677.0,12
395055,"San Antonio, TX",msa,TX,2006,146125.0,12
395055,"San Antonio, TX",msa,TX,2007,153991.0,12
395055,"San Antonio, TX",msa,TX,2008,150625.0,12
395055,"San Antonio, TX",msa,TX,2009,145986.0,12
395055,"San Antonio, TX",msa,TX,2010,144694.0,12
395055,"San Antonio, TX",msa,TX,2011,140409.0,12
395055,"San Antonio, TX",msa,TX,2012,144411.0,12
395055,"San Antonio, TX",msa,TX,2013,152653.0,12
395055,"San Antonio, TX",msa,TX,2014,163195.0,12
395055,"San Antonio, TX",msa,TX,2015,176897.0,12
395055,"San Antonio, TX",msa,TX,2016,187813.0,12
395055,"San Antonio, TX",msa,TX,2017,199204.0,12
395055,"San Antonio, TX",msa,TX,2018,209778.0,12
395055,"San Antonio, TX",msa,TX,2019,218453.0,12
395055,"San Antonio, TX",msa,TX,2020,235916.0,12
395055,"San Antonio, TX",msa,TX,2021,276779.0,12
395055,"San Antonio, TX",msa,TX,2022,306546.0,12
395055,"San Antonio, TX",msa,TX,2023,297429.0,12
395055,"San Antonio, TX",msa,TX,2024,291055.0,12
395055,"San Antonio, TX",msa,TX,2025,283016.0,12
395055,"San Antonio, TX",msa,TX,2026,279434.0,7
395056,"San Diego, CA",msa,CA,2000,248400.0,12
395056,"San Diego, CA",msa,CA,2001,284286.0,12
395056,"San Diego, CA",msa,CA,2002,334988.0,12
395056,"San Diego, CA",msa,CA,2003,395988.0,12
395056,"San Diego, CA",msa,CA,2004,504829.0,12
395056,"San Diego, CA",msa,CA,2005,543459.0,12
395056,"San Diego, CA",msa,CA,2006,529839.0,12
395056,"San Diego, CA",msa,CA,2007,478934.0,12
395056,"San Diego, CA",msa,CA,2008,382924.0,12
395056,"San Diego, CA",msa,CA,2009,362287.0,12
395056,"San Diego, CA",msa,CA,2010,359029.0,12
395056,"San Diego, CA",msa,CA,2011,337869.0,12
395056,"San Diego, CA",msa,CA,2012,362979.0,12
395056,"San Diego, CA",msa,CA,2013,430762.0,12
395056,"San Diego, CA",msa,CA,2014,459224.0,12
395056,"San Diego, CA",msa,CA,2015,498575.0,12
395056,"San Diego, CA",msa,CA,2016,531244.0,12
395056,"San Diego, CA",msa,CA,2017,574348.0,12
395056,"San Diego, CA",msa,CA,2018,595335.0,12
395056,"San Diego, CA",msa,CA,2019,605961.0,12
395056,"San Diego, CA",msa,CA,2020,667527.0,12
395056,"San Diego, CA",msa,CA,2021,786097.0,12
395056,"San Diego, CA",msa,CA,2022,855937.0,12
395056,"San Diego, CA",msa,CA,2023,915417.0,12
395056,"San Diego, CA",msa,CA,2024,955051.0,12
395056,"San Diego, CA",msa,CA,2025,932447.0,12
395056,"San Diego, CA",msa,CA,2026,934166.0,7
395057,"San Francisco, CA",msa,CA,2000,348352.0,12
395057,"San Francisco, CA",msa,CA,2001,388690.0,12
395057,"San Francisco, CA",msa,CA,2002,421781.0,12
395057,"San Francisco, CA",msa,CA,2003,456962.0,12
395057,"San Francisco, CA",msa,CA,2004,546864.0,12
395057,"San Francisco, CA",msa,CA,2005,637930.0,12
395057,"San Francisco, CA",msa,CA,2006,639017.0,12
395057,"San Francisco, CA",msa,CA,2007,601196.0,12
395057,"San Francisco, CA",msa,CA,2008,516023.0,12
395057,"San Francisco, CA",msa,CA,2009,473838.0,12
395057,"San Francisco, CA",msa,CA,2010,468481.0,12
395057,"San Francisco, CA",msa,CA,2011,435084.0,12
395057,"San Francisco, CA",msa,CA,2012,483878.0,12
395057,"San Francisco, CA",msa,CA,2013,591084.0,12
395057,"San Francisco, CA",msa,CA,2014,659810.0,12
395057,"San Francisco, CA",msa,CA,2015,757925.0,12
395057,"San Francisco, CA",msa,CA,2016,794134.0,12
395057,"San Francisco, CA",msa,CA,2017,869838.0,12
395057,"San Francisco, CA",msa,CA,2018,937556.0,12
395057,"San Francisco, CA",msa,CA,2019,935214.0,12
395057,"San Francisco, CA",msa,CA,2020,996799.0,12
395057,"San Francisco, CA",msa,CA,2021,1135021.0,12
395057,"San Francisco, CA",msa,CA,2022,1134761.0,12
395057,"San Francisco, CA",msa,CA,2023,1131649.0,12
395057,"San Francisco, CA",msa,CA,2024,1157300.0,12
395057,"San Francisco, CA",msa,CA,2025,1124747.0,12
395057,"San Francisco, CA",msa,CA,2026,1136810.0,7
395059,"San Jose, CA",msa,CA,2000,453259.0,12
395059,"San Jose, CA",msa,CA,2001,480120.0,12
395059,"San Jose, CA",msa,CA,2002,492158.0,12
395059,"San Jose, CA",msa,CA,2003,500689.0,12
395059,"San Jose, CA",msa,CA,2004,583218.0,12
395059,"San Jose, CA",msa,CA,2005,678472.0,12
395059,"San Jose, CA",msa,CA,2006,690316.0,12
395059,"San Jose, CA",msa,CA,2007,672244.0,12
395059,"San Jose, CA",msa,CA,2008,552095.0,12
395059,"San Jose, CA",msa,CA,2009,509994.0,12
395059,"San Jose, CA",msa,CA,2010,504656.0,12
395059,"San Jose, CA",msa,CA,2011,477818.0,12
395059,"San Jose, CA",msa,CA,2012,588501.0,12
395059,"San Jose, CA",msa,CA,2013,693259.0,12
395059,"San Jose, CA",msa,CA,2014,775047.0,12
395059,"San Jose, CA",msa,CA,2015,890450.0,12
395059,"San Jose, CA",msa,CA,2016,861503.0,12
395059,"San Jose, CA",msa,CA,2017,943881.0,12
395059,"San Jose, CA",msa,CA,2018,1215539.0,12
395059,"San Jose, CA",msa,CA,2019,1118747.0,12
395059,"San Jose, CA",msa,CA,2020,1215471.0,12
395059,"San Jose, CA",msa,CA,2021,1394350.0,12
395059,"San Jose, CA",msa,CA,2022,1437133.0,12
395059,"San Jose, CA",msa,CA,2023,1515978.0,12
395059,"San Jose, CA",msa,CA,2024,1633936.0,12
395059,"San Jose, CA",msa,CA,2025,1604452.0,12
395059,"San Jose, CA",msa,CA,2026,1559187.0,7
395061,"San Luis Obispo, CA",msa,CA,2000,236678.0,12
395061,"San Luis Obispo, CA",msa,CA,2001,283637.0,12
395061,"San Luis Obispo, CA",msa,CA,2002,330221.0,12
395061,"San Luis Obispo, CA",msa,CA,2003,380501.0,12
395061,"San Luis Obispo, CA",msa,CA,2004,456724.0,12
395061,"San Luis Obispo, CA",msa,CA,2005,528286.0,12
395061,"San Luis Obispo, CA",msa,CA,2006,520577.0,12
395061,"San Luis Obispo, CA",msa,CA,2007,489488.0,12
395061,"San Luis Obispo, CA",msa,CA,2008,429268.0,12
395061,"San Luis Obispo, CA",msa,CA,2009,383480.0,12
395061,"San Luis Obispo, CA",msa,CA,2010,363461.0,12
395061,"San Luis Obispo, CA",msa,CA,2011,345528.0,12
395061,"San Luis Obispo, CA",msa,CA,2012,383702.0,12
395061,"San Luis Obispo, CA",msa,CA,2013,440316.0,12
395061,"San Luis Obispo, CA",msa,CA,2014,474181.0,12
395061,"San Luis Obispo, CA",msa,CA,2015,480618.0,12
395061,"San Luis Obispo, CA",msa,CA,2016,548400.0,12
395061,"San Luis Obispo, CA",msa,CA,2017,589795.0,12
395061,"San Luis Obispo, CA",msa,CA,2018,612219.0,12
395061,"San Luis Obispo, CA",msa,CA,2019,622232.0,12
395061,"San Luis Obispo, CA",msa,CA,2020,668915.0,12
395061,"San Luis Obispo, CA",msa,CA,2021,765830.0,12
395061,"San Luis Obispo, CA",msa,CA,2022,832340.0,12
395061,"San Luis Obispo, CA",msa,CA,2023,873978.0,12
395061,"San Luis Obispo, CA",msa,CA,2024,890114.0,12
395061,"San Luis Obispo, CA",msa,CA,2025,903590.0,12
395061,"San Luis Obispo, CA",msa,CA,2026,906817.0,7
753916,"Sandpoint, ID",msa,ID,2009,238935.0,12
753916,"Sandpoint, ID",msa,ID,2010,215146.0,12
753916,"Sandpoint, ID",msa,ID,2011,205320.0,12
753916,"Sandpoint, ID",msa,ID,2012,209053.0,12
753916,"Sandpoint, ID",msa,ID,2013,229970.0,12
753916,"Sandpoint, ID",msa,ID,2014,245983.0,12
753916,"Sandpoint, ID",msa,ID,2015,270643.0,12
753916,"Sandpoint, ID",msa,ID,2016,288009.0,12
753916,"Sandpoint, ID",msa,ID,2017,313746.0,12
753916,"Sandpoint, ID",msa,ID,2018,339328.0,12
753916,"Sandpoint, ID",msa,ID,2019,368623.0,12
753916,"Sandpoint, ID",msa,ID,2020,447048.0,12
753916,"Sandpoint, ID",msa,ID,2021,598588.0,12
753916,"Sandpoint, ID",msa,ID,2022,629682.0,12
753916,"Sandpoint, ID",msa,ID,2023,630570.0,12
753916,"Sandpoint, ID",msa,ID,2024,645122.0,12
753916,"Sandpoint, ID",msa,ID,2025,652503.0,12
753916,"Sandpoint, ID",msa,ID,2026,656972.0,7
395062,"Sandusky, OH",msa,OH,2000,112768.0,12
395062,"Sandusky, OH",msa,OH,2001,119664.0,12
395062,"Sandusky, OH",msa,OH,2002,122601.0,12
395062,"Sandusky, OH",msa,OH,2003,129497.0,12
395062,"Sandusky, OH",msa,OH,2004,132526.0,12
395062,"Sandusky, OH",msa,OH,2005,136298.0,12
395062,"Sandusky, OH",msa,OH,2006,139535.0,12
395062,"Sandusky, OH",msa,OH,2007,142563.0,12
395062,"Sandusky, OH",msa,OH,2008,137270.0,12
395062,"Sandusky, OH",msa,OH,2009,132950.0,12
395062,"Sandusky, OH",msa,OH,2010,126712.0,12
395062,"Sandusky, OH",msa,OH,2011,120137.0,12
395062,"Sandusky, OH",msa,OH,2012,119037.0,12
395062,"Sandusky, OH",msa,OH,2013,122633.0,12
395062,"Sandusky, OH",msa,OH,2014,127011.0,12
395062,"Sandusky, OH",msa,OH,2015,128135.0,12
395062,"Sandusky, OH",msa,OH,2016,130953.0,12
395062,"Sandusky, OH",msa,OH,2017,136983.0,12
395062,"Sandusky, OH",msa,OH,2018,142315.0,12
395062,"Sandusky, OH",msa,OH,2019,151828.0,12
395062,"Sandusky, OH",msa,OH,2020,168288.0,12
395062,"Sandusky, OH",msa,OH,2021,185938.0,12
395062,"Sandusky, OH",msa,OH,2022,203464.0,12
395062,"Sandusky, OH",msa,OH,2023,215217.0,12
395062,"Sandusky, OH",msa,OH,2024,231318.0,12
395062,"Sandusky, OH",msa,OH,2025,236673.0,12
395062,"Sandusky, OH",msa,OH,2026,242265.0,7
395063,"Sanford, NC",msa,NC,2000,105066.0,12
395063,"Sanford, NC",msa,NC,2001,109361.0,12
395063,"Sanford, NC",msa,NC,2002,111949.0,12
395063,"Sanford, NC",msa,NC,2003,114853.0,12
395063,"Sanford, NC",msa,NC,2004,120280.0,12
395063,"Sanford, NC",msa,NC,2005,128576.0,12
395063,"Sanford, NC",msa,NC,2006,133137.0,12
395063,"Sanford, NC",msa,NC,2007,136449.0,12
395063,"Sanford, NC",msa,NC,2008,134876.0,12
395063,"Sanford, NC",msa,NC,2009,128360.0,12
395063,"Sanford, NC",msa,NC,2010,123351.0,12
395063,"Sanford, NC",msa,NC,2011,119963.0,12
395063,"Sanford, NC",msa,NC,2012,118908.0,12
395063,"Sanford, NC",msa,NC,2013,122000.0,12
395063,"Sanford, NC",msa,NC,2014,123104.0,12
395063,"Sanford, NC",msa,NC,2015,127255.0,12
395063,"Sanford, NC",msa,NC,2016,133444.0,12
395063,"Sanford, NC",msa,NC,2017,143162.0,12
395063,"Sanford, NC",msa,NC,2018,156603.0,12
395063,"Sanford, NC",msa,NC,2019,167067.0,12
395063,"Sanford, NC",msa,NC,2020,189308.0,12
395063,"Sanford, NC",msa,NC,2021,219578.0,12
395063,"Sanford, NC",msa,NC,2022,266028.0,12
395063,"Sanford, NC",msa,NC,2023,283736.0,12
395063,"Sanford, NC",msa,NC,2024,291714.0,12
395063,"Sanford, NC",msa,NC,2025,293505.0,12
395063,"Sanford, NC",msa,NC,2026,292476.0,7
395065,"Santa Cruz, CA",msa,CA,2000,357175.0,12
395065,"Santa Cruz, CA",msa,CA,2001,424503.0,12
395065,"Santa Cruz, CA",msa,CA,2002,446817.0,12
395065,"Santa Cruz, CA",msa,CA,2003,479568.0,12
395065,"Santa Cruz, CA",msa,CA,2004,571047.0,12
395065,"Santa Cruz, CA",msa,CA,2005,670333.0,12
395065,"Santa Cruz, CA",msa,CA,2006,659088.0,12
395065,"Santa Cruz, CA",msa,CA,2007,647645.0,12
395065,"Santa Cruz, CA",msa,CA,2008,533063.0,12
395065,"Santa Cruz, CA",msa,CA,2009,483211.0,12
395065,"Santa Cruz, CA",msa,CA,2010,477729.0,12
395065,"Santa Cruz, CA",msa,CA,2011,445416.0,12
395065,"Santa Cruz, CA",msa,CA,2012,477954.0,12
395065,"Santa Cruz, CA",msa,CA,2013,546142.0,12
395065,"Santa Cruz, CA",msa,CA,2014,606286.0,12
395065,"Santa Cruz, CA",msa,CA,2015,678325.0,12
395065,"Santa Cruz, CA",msa,CA,2016,725319.0,12
395065,"Santa Cruz, CA",msa,CA,2017,785487.0,12
395065,"Santa Cruz, CA",msa,CA,2018,824636.0,12
395065,"Santa Cruz, CA",msa,CA,2019,815552.0,12
395065,"Santa Cruz, CA",msa,CA,2020,895484.0,12
395065,"Santa Cruz, CA",msa,CA,2021,1071622.0,12
395065,"Santa Cruz, CA",msa,CA,2022,1120349.0,12
395065,"Santa Cruz, CA",msa,CA,2023,1129923.0,12
395065,"Santa Cruz, CA",msa,CA,2024,1134483.0,12
395065,"Santa Cruz, CA",msa,CA,2025,1136866.0,12
395065,"Santa Cruz, CA",msa,CA,2026,1158619.0,7
395066,"Santa Fe, NM",msa,NM,2002,231282.0,12
395066,"Santa Fe, NM",msa,NM,2003,247464.0,12
395066,"Santa Fe, NM",msa,NM,2004,283494.0,12
395066,"Santa Fe, NM",msa,NM,2005,309298.0,12
395066,"Santa Fe, NM",msa,NM,2006,340480.0,12
395066,"Santa Fe, NM",msa,NM,2007,355378.0,12
395066,"Santa Fe, NM",msa,NM,2008,343661.0,12
395066,"Santa Fe, NM",msa,NM,2009,310550.0,12
395066,"Santa Fe, NM",msa,NM,2010,293561.0,12
395066,"Santa Fe, NM",msa,NM,2011,273421.0,12
395066,"Santa Fe, NM",msa,NM,2012,274285.0,12
395066,"Santa Fe, NM",msa,NM,2013,280499.0,12
395066,"Santa Fe, NM",msa,NM,2014,293553.0,12
395066,"Santa Fe, NM",msa,NM,2015,305994.0,12
395066,"Santa Fe, NM",msa,NM,2016,308313.0,12
395066,"Santa Fe, NM",msa,NM,2017,339805.0,12
395066,"Santa Fe, NM",msa,NM,2018,352733.0,12
395066,"Santa Fe, NM",msa,NM,2019,390779.0,12
395066,"Santa Fe, NM",msa,NM,2020,434594.0,12
395066,"Santa Fe, NM",msa,NM,2021,498768.0,12
395066,"Santa Fe, NM",msa,NM,2022,534463.0,12
395066,"Santa Fe, NM",msa,NM,2023,553605.0,12
395066,"Santa Fe, NM",msa,NM,2024,563665.0,12
395066,"Santa Fe, NM",msa,NM,2025,559335.0,12
395066,"Santa Fe, NM",msa,NM,2026,562484.0,7
753917,"Santa Maria, CA",msa,CA,2000,300946.0,12
753917,"Santa Maria, CA",msa,CA,2001,357040.0,12
753917,"Santa Maria, CA",msa,CA,2002,413112.0,12
753917,"Santa Maria, CA",msa,CA,2003,491773.0,12
753917,"Santa Maria, CA",msa,CA,2004,592967.0,12
753917,"Santa Maria, CA",msa,CA,2005,685580.0,12
753917,"Santa Maria, CA",msa,CA,2006,660822.0,12
753917,"Santa Maria, CA",msa,CA,2007,593624.0,12
753917,"Santa Maria, CA",msa,CA,2008,462731.0,12
753917,"Santa Maria, CA",msa,CA,2009,416242.0,12
753917,"Santa Maria, CA",msa,CA,2010,412232.0,12
753917,"Santa Maria, CA",msa,CA,2011,357248.0,12
753917,"Santa Maria, CA",msa,CA,2012,379406.0,12
753917,"Santa Maria, CA",msa,CA,2013,458736.0,12
753917,"Santa Maria, CA",msa,CA,2014,500191.0,12
753917,"Santa Maria, CA",msa,CA,2015,536907.0,12
753917,"Santa Maria, CA",msa,CA,2016,563501.0,12
753917,"Santa Maria, CA",msa,CA,2017,588733.0,12
753917,"Santa Maria, CA",msa,CA,2018,606587.0,12
753917,"Santa Maria, CA",msa,CA,2019,612372.0,12
753917,"Santa Maria, CA",msa,CA,2020,672872.0,12
753917,"Santa Maria, CA",msa,CA,2021,807109.0,12
753917,"Santa Maria, CA",msa,CA,2022,896750.0,12
753917,"Santa Maria, CA",msa,CA,2023,954061.0,12
753917,"Santa Maria, CA",msa,CA,2024,986944.0,12
753917,"Santa Maria, CA",msa,CA,2025,986321.0,12
753917,"Santa Maria, CA",msa,CA,2026,1003290.0,7
395068,"Santa Rosa, CA",msa,CA,2000,319003.0,12
395068,"Santa Rosa, CA",msa,CA,2001,375169.0,12
395068,"Santa Rosa, CA",msa,CA,2002,401435.0,12
395068,"Santa Rosa, CA",msa,CA,2003,451217.0,12
395068,"Santa Rosa, CA",msa,CA,2004,536427.0,12
395068,"Santa Rosa, CA",msa,CA,2005,623328.0,12
395068,"Santa Rosa, CA",msa,CA,2006,603850.0,12
395068,"Santa Rosa, CA",msa,CA,2007,551951.0,12
395068,"Santa Rosa, CA",msa,CA,2008,436458.0,12
395068,"Santa Rosa, CA",msa,CA,2009,392987.0,12
395068,"Santa Rosa, CA",msa,CA,2010,381726.0,12
395068,"Santa Rosa, CA",msa,CA,2011,341515.0,12
395068,"Santa Rosa, CA",msa,CA,2012,361949.0,12
395068,"Santa Rosa, CA",msa,CA,2013,442396.0,12
395068,"Santa Rosa, CA",msa,CA,2014,490900.0,12
395068,"Santa Rosa, CA",msa,CA,2015,551962.0,12
395068,"Santa Rosa, CA",msa,CA,2016,587108.0,12
395068,"Santa Rosa, CA",msa,CA,2017,634015.0,12
395068,"Santa Rosa, CA",msa,CA,2018,674502.0,12
395068,"Santa Rosa, CA",msa,CA,2019,667677.0,12
395068,"Santa Rosa, CA",msa,CA,2020,697273.0,12
395068,"Santa Rosa, CA",msa,CA,2021,764176.0,12
395068,"Santa Rosa, CA",msa,CA,2022,795441.0,12
395068,"Santa Rosa, CA",msa,CA,2023,810466.0,12
395068,"Santa Rosa, CA",msa,CA,2024,818349.0,12
395068,"Santa Rosa, CA",msa,CA,2025,795023.0,12
395068,"Santa Rosa, CA",msa,CA,2026,791767.0,7
395069,"Sault Ste. Marie, MI",msa,MI,2009,128468.0,12
395069,"Sault Ste. Marie, MI",msa,MI,2010,125113.0,12
395069,"Sault Ste. Marie, MI",msa,MI,2011,124950.0,12
395069,"Sault Ste. Marie, MI",msa,MI,2012,131267.0,12
395069,"Sault Ste. Marie, MI",msa,MI,2013,134821.0,12
395069,"Sault Ste. Marie, MI",msa,MI,2014,133100.0,12
395069,"Sault Ste. Marie, MI",msa,MI,2015,131102.0,12
395069,"Sault Ste. Marie, MI",msa,MI,2016,118275.0,12
395069,"Sault Ste. Marie, MI",msa,MI,2017,115179.0,12
395069,"Sault Ste. Marie, MI",msa,MI,2018,130721.0,12
395069,"Sault Ste. Marie, MI",msa,MI,2019,145606.0,12
395069,"Sault Ste. Marie, MI",msa,MI,2020,161316.0,12
395069,"Sault Ste. Marie, MI",msa,MI,2021,173095.0,12
395069,"Sault Ste. Marie, MI",msa,MI,2022,183688.0,12
395069,"Sault Ste. Marie, MI",msa,MI,2023,186004.0,12
395069,"Sault Ste. Marie, MI",msa,MI,2024,196582.0,12
395069,"Sault Ste. Marie, MI",msa,MI,2025,194754.0,12
395069,"Sault Ste. Marie, MI",msa,MI,2026,203941.0,7
395070,"Savannah, GA",msa,GA,2000,128421.0,12
395070,"Savannah, GA",msa,GA,2001,134511.0,12
395070,"Savannah, GA",msa,GA,2002,141351.0,12
395070,"Savannah, GA",msa,GA,2003,148967.0,12
395070,"Savannah, GA",msa,GA,2004,163567.0,12
395070,"Savannah, GA",msa,GA,2005,177637.0,12
395070,"Savannah, GA",msa,GA,2006,192360.0,12
395070,"Savannah, GA",msa,GA,2007,194810.0,12
395070,"Savannah, GA",msa,GA,2008,186109.0,12
395070,"Savannah, GA",msa,GA,2009,175370.0,12
395070,"Savannah, GA",msa,GA,2010,168887.0,12
395070,"Savannah, GA",msa,GA,2011,156403.0,12
395070,"Savannah, GA",msa,GA,2012,160574.0,12
395070,"Savannah, GA",msa,GA,2013,167474.0,12
395070,"Savannah, GA",msa,GA,2014,175087.0,12
395070,"Savannah, GA",msa,GA,2015,184506.0,12
395070,"Savannah, GA",msa,GA,2016,188569.0,12
395070,"Savannah, GA",msa,GA,2017,195088.0,12
395070,"Savannah, GA",msa,GA,2018,206850.0,12
395070,"Savannah, GA",msa,GA,2019,216759.0,12
395070,"Savannah, GA",msa,GA,2020,233691.0,12
395070,"Savannah, GA",msa,GA,2021,271887.0,12
395070,"Savannah, GA",msa,GA,2022,317380.0,12
395070,"Savannah, GA",msa,GA,2023,345106.0,12
395070,"Savannah, GA",msa,GA,2024,360088.0,12
395070,"Savannah, GA",msa,GA,2025,352054.0,12
395070,"Savannah, GA",msa,GA,2026,345393.0,7
395071,"Sayre, PA",msa,PA,2009,125564.0,12
395071,"Sayre, PA",msa,PA,2010,115746.0,12
395071,"Sayre, PA",msa,PA,2011,123141.0,12
395071,"Sayre, PA",msa,PA,2012,139115.0,12
395071,"Sayre, PA",msa,PA,2013,143494.0,12
395071,"Sayre, PA",msa,PA,2014,145909.0,12
395071,"Sayre, PA",msa,PA,2015,143779.0,12
395071,"Sayre, PA",msa,PA,2016,137248.0,12
395071,"Sayre, PA",msa,PA,2017,136385.0,12
395071,"Sayre, PA",msa,PA,2018,139199.0,12
395071,"Sayre, PA",msa,PA,2019,144148.0,12
395071,"Sayre, PA",msa,PA,2020,155964.0,12
395071,"Sayre, PA",msa,PA,2021,161803.0,12
395071,"Sayre, PA",msa,PA,2022,176865.0,12
395071,"Sayre, PA",msa,PA,2023,187244.0,12
395071,"Sayre, PA",msa,PA,2024,195557.0,12
395071,"Sayre, PA",msa,PA,2025,200864.0,12
395071,"Sayre, PA",msa,PA,2026,209394.0,7
395072,"Scottsbluff, NE",msa,NE,2009,112361.0,12
395072,"Scottsbluff, NE",msa,NE,2010,107761.0,12
395072,"Scottsbluff, NE",msa,NE,2011,109356.0,12
395072,"Scottsbluff, NE",msa,NE,2012,109759.0,12
395072,"Scottsbluff, NE",msa,NE,2013,111454.0,12
395072,"Scottsbluff, NE",msa,NE,2014,115483.0,12
395072,"Scottsbluff, NE",msa,NE,2015,119635.0,12
395072,"Scottsbluff, NE",msa,NE,2016,121789.0,12
395072,"Scottsbluff, NE",msa,NE,2017,125749.0,12
395072,"Scottsbluff, NE",msa,NE,2018,128469.0,12
395072,"Scottsbluff, NE",msa,NE,2019,135478.0,12
395072,"Scottsbluff, NE",msa,NE,2020,143599.0,12
395072,"Scottsbluff, NE",msa,NE,2021,157009.0,12
395072,"Scottsbluff, NE",msa,NE,2022,170866.0,12
395072,"Scottsbluff, NE",msa,NE,2023,178703.0,12
395072,"Scottsbluff, NE",msa,NE,2024,189730.0,12
395072,"Scottsbluff, NE",msa,NE,2025,197080.0,12
395072,"Scottsbluff, NE",msa,NE,2026,203167.0,7
395073,"Scottsboro, AL",msa,AL,2009,105257.0,12
395073,"Scottsboro, AL",msa,AL,2010,96257.0,12
395073,"Scottsboro, AL",msa,AL,2011,92511.0,12
395073,"Scottsboro, AL",msa,AL,2012,98226.0,12
395073,"Scottsboro, AL",msa,AL,2013,105087.0,12
395073,"Scottsboro, AL",msa,AL,2014,106763.0,12
395073,"Scottsboro, AL",msa,AL,2015,115985.0,12
395073,"Scottsboro, AL",msa,AL,2016,121516.0,12
395073,"Scottsboro, AL",msa,AL,2017,126063.0,12
395073,"Scottsboro, AL",msa,AL,2018,124909.0,12
395073,"Scottsboro, AL",msa,AL,2019,130199.0,12
395073,"Scottsboro, AL",msa,AL,2020,149149.0,12
395073,"Scottsboro, AL",msa,AL,2021,167682.0,12
395073,"Scottsboro, AL",msa,AL,2022,184522.0,12
395073,"Scottsboro, AL",msa,AL,2023,191183.0,12
395073,"Scottsboro, AL",msa,AL,2024,196686.0,12
395073,"Scottsboro, AL",msa,AL,2025,195049.0,12
395073,"Scottsboro, AL",msa,AL,2026,194824.0,7
395075,"Scranton, PA",msa,PA,2000,90214.0,12
395075,"Scranton, PA",msa,PA,2001,94330.0,12
395075,"Scranton, PA",msa,PA,2002,99390.0,12
395075,"Scranton, PA",msa,PA,2003,104853.0,12
395075,"Scranton, PA",msa,PA,2004,110774.0,12
395075,"Scranton, PA",msa,PA,2005,121122.0,12
395075,"Scranton, PA",msa,PA,2006,129630.0,12
395075,"Scranton, PA",msa,PA,2007,135800.0,12
395075,"Scranton, PA",msa,PA,2008,136554.0,12
395075,"Scranton, PA",msa,PA,2009,130210.0,12
395075,"Scranton, PA",msa,PA,2010,132843.0,12
395075,"Scranton, PA",msa,PA,2011,125497.0,12
395075,"Scranton, PA",msa,PA,2012,124535.0,12
395075,"Scranton, PA",msa,PA,2013,125269.0,12
395075,"Scranton, PA",msa,PA,2014,126234.0,12
395075,"Scranton, PA",msa,PA,2015,129461.0,12
395075,"Scranton, PA",msa,PA,2016,128801.0,12
395075,"Scranton, PA",msa,PA,2017,132136.0,12
395075,"Scranton, PA",msa,PA,2018,137060.0,12
395075,"Scranton, PA",msa,PA,2019,146545.0,12
395075,"Scranton, PA",msa,PA,2020,162055.0,12
395075,"Scranton, PA",msa,PA,2021,183684.0,12
395075,"Scranton, PA",msa,PA,2022,192980.0,12
395075,"Scranton, PA",msa,PA,2023,204378.0,12
395075,"Scranton, PA",msa,PA,2024,219099.0,12
395075,"Scranton, PA",msa,PA,2025,226637.0,12
395075,"Scranton, PA",msa,PA,2026,230799.0,7
395077,"Searcy, AR",msa,AR,2000,96957.0,12
395077,"Searcy, AR",msa,AR,2001,100749.0,12
395077,"Searcy, AR",msa,AR,2002,103537.0,12
395077,"Searcy, AR",msa,AR,2003,107038.0,12
395077,"Searcy, AR",msa,AR,2004,105576.0,12
395077,"Searcy, AR",msa,AR,2005,112397.0,12
395077,"Searcy, AR",msa,AR,2006,116312.0,12
395077,"Searcy, AR",msa,AR,2007,121100.0,12
395077,"Searcy, AR",msa,AR,2008,122645.0,12
395077,"Searcy, AR",msa,AR,2009,120614.0,12
395077,"Searcy, AR",msa,AR,2010,120814.0,12
395077,"Searcy, AR",msa,AR,2011,119663.0,12
395077,"Searcy, AR",msa,AR,2012,121503.0,12
395077,"Searcy, AR",msa,AR,2013,119420.0,12
395077,"Searcy, AR",msa,AR,2014,121596.0,12
395077,"Searcy, AR",msa,AR,2015,125309.0,12
395077,"Searcy, AR",msa,AR,2016,131107.0,12
395077,"Searcy, AR",msa,AR,2017,130222.0,12
395077,"Searcy, AR",msa,AR,2018,129967.0,12
395077,"Searcy, AR",msa,AR,2019,134011.0,12
395077,"Searcy, AR",msa,AR,2020,144873.0,12
395077,"Searcy, AR",msa,AR,2021,165973.0,12
395077,"Searcy, AR",msa,AR,2022,177162.0,12
395077,"Searcy, AR",msa,AR,2023,188399.0,12
395077,"Searcy, AR",msa,AR,2024,196594.0,12
395077,"Searcy, AR",msa,AR,2025,204594.0,12
395077,"Searcy, AR",msa,AR,2026,208024.0,7
395078,"Seattle, WA",msa,WA,2000,239243.0,12
395078,"Seattle, WA",msa,WA,2001,252571.0,12
395078,"Seattle, WA",msa,WA,2002,261506.0,12
395078,"Seattle, WA",msa,WA,2003,276475.0,12
395078,"Seattle, WA",msa,WA,2004,304775.0,12
395078,"Seattle, WA",msa,WA,2005,358063.0,12
395078,"Seattle, WA",msa,WA,2006,409053.0,12
395078,"Seattle, WA",msa,WA,2007,419257.0,12
395078,"Seattle, WA",msa,WA,2008,371863.0,12
395078,"Seattle, WA",msa,WA,2009,334003.0,12
395078,"Seattle, WA",msa,WA,2010,308441.0,12
395078,"Seattle, WA",msa,WA,2011,275588.0,12
395078,"Seattle, WA",msa,WA,2012,275607.0,12
395078,"Seattle, WA",msa,WA,2013,312515.0,12
395078,"Seattle, WA",msa,WA,2014,334176.0,12
395078,"Seattle, WA",msa,WA,2015,374720.0,12
395078,"Seattle, WA",msa,WA,2016,417942.0,12
395078,"Seattle, WA",msa,WA,2017,473083.0,12
395078,"Seattle, WA",msa,WA,2018,511633.0,12
395078,"Seattle, WA",msa,WA,2019,521837.0,12
395078,"Seattle, WA",msa,WA,2020,586308.0,12
395078,"Seattle, WA",msa,WA,2021,686304.0,12
395078,"Seattle, WA",msa,WA,2022,725368.0,12
395078,"Seattle, WA",msa,WA,2023,731880.0,12
395078,"Seattle, WA",msa,WA,2024,769516.0,12
395078,"Seattle, WA",msa,WA,2025,759541.0,12
395078,"Seattle, WA",msa,WA,2026,740579.0,7
395079,"Sebastian, FL",msa,FL,2000,123352.0,12
395079,"Sebastian, FL",msa,FL,2001,132122.0,12
395079,"Sebastian, FL",msa,FL,2002,144426.0,12
395079,"Sebastian, FL",msa,FL,2003,162067.0,12
395079,"Sebastian, FL",msa,FL,2004,197545.0,12
395079,"Sebastian, FL",msa,FL,2005,257350.0,12
395079,"Sebastian, FL",msa,FL,2006,265753.0,12
395079,"Sebastian, FL",msa,FL,2007,224728.0,12
395079,"Sebastian, FL",msa,FL,2008,180055.0,12
395079,"Sebastian, FL",msa,FL,2009,154548.0,12
395079,"Sebastian, FL",msa,FL,2010,146508.0,12
395079,"Sebastian, FL",msa,FL,2011,133982.0,12
395079,"Sebastian, FL",msa,FL,2012,135934.0,12
395079,"Sebastian, FL",msa,FL,2013,153372.0,12
395079,"Sebastian, FL",msa,FL,2014,168420.0,12
395079,"Sebastian, FL",msa,FL,2015,186514.0,12
395079,"Sebastian, FL",msa,FL,2016,205369.0,12
395079,"Sebastian, FL",msa,FL,2017,225471.0,12
395079,"Sebastian, FL",msa,FL,2018,241104.0,12
395079,"Sebastian, FL",msa,FL,2019,249623.0,12
395079,"Sebastian, FL",msa,FL,2020,268156.0,12
395079,"Sebastian, FL",msa,FL,2021,333470.0,12
395079,"Sebastian, FL",msa,FL,2022,395345.0,12
395079,"Sebastian, FL",msa,FL,2023,397786.0,12
395079,"Sebastian, FL",msa,FL,2024,390411.0,12
395079,"Sebastian, FL",msa,FL,2025,368880.0,12
395079,"Sebastian, FL",msa,FL,2026,366119.0,7
395080,"Sebring, FL",msa,FL,2004,98372.0,12
395080,"Sebring, FL",msa,FL,2005,135656.0,12
395080,"Sebring, FL",msa,FL,2006,161085.0,12
395080,"Sebring, FL",msa,FL,2007,142543.0,12
395080,"Sebring, FL",msa,FL,2008,117032.0,12
395080,"Sebring, FL",msa,FL,2009,99661.0,12
395080,"Sebring, FL",msa,FL,2010,90552.0,12
395080,"Sebring, FL",msa,FL,2011,83217.0,12
395080,"Sebring, FL",msa,FL,2012,80484.0,12
395080,"Sebring, FL",msa,FL,2013,83780.0,12
395080,"Sebring, FL",msa,FL,2014,90459.0,12
395080,"Sebring, FL",msa,FL,2015,101657.0,12
395080,"Sebring, FL",msa,FL,2016,112709.0,12
395080,"Sebring, FL",msa,FL,2017,123610.0,12
395080,"Sebring, FL",msa,FL,2018,133294.0,12
395080,"Sebring, FL",msa,FL,2019,143095.0,12
395080,"Sebring, FL",msa,FL,2020,157203.0,12
395080,"Sebring, FL",msa,FL,2021,195437.0,12
395080,"Sebring, FL",msa,FL,2022,229239.0,12
395080,"Sebring, FL",msa,FL,2023,238377.0,12
395080,"Sebring, FL",msa,FL,2024,241430.0,12
395080,"Sebring, FL",msa,FL,2025,234729.0,12
395080,"Sebring, FL",msa,FL,2026,233884.0,7
395081,"Sedalia, MO",msa,MO,2000,60170.0,12
395081,"Sedalia, MO",msa,MO,2001,62636.0,12
395081,"Sedalia, MO",msa,MO,2002,65053.0,12
395081,"Sedalia, MO",msa,MO,2003,67461.0,12
395081,"Sedalia, MO",msa,MO,2004,71285.0,12
395081,"Sedalia, MO",msa,MO,2005,75112.0,12
395081,"Sedalia, MO",msa,MO,2006,77198.0,12
395081,"Sedalia, MO",msa,MO,2007,77466.0,12
395081,"Sedalia, MO",msa,MO,2008,72664.0,12
395081,"Sedalia, MO",msa,MO,2009,65459.0,12
395081,"Sedalia, MO",msa,MO,2010,64310.0,12
395081,"Sedalia, MO",msa,MO,2011,67092.0,12
395081,"Sedalia, MO",msa,MO,2012,78002.0,12
395081,"Sedalia, MO",msa,MO,2013,80960.0,12
395081,"Sedalia, MO",msa,MO,2014,79725.0,12
395081,"Sedalia, MO",msa,MO,2015,87913.0,12
395081,"Sedalia, MO",msa,MO,2016,87877.0,12
395081,"Sedalia, MO",msa,MO,2017,95419.0,12
395081,"Sedalia, MO",msa,MO,2018,104594.0,12
395081,"Sedalia, MO",msa,MO,2019,117221.0,12
395081,"Sedalia, MO",msa,MO,2020,131086.0,12
395081,"Sedalia, MO",msa,MO,2021,146634.0,12
395081,"Sedalia, MO",msa,MO,2022,162841.0,12
395081,"Sedalia, MO",msa,MO,2023,175408.0,12
395081,"Sedalia, MO",msa,MO,2024,180293.0,12
395081,"Sedalia, MO",msa,MO,2025,192299.0,12
395081,"Sedalia, MO",msa,MO,2026,195725.0,7
395082,"Selinsgrove, PA",msa,PA,2010,241916.0,12
395082,"Selinsgrove, PA",msa,PA,2011,238752.0,12
395082,"Selinsgrove, PA",msa,PA,2012,243937.0,12
395082,"Selinsgrove, PA",msa,PA,2013,263435.0,12
395082,"Selinsgrove, PA",msa,PA,2014,187757.0,12
395082,"Selinsgrove, PA",msa,PA,2015,180481.0,12
395082,"Selinsgrove, PA",msa,PA,2016,176576.0,12
395082,"Selinsgrove, PA",msa,PA,2017,183401.0,12
395082,"Selinsgrove, PA",msa,PA,2018,178077.0,12
395082,"Selinsgrove, PA",msa,PA,2019,191235.0,12
395082,"Selinsgrove, PA",msa,PA,2020,205923.0,12
395082,"Selinsgrove, PA",msa,PA,2021,221650.0,12
395082,"Selinsgrove, PA",msa,PA,2022,226637.0,12
395082,"Selinsgrove, PA",msa,PA,2023,214372.0,12
395082,"Selinsgrove, PA",msa,PA,2024,221137.0,12
395082,"Selinsgrove, PA",msa,PA,2025,226743.0,12
395082,"Selinsgrove, PA",msa,PA,2026,231797.0,7
395083,"Selma, AL",msa,AL,2000,58426.0,12
395083,"Selma, AL",msa,AL,2001,61502.0,12
395083,"Selma, AL",msa,AL,2002,63095.0,12
395083,"Selma, AL",msa,AL,2003,64977.0,12
395083,"Selma, AL",msa,AL,2004,67214.0,12
395083,"Selma, AL",msa,AL,2005,72013.0,12
395083,"Selma, AL",msa,AL,2006,81289.0,12
395083,"Selma, AL",msa,AL,2007,84627.0,12
395083,"Selma, AL",msa,AL,2008,85565.0,12
395083,"Selma, AL",msa,AL,2009,83766.0,12
395083,"Selma, AL",msa,AL,2010,79941.0,12
395083,"Selma, AL",msa,AL,2011,72661.0,12
395083,"Selma, AL",msa,AL,2012,73205.0,12
395083,"Selma, AL",msa,AL,2013,83359.0,12
395083,"Selma, AL",msa,AL,2014,90529.0,12
395083,"Selma, AL",msa,AL,2015,94968.0,12
395083,"Selma, AL",msa,AL,2016,92001.0,12
395083,"Selma, AL",msa,AL,2017,89852.0,12
395083,"Selma, AL",msa,AL,2018,86897.0,12
395083,"Selma, AL",msa,AL,2019,88245.0,12
395083,"Selma, AL",msa,AL,2020,93993.0,12
395083,"Selma, AL",msa,AL,2021,97202.0,12
395083,"Selma, AL",msa,AL,2022,95684.0,12
395083,"Selma, AL",msa,AL,2023,88495.0,12
395083,"Selma, AL",msa,AL,2024,92691.0,12
395083,"Selma, AL",msa,AL,2025,86074.0,12
395083,"Selma, AL",msa,AL,2026,90099.0,7
395084,"Seneca Falls, NY",msa,NY,2000,83371.0,12
395084,"Seneca Falls, NY",msa,NY,2001,89204.0,12
395084,"Seneca Falls, NY",msa,NY,2002,96705.0,12
395084,"Seneca Falls, NY",msa,NY,2003,105148.0,12
395084,"Seneca Falls, NY",msa,NY,2004,118149.0,12
395084,"Seneca Falls, NY",msa,NY,2005,128997.0,12
395084,"Seneca Falls, NY",msa,NY,2006,130296.0,12
395084,"Seneca Falls, NY",msa,NY,2007,127504.0,12
395084,"Seneca Falls, NY",msa,NY,2008,120027.0,12
395084,"Seneca Falls, NY",msa,NY,2009,112810.0,12
395084,"Seneca Falls, NY",msa,NY,2010,112380.0,12
395084,"Seneca Falls, NY",msa,NY,2011,109466.0,12
395084,"Seneca Falls, NY",msa,NY,2012,110765.0,12
395084,"Seneca Falls, NY",msa,NY,2013,114140.0,12
395084,"Seneca Falls, NY",msa,NY,2014,117047.0,12
395084,"Seneca Falls, NY",msa,NY,2015,117679.0,12
395084,"Seneca Falls, NY",msa,NY,2016,124580.0,12
395084,"Seneca Falls, NY",msa,NY,2017,128663.0,12
395084,"Seneca Falls, NY",msa,NY,2018,133250.0,12
395084,"Seneca Falls, NY",msa,NY,2019,138585.0,12
395084,"Seneca Falls, NY",msa,NY,2020,153326.0,12
395084,"Seneca Falls, NY",msa,NY,2021,175445.0,12
395084,"Seneca Falls, NY",msa,NY,2022,191467.0,12
395084,"Seneca Falls, NY",msa,NY,2023,202958.0,12
395084,"Seneca Falls, NY",msa,NY,2024,215090.0,12
395084,"Seneca Falls, NY",msa,NY,2025,221854.0,12
395084,"Seneca Falls, NY",msa,NY,2026,229392.0,7
395085,"Seneca, SC",msa,SC,2010,153708.0,12
395085,"Seneca, SC",msa,SC,2011,142209.0,12
395085,"Seneca, SC",msa,SC,2012,143551.0,12
395085,"Seneca, SC",msa,SC,2013,142922.0,12
395085,"Seneca, SC",msa,SC,2014,144491.0,12
395085,"Seneca, SC",msa,SC,2015,151259.0,12
395085,"Seneca, SC",msa,SC,2016,154033.0,12
395085,"Seneca, SC",msa,SC,2017,158473.0,12
395085,"Seneca, SC",msa,SC,2018,166193.0,12
395085,"Seneca, SC",msa,SC,2019,176156.0,12
395085,"Seneca, SC",msa,SC,2020,201750.0,12
395085,"Seneca, SC",msa,SC,2021,233949.0,12
395085,"Seneca, SC",msa,SC,2022,262412.0,12
395085,"Seneca, SC",msa,SC,2023,271484.0,12
395085,"Seneca, SC",msa,SC,2024,285115.0,12
395085,"Seneca, SC",msa,SC,2025,290786.0,12
395085,"Seneca, SC",msa,SC,2026,293606.0,7
395086,"Sevierville, TN",msa,TN,2000,125919.0,12
395086,"Sevierville, TN",msa,TN,2001,135925.0,12
395086,"Sevierville, TN",msa,TN,2002,143396.0,12
395086,"Sevierville, TN",msa,TN,2003,149621.0,12
395086,"Sevierville, TN",msa,TN,2004,158300.0,12
395086,"Sevierville, TN",msa,TN,2005,169433.0,12
395086,"Sevierville, TN",msa,TN,2006,185724.0,12
395086,"Sevierville, TN",msa,TN,2007,191658.0,12
395086,"Sevierville, TN",msa,TN,2008,185959.0,12
395086,"Sevierville, TN",msa,TN,2009,171852.0,12
395086,"Sevierville, TN",msa,TN,2010,161994.0,12
395086,"Sevierville, TN",msa,TN,2011,156543.0,12
395086,"Sevierville, TN",msa,TN,2012,154400.0,12
395086,"Sevierville, TN",msa,TN,2013,162640.0,12
395086,"Sevierville, TN",msa,TN,2014,170645.0,12
395086,"Sevierville, TN",msa,TN,2015,183165.0,12
395086,"Sevierville, TN",msa,TN,2016,197620.0,12
395086,"Sevierville, TN",msa,TN,2017,215029.0,12
395086,"Sevierville, TN",msa,TN,2018,233626.0,12
395086,"Sevierville, TN",msa,TN,2019,261519.0,12
395086,"Sevierville, TN",msa,TN,2020,300399.0,12
395086,"Sevierville, TN",msa,TN,2021,399005.0,12
395086,"Sevierville, TN",msa,TN,2022,446873.0,12
395086,"Sevierville, TN",msa,TN,2023,444484.0,12
395086,"Sevierville, TN",msa,TN,2024,430747.0,12
395086,"Sevierville, TN",msa,TN,2025,409445.0,12
395086,"Sevierville, TN",msa,TN,2026,408313.0,7
395087,"Seymour, IN",msa,IN,2008,112139.0,12
395087,"Seymour, IN",msa,IN,2009,109926.0,12
395087,"Seymour, IN",msa,IN,2010,108497.0,12
395087,"Seymour, IN",msa,IN,2011,107174.0,12
395087,"Seymour, IN",msa,IN,2012,113374.0,12
395087,"Seymour, IN",msa,IN,2013,114987.0,12
395087,"Seymour, IN",msa,IN,2014,119340.0,12
395087,"Seymour, IN",msa,IN,2015,125045.0,12
395087,"Seymour, IN",msa,IN,2016,129904.0,12
395087,"Seymour, IN",msa,IN,2017,134756.0,12
395087,"Seymour, IN",msa,IN,2018,141017.0,12
395087,"Seymour, IN",msa,IN,2019,149559.0,12
395087,"Seymour, IN",msa,IN,2020,164962.0,12
395087,"Seymour, IN",msa,IN,2021,183331.0,12
395087,"Seymour, IN",msa,IN,2022,198073.0,12
395087,"Seymour, IN",msa,IN,2023,209964.0,12
395087,"Seymour, IN",msa,IN,2024,221173.0,12
395087,"Seymour, IN",msa,IN,2025,228635.0,12
395087,"Seymour, IN",msa,IN,2026,230062.0,7
753918,"Shawano, WI",msa,WI,2009,126241.0,12
753918,"Shawano, WI",msa,WI,2010,121995.0,12
753918,"Shawano, WI",msa,WI,2011,118671.0,12
753918,"Shawano, WI",msa,WI,2012,119065.0,12
753918,"Shawano, WI",msa,WI,2013,121234.0,12
753918,"Shawano, WI",msa,WI,2014,119477.0,12
753918,"Shawano, WI",msa,WI,2015,125500.0,12
753918,"Shawano, WI",msa,WI,2016,129746.0,12
753918,"Shawano, WI",msa,WI,2017,136472.0,12
753918,"Shawano, WI",msa,WI,2018,145726.0,12
753918,"Shawano, WI",msa,WI,2019,158924.0,12
753918,"Shawano, WI",msa,WI,2020,174621.0,12
753918,"Shawano, WI",msa,WI,2021,199558.0,12
753918,"Shawano, WI",msa,WI,2022,208617.0,12
753918,"Shawano, WI",msa,WI,2023,228873.0,12
753918,"Shawano, WI",msa,WI,2024,248288.0,12
753918,"Shawano, WI",msa,WI,2025,268947.0,12
753918,"Shawano, WI",msa,WI,2026,286592.0,7
395088,"Shawnee, OK",msa,OK,2000,66411.0,12
395088,"Shawnee, OK",msa,OK,2001,69385.0,12
395088,"Shawnee, OK",msa,OK,2002,72222.0,12
395088,"Shawnee, OK",msa,OK,2003,74482.0,12
395088,"Shawnee, OK",msa,OK,2004,77328.0,12
395088,"Shawnee, OK",msa,OK,2005,81391.0,12
395088,"Shawnee, OK",msa,OK,2006,84318.0,12
395088,"Shawnee, OK",msa,OK,2007,87030.0,12
395088,"Shawnee, OK",msa,OK,2008,90191.0,12
395088,"Shawnee, OK",msa,OK,2009,87590.0,12
395088,"Shawnee, OK",msa,OK,2010,85455.0,12
395088,"Shawnee, OK",msa,OK,2011,83998.0,12
395088,"Shawnee, OK",msa,OK,2012,86403.0,12
395088,"Shawnee, OK",msa,OK,2013,90166.0,12
395088,"Shawnee, OK",msa,OK,2014,92148.0,12
395088,"Shawnee, OK",msa,OK,2015,96497.0,12
395088,"Shawnee, OK",msa,OK,2016,98523.0,12
395088,"Shawnee, OK",msa,OK,2017,101357.0,12
395088,"Shawnee, OK",msa,OK,2018,104168.0,12
395088,"Shawnee, OK",msa,OK,2019,115581.0,12
395088,"Shawnee, OK",msa,OK,2020,129581.0,12
395088,"Shawnee, OK",msa,OK,2021,151604.0,12
395088,"Shawnee, OK",msa,OK,2022,166282.0,12
395088,"Shawnee, OK",msa,OK,2023,175053.0,12
395088,"Shawnee, OK",msa,OK,2024,183978.0,12
395088,"Shawnee, OK",msa,OK,2025,191527.0,12
395088,"Shawnee, OK",msa,OK,2026,193750.0,7
395089,"Sheboygan, WI",msa,WI,2008,175016.0,12
395089,"Sheboygan, WI",msa,WI,2009,157828.0,12
395089,"Sheboygan, WI",msa,WI,2010,151608.0,12
395089,"Sheboygan, WI",msa,WI,2011,133136.0,12
395089,"Sheboygan, WI",msa,WI,2012,135339.0,12
395089,"Sheboygan, WI",msa,WI,2013,138771.0,12
395089,"Sheboygan, WI",msa,WI,2014,143220.0,12
395089,"Sheboygan, WI",msa,WI,2015,151900.0,12
395089,"Sheboygan, WI",msa,WI,2016,160439.0,12
395089,"Sheboygan, WI",msa,WI,2017,171866.0,12
395089,"Sheboygan, WI",msa,WI,2018,184002.0,12
395089,"Sheboygan, WI",msa,WI,2019,194411.0,12
395089,"Sheboygan, WI",msa,WI,2020,215241.0,12
395089,"Sheboygan, WI",msa,WI,2021,234876.0,12
395089,"Sheboygan, WI",msa,WI,2022,253430.0,12
395089,"Sheboygan, WI",msa,WI,2023,278103.0,12
395089,"Sheboygan, WI",msa,WI,2024,301607.0,12
395089,"Sheboygan, WI",msa,WI,2025,323064.0,12
395089,"Sheboygan, WI",msa,WI,2026,330019.0,7
395090,"Shelby, NC",msa,NC,2000,97540.0,12
395090,"Shelby, NC",msa,NC,2001,101535.0,12
395090,"Shelby, NC",msa,NC,2002,104374.0,12
395090,"Shelby, NC",msa,NC,2003,107543.0,12
395090,"Shelby, NC",msa,NC,2004,112290.0,12
395090,"Shelby, NC",msa,NC,2005,120074.0,12
395090,"Shelby, NC",msa,NC,2006,127580.0,12
395090,"Shelby, NC",msa,NC,2007,122418.0,12
395090,"Shelby, NC",msa,NC,2008,119830.0,12
395090,"Shelby, NC",msa,NC,2009,113994.0,12
395090,"Shelby, NC",msa,NC,2010,111385.0,12
395090,"Shelby, NC",msa,NC,2011,107111.0,12
395090,"Shelby, NC",msa,NC,2012,104436.0,12
395090,"Shelby, NC",msa,NC,2013,102309.0,12
395090,"Shelby, NC",msa,NC,2014,105788.0,12
395090,"Shelby, NC",msa,NC,2015,113429.0,12
395090,"Shelby, NC",msa,NC,2016,117683.0,12
395090,"Shelby, NC",msa,NC,2017,122612.0,12
395090,"Shelby, NC",msa,NC,2018,130745.0,12
395090,"Shelby, NC",msa,NC,2019,148715.0,12
395090,"Shelby, NC",msa,NC,2020,172164.0,12
395090,"Shelby, NC",msa,NC,2021,194137.0,12
395090,"Shelby, NC",msa,NC,2022,214555.0,12
395090,"Shelby, NC",msa,NC,2023,226379.0,12
395090,"Shelby, NC",msa,NC,2024,225820.0,12
395090,"Shelby, NC",msa,NC,2025,215356.0,12
395090,"Shelby, NC",msa,NC,2026,214278.0,7
395091,"Shelbyville, TN",msa,TN,2000,99916.0,12
395091,"Shelbyville, TN",msa,TN,2001,104341.0,12
395091,"Shelbyville, TN",msa,TN,2002,107683.0,12
395091,"Shelbyville, TN",msa,TN,2003,108565.0,12
395091,"Shelbyville, TN",msa,TN,2004,112825.0,12
395091,"Shelbyville, TN",msa,TN,2005,121135.0,12
395091,"Shelbyville, TN",msa,TN,2006,129230.0,12
395091,"Shelbyville, TN",msa,TN,2007,126196.0,12
395091,"Shelbyville, TN",msa,TN,2008,121829.0,12
395091,"Shelbyville, TN",msa,TN,2009,116903.0,12
395091,"Shelbyville, TN",msa,TN,2010,115063.0,12
395091,"Shelbyville, TN",msa,TN,2011,112442.0,12
395091,"Shelbyville, TN",msa,TN,2012,113992.0,12
395091,"Shelbyville, TN",msa,TN,2013,116102.0,12
395091,"Shelbyville, TN",msa,TN,2014,122877.0,12
395091,"Shelbyville, TN",msa,TN,2015,136368.0,12
395091,"Shelbyville, TN",msa,TN,2016,150582.0,12
395091,"Shelbyville, TN",msa,TN,2017,167840.0,12
395091,"Shelbyville, TN",msa,TN,2018,184956.0,12
395091,"Shelbyville, TN",msa,TN,2019,206405.0,12
395091,"Shelbyville, TN",msa,TN,2020,222897.0,12
395091,"Shelbyville, TN",msa,TN,2021,270572.0,12
395091,"Shelbyville, TN",msa,TN,2022,301874.0,12
395091,"Shelbyville, TN",msa,TN,2023,315917.0,12
395091,"Shelbyville, TN",msa,TN,2024,328335.0,12
395091,"Shelbyville, TN",msa,TN,2025,331718.0,12
395091,"Shelbyville, TN",msa,TN,2026,333429.0,7
395092,"Shelton, WA",msa,WA,2007,232511.0,12
395092,"Shelton, WA",msa,WA,2008,217681.0,12
395092,"Shelton, WA",msa,WA,2009,197363.0,12
395092,"Shelton, WA",msa,WA,2010,187909.0,12
395092,"Shelton, WA",msa,WA,2011,177388.0,12
395092,"Shelton, WA",msa,WA,2012,177644.0,12
395092,"Shelton, WA",msa,WA,2013,178902.0,12
395092,"Shelton, WA",msa,WA,2014,182571.0,12
395092,"Shelton, WA",msa,WA,2015,197617.0,12
395092,"Shelton, WA",msa,WA,2016,214342.0,12
395092,"Shelton, WA",msa,WA,2017,244671.0,12
395092,"Shelton, WA",msa,WA,2018,276156.0,12
395092,"Shelton, WA",msa,WA,2019,295910.0,12
395092,"Shelton, WA",msa,WA,2020,353116.0,12
395092,"Shelton, WA",msa,WA,2021,426730.0,12
395092,"Shelton, WA",msa,WA,2022,445241.0,12
395092,"Shelton, WA",msa,WA,2023,445677.0,12
395092,"Shelton, WA",msa,WA,2024,460185.0,12
395092,"Shelton, WA",msa,WA,2025,461070.0,12
395092,"Shelton, WA",msa,WA,2026,458514.0,7
395093,"Sheridan, WY",msa,WY,2012,230293.0,12
395093,"Sheridan, WY",msa,WY,2013,237018.0,12
395093,"Sheridan, WY",msa,WY,2014,242835.0,12
395093,"Sheridan, WY",msa,WY,2015,262072.0,12
395093,"Sheridan, WY",msa,WY,2016,256815.0,12
395093,"Sheridan, WY",msa,WY,2017,269235.0,12
395093,"Sheridan, WY",msa,WY,2018,280401.0,12
395093,"Sheridan, WY",msa,WY,2019,299304.0,12
395093,"Sheridan, WY",msa,WY,2020,322267.0,12
395093,"Sheridan, WY",msa,WY,2021,374342.0,12
395093,"Sheridan, WY",msa,WY,2022,409886.0,12
395093,"Sheridan, WY",msa,WY,2023,411156.0,12
395093,"Sheridan, WY",msa,WY,2024,426112.0,12
395093,"Sheridan, WY",msa,WY,2025,440497.0,12
395093,"Sheridan, WY",msa,WY,2026,444430.0,7
395094,"Sherman, TX",msa,TX,2012,115720.0,12
395094,"Sherman, TX",msa,TX,2013,122124.0,12
395094,"Sherman, TX",msa,TX,2014,129441.0,12
395094,"Sherman, TX",msa,TX,2015,145367.0,12
395094,"Sherman, TX",msa,TX,2016,160723.0,12
395094,"Sherman, TX",msa,TX,2017,179851.0,12
395094,"Sherman, TX",msa,TX,2018,196491.0,12
395094,"Sherman, TX",msa,TX,2019,205913.0,12
395094,"Sherman, TX",msa,TX,2020,224911.0,12
395094,"Sherman, TX",msa,TX,2021,270274.0,12
395094,"Sherman, TX",msa,TX,2022,303430.0,12
395094,"Sherman, TX",msa,TX,2023,304155.0,12
395094,"Sherman, TX",msa,TX,2024,308517.0,12
395094,"Sherman, TX",msa,TX,2025,296524.0,12
395094,"Sherman, TX",msa,TX,2026,288073.0,7
395095,"Show Low, AZ",msa,AZ,2000,103688.0,12
395095,"Show Low, AZ",msa,AZ,2001,108412.0,12
395095,"Show Low, AZ",msa,AZ,2002,113749.0,12
395095,"Show Low, AZ",msa,AZ,2003,119657.0,12
395095,"Show Low, AZ",msa,AZ,2004,131274.0,12
395095,"Show Low, AZ",msa,AZ,2005,157686.0,12
395095,"Show Low, AZ",msa,AZ,2006,194270.0,12
395095,"Show Low, AZ",msa,AZ,2007,208453.0,12
395095,"Show Low, AZ",msa,AZ,2008,193813.0,12
395095,"Show Low, AZ",msa,AZ,2009,169320.0,12
395095,"Show Low, AZ",msa,AZ,2010,153575.0,12
395095,"Show Low, AZ",msa,AZ,2011,144738.0,12
395095,"Show Low, AZ",msa,AZ,2012,155425.0,12
395095,"Show Low, AZ",msa,AZ,2013,163500.0,12
395095,"Show Low, AZ",msa,AZ,2014,172756.0,12
395095,"Show Low, AZ",msa,AZ,2015,182646.0,12
395095,"Show Low, AZ",msa,AZ,2016,192624.0,12
395095,"Show Low, AZ",msa,AZ,2017,206456.0,12
395095,"Show Low, AZ",msa,AZ,2018,220687.0,12
395095,"Show Low, AZ",msa,AZ,2019,240184.0,12
395095,"Show Low, AZ",msa,AZ,2020,278949.0,12
395095,"Show Low, AZ",msa,AZ,2021,359917.0,12
395095,"Show Low, AZ",msa,AZ,2022,386530.0,12
395095,"Show Low, AZ",msa,AZ,2023,389091.0,12
395095,"Show Low, AZ",msa,AZ,2024,396296.0,12
395095,"Show Low, AZ",msa,AZ,2025,398295.0,12
395095,"Show Low, AZ",msa,AZ,2026,398947.0,7
395096,"Shreveport, LA",msa,LA,2005,136798.0,12
395096,"Shreveport, LA",msa,LA,2006,149669.0,12
395096,"Shreveport, LA",msa,LA,2007,150972.0,12
395096,"Shreveport, LA",msa,LA,2008,152280.0,12
395096,"Shreveport, LA",msa,LA,2009,153285.0,12
395096,"Shreveport, LA",msa,LA,2010,157034.0,12
395096,"Shreveport, LA",msa,LA,2011,158207.0,12
395096,"Shreveport, LA",msa,LA,2012,153759.0,12
395096,"Shreveport, LA",msa,LA,2013,156199.0,12
395096,"Shreveport, LA",msa,LA,2014,157122.0,12
395096,"Shreveport, LA",msa,LA,2015,159058.0,12
395096,"Shreveport, LA",msa,LA,2016,159062.0,12
395096,"Shreveport, LA",msa,LA,2017,154253.0,12
395096,"Shreveport, LA",msa,LA,2018,156088.0,12
395096,"Shreveport, LA",msa,LA,2019,168749.0,12
395096,"Shreveport, LA",msa,LA,2020,176566.0,12
395096,"Shreveport, LA",msa,LA,2021,172051.0,12
395096,"Shreveport, LA",msa,LA,2022,177069.0,12
395096,"Shreveport, LA",msa,LA,2023,178037.0,12
395096,"Shreveport, LA",msa,LA,2024,182787.0,12
395096,"Shreveport, LA",msa,LA,2025,179329.0,12
395096,"Shreveport, LA",msa,LA,2026,185028.0,7
395097,"Sidney, OH",msa,OH,2000,90446.0,12
395097,"Sidney, OH",msa,OH,2001,94059.0,12
395097,"Sidney, OH",msa,OH,2002,96651.0,12
395097,"Sidney, OH",msa,OH,2003,99947.0,12
395097,"Sidney, OH",msa,OH,2004,103563.0,12
395097,"Sidney, OH",msa,OH,2005,104712.0,12
395097,"Sidney, OH",msa,OH,2006,108983.0,12
395097,"Sidney, OH",msa,OH,2007,113898.0,12
395097,"Sidney, OH",msa,OH,2008,111413.0,12
395097,"Sidney, OH",msa,OH,2009,105957.0,12
395097,"Sidney, OH",msa,OH,2010,104443.0,12
395097,"Sidney, OH",msa,OH,2011,102196.0,12
395097,"Sidney, OH",msa,OH,2012,108253.0,12
395097,"Sidney, OH",msa,OH,2013,114242.0,12
395097,"Sidney, OH",msa,OH,2014,118739.0,12
395097,"Sidney, OH",msa,OH,2015,122879.0,12
395097,"Sidney, OH",msa,OH,2016,126856.0,12
395097,"Sidney, OH",msa,OH,2017,132952.0,12
395097,"Sidney, OH",msa,OH,2018,142383.0,12
395097,"Sidney, OH",msa,OH,2019,149132.0,12
395097,"Sidney, OH",msa,OH,2020,164066.0,12
395097,"Sidney, OH",msa,OH,2021,181740.0,12
395097,"Sidney, OH",msa,OH,2022,196915.0,12
395097,"Sidney, OH",msa,OH,2023,204491.0,12
395097,"Sidney, OH",msa,OH,2024,219013.0,12
395097,"Sidney, OH",msa,OH,2025,239732.0,12
395097,"Sidney, OH",msa,OH,2026,248443.0,7
395098,"Sierra Vista, AZ",msa,AZ,2008,192400.0,12
395098,"Sierra Vista, AZ",msa,AZ,2009,174753.0,12
395098,"Sierra Vista, AZ",msa,AZ,2010,165966.0,12
395098,"Sierra Vista, AZ",msa,AZ,2011,158880.0,12
395098,"Sierra Vista, AZ",msa,AZ,2012,165470.0,12
395098,"Sierra Vista, AZ",msa,AZ,2013,160552.0,12
395098,"Sierra Vista, AZ",msa,AZ,2014,153574.0,12
395098,"Sierra Vista, AZ",msa,AZ,2015,152799.0,12
395098,"Sierra Vista, AZ",msa,AZ,2016,153800.0,12
395098,"Sierra Vista, AZ",msa,AZ,2017,160766.0,12
395098,"Sierra Vista, AZ",msa,AZ,2018,167891.0,12
395098,"Sierra Vista, AZ",msa,AZ,2019,188896.0,12
395098,"Sierra Vista, AZ",msa,AZ,2020,204888.0,12
395098,"Sierra Vista, AZ",msa,AZ,2021,237083.0,12
395098,"Sierra Vista, AZ",msa,AZ,2022,254311.0,12
395098,"Sierra Vista, AZ",msa,AZ,2023,256038.0,12
395098,"Sierra Vista, AZ",msa,AZ,2024,261364.0,12
395098,"Sierra Vista, AZ",msa,AZ,2025,264862.0,12
395098,"Sierra Vista, AZ",msa,AZ,2026,263767.0,7
395099,"Sikeston, MO",msa,MO,2016,120761.0,12
395099,"Sikeston, MO",msa,MO,2017,126753.0,12
395099,"Sikeston, MO",msa,MO,2018,134044.0,12
395099,"Sikeston, MO",msa,MO,2019,133194.0,12
395099,"Sikeston, MO",msa,MO,2020,145182.0,12
395099,"Sikeston, MO",msa,MO,2021,152747.0,12
395099,"Sikeston, MO",msa,MO,2022,158009.0,12
395099,"Sikeston, MO",msa,MO,2023,152643.0,12
395099,"Sikeston, MO",msa,MO,2024,158630.0,12
395099,"Sikeston, MO",msa,MO,2025,157523.0,12
395099,"Sikeston, MO",msa,MO,2026,159016.0,7
395100,"Silver City, NM",msa,NM,2012,141118.0,12
395100,"Silver City, NM",msa,NM,2013,141666.0,12
395100,"Silver City, NM",msa,NM,2014,141224.0,12
395100,"Silver City, NM",msa,NM,2015,141666.0,12
395100,"Silver City, NM",msa,NM,2016,143902.0,12
395100,"Silver City, NM",msa,NM,2017,149920.0,12
395100,"Silver City, NM",msa,NM,2018,162134.0,12
395100,"Silver City, NM",msa,NM,2019,156606.0,12
395100,"Silver City, NM",msa,NM,2020,173722.0,12
395100,"Silver City, NM",msa,NM,2021,193846.0,12
395100,"Silver City, NM",msa,NM,2022,215819.0,12
395100,"Silver City, NM",msa,NM,2023,214424.0,12
395100,"Silver City, NM",msa,NM,2024,213543.0,12
395100,"Silver City, NM",msa,NM,2025,187419.0,12
395100,"Silver City, NM",msa,NM,2026,185677.0,7
395102,"Sioux City, IA",msa,IA,2000,84649.0,12
395102,"Sioux City, IA",msa,IA,2001,87977.0,12
395102,"Sioux City, IA",msa,IA,2002,89545.0,12
395102,"Sioux City, IA",msa,IA,2003,92733.0,12
395102,"Sioux City, IA",msa,IA,2004,96563.0,12
395102,"Sioux City, IA",msa,IA,2005,95874.0,12
395102,"Sioux City, IA",msa,IA,2006,97905.0,12
395102,"Sioux City, IA",msa,IA,2007,100388.0,12
395102,"Sioux City, IA",msa,IA,2008,101563.0,12
395102,"Sioux City, IA",msa,IA,2009,101669.0,12
395102,"Sioux City, IA",msa,IA,2010,102222.0,12
395102,"Sioux City, IA",msa,IA,2011,103140.0,12
395102,"Sioux City, IA",msa,IA,2012,105706.0,12
395102,"Sioux City, IA",msa,IA,2013,110446.0,12
395102,"Sioux City, IA",msa,IA,2014,116327.0,12
395102,"Sioux City, IA",msa,IA,2015,126277.0,12
395102,"Sioux City, IA",msa,IA,2016,133741.0,12
395102,"Sioux City, IA",msa,IA,2017,139971.0,12
395102,"Sioux City, IA",msa,IA,2018,147085.0,12
395102,"Sioux City, IA",msa,IA,2019,158393.0,12
395102,"Sioux City, IA",msa,IA,2020,169893.0,12
395102,"Sioux City, IA",msa,IA,2021,185446.0,12
395102,"Sioux City, IA",msa,IA,2022,201400.0,12
395102,"Sioux City, IA",msa,IA,2023,208890.0,12
395102,"Sioux City, IA",msa,IA,2024,217183.0,12
395102,"Sioux City, IA",msa,IA,2025,223447.0,12
395102,"Sioux City, IA",msa,IA,2026,228374.0,7
395103,"Sioux Falls, SD",msa,SD,2006,153468.0,12
395103,"Sioux Falls, SD",msa,SD,2007,158289.0,12
395103,"Sioux Falls, SD",msa,SD,2008,161185.0,12
395103,"Sioux Falls, SD",msa,SD,2009,157697.0,12
395103,"Sioux Falls, SD",msa,SD,2010,157654.0,12
395103,"Sioux Falls, SD",msa,SD,2011,157137.0,12
395103,"Sioux Falls, SD",msa,SD,2012,164513.0,12
395103,"Sioux Falls, SD",msa,SD,2013,173499.0,12
395103,"Sioux Falls, SD",msa,SD,2014,178075.0,12
395103,"Sioux Falls, SD",msa,SD,2015,190436.0,12
395103,"Sioux Falls, SD",msa,SD,2016,197494.0,12
395103,"Sioux Falls, SD",msa,SD,2017,209006.0,12
395103,"Sioux Falls, SD",msa,SD,2018,219758.0,12
395103,"Sioux Falls, SD",msa,SD,2019,233616.0,12
395103,"Sioux Falls, SD",msa,SD,2020,251140.0,12
395103,"Sioux Falls, SD",msa,SD,2021,288767.0,12
395103,"Sioux Falls, SD",msa,SD,2022,318071.0,12
395103,"Sioux Falls, SD",msa,SD,2023,325770.0,12
395103,"Sioux Falls, SD",msa,SD,2024,337627.0,12
395103,"Sioux Falls, SD",msa,SD,2025,342054.0,12
395103,"Sioux Falls, SD",msa,SD,2026,344172.0,7
395104,"Snyder, TX",msa,TX,2009,107788.0,12
395104,"Snyder, TX",msa,TX,2010,108196.0,12
395104,"Snyder, TX",msa,TX,2011,108280.0,12
395104,"Snyder, TX",msa,TX,2012,109118.0,12
395104,"Snyder, TX",msa,TX,2013,113790.0,12
395104,"Snyder, TX",msa,TX,2014,121385.0,12
395104,"Snyder, TX",msa,TX,2015,128829.0,12
395104,"Snyder, TX",msa,TX,2016,124140.0,12
395104,"Snyder, TX",msa,TX,2017,121644.0,12
395104,"Snyder, TX",msa,TX,2018,121869.0,12
395104,"Snyder, TX",msa,TX,2019,130670.0,12
395104,"Snyder, TX",msa,TX,2020,137422.0,12
395104,"Snyder, TX",msa,TX,2021,151624.0,12
395104,"Snyder, TX",msa,TX,2022,142890.0,12
395104,"Snyder, TX",msa,TX,2023,136923.0,12
395104,"Snyder, TX",msa,TX,2024,145527.0,12
395104,"Snyder, TX",msa,TX,2025,145635.0,12
395104,"Snyder, TX",msa,TX,2026,149949.0,7
395105,"Somerset, KY",msa,KY,2000,49340.0,12
395105,"Somerset, KY",msa,KY,2001,51308.0,12
395105,"Somerset, KY",msa,KY,2002,51001.0,12
395105,"Somerset, KY",msa,KY,2003,51688.0,12
395105,"Somerset, KY",msa,KY,2004,52929.0,12
395105,"Somerset, KY",msa,KY,2005,54444.0,12
395105,"Somerset, KY",msa,KY,2006,60047.0,12
395105,"Somerset, KY",msa,KY,2007,60601.0,12
395105,"Somerset, KY",msa,KY,2008,59486.0,12
395105,"Somerset, KY",msa,KY,2009,58699.0,12
395105,"Somerset, KY",msa,KY,2010,60480.0,12
395105,"Somerset, KY",msa,KY,2011,63886.0,12
395105,"Somerset, KY",msa,KY,2012,71424.0,12
395105,"Somerset, KY",msa,KY,2013,73945.0,12
395105,"Somerset, KY",msa,KY,2014,73426.0,12
395105,"Somerset, KY",msa,KY,2015,87656.0,12
395105,"Somerset, KY",msa,KY,2016,95423.0,12
395105,"Somerset, KY",msa,KY,2017,104796.0,12
395105,"Somerset, KY",msa,KY,2018,117961.0,12
395105,"Somerset, KY",msa,KY,2019,133246.0,12
395105,"Somerset, KY",msa,KY,2020,156246.0,12
395105,"Somerset, KY",msa,KY,2021,174802.0,12
395105,"Somerset, KY",msa,KY,2022,177529.0,12
395105,"Somerset, KY",msa,KY,2023,177761.0,12
395105,"Somerset, KY",msa,KY,2024,179909.0,12
395105,"Somerset, KY",msa,KY,2025,175352.0,12
395105,"Somerset, KY",msa,KY,2026,180097.0,7
395106,"Somerset, PA",msa,PA,2009,114249.0,12
395106,"Somerset, PA",msa,PA,2010,113523.0,12
395106,"Somerset, PA",msa,PA,2011,111243.0,12
395106,"Somerset, PA",msa,PA,2012,110573.0,12
395106,"Somerset, PA",msa,PA,2013,110742.0,12
395106,"Somerset, PA",msa,PA,2014,111377.0,12
395106,"Somerset, PA",msa,PA,2015,110056.0,12
395106,"Somerset, PA",msa,PA,2016,110381.0,12
395106,"Somerset, PA",msa,PA,2017,112697.0,12
395106,"Somerset, PA",msa,PA,2018,113932.0,12
395106,"Somerset, PA",msa,PA,2019,121619.0,12
395106,"Somerset, PA",msa,PA,2020,135170.0,12
395106,"Somerset, PA",msa,PA,2021,153516.0,12
395106,"Somerset, PA",msa,PA,2022,167162.0,12
395106,"Somerset, PA",msa,PA,2023,168165.0,12
395106,"Somerset, PA",msa,PA,2024,167830.0,12
395106,"Somerset, PA",msa,PA,2025,171870.0,12
395106,"Somerset, PA",msa,PA,2026,179493.0,7
753920,"Sonora, CA",msa,CA,2016,293282.0,12
753920,"Sonora, CA",msa,CA,2017,306684.0,12
753920,"Sonora, CA",msa,CA,2018,320699.0,12
753920,"Sonora, CA",msa,CA,2019,325076.0,12
753920,"Sonora, CA",msa,CA,2020,339516.0,12
753920,"Sonora, CA",msa,CA,2021,404690.0,12
753920,"Sonora, CA",msa,CA,2022,418369.0,12
753920,"Sonora, CA",msa,CA,2023,406112.0,12
753920,"Sonora, CA",msa,CA,2024,409442.0,12
753920,"Sonora, CA",msa,CA,2025,393940.0,12
753920,"Sonora, CA",msa,CA,2026,395247.0,7
395107,"South Bend, IN",msa,IN,2007,117092.0,12
395107,"South Bend, IN",msa,IN,2008,114104.0,12
395107,"South Bend, IN",msa,IN,2009,107170.0,12
395107,"South Bend, IN",msa,IN,2010,103980.0,12
395107,"South Bend, IN",msa,IN,2011,99160.0,12
395107,"South Bend, IN",msa,IN,2012,99672.0,12
395107,"South Bend, IN",msa,IN,2013,105251.0,12
395107,"South Bend, IN",msa,IN,2014,106330.0,12
395107,"South Bend, IN",msa,IN,2015,110892.0,12
395107,"South Bend, IN",msa,IN,2016,120026.0,12
395107,"South Bend, IN",msa,IN,2017,127441.0,12
395107,"South Bend, IN",msa,IN,2018,136573.0,12
395107,"South Bend, IN",msa,IN,2019,146189.0,12
395107,"South Bend, IN",msa,IN,2020,160797.0,12
395107,"South Bend, IN",msa,IN,2021,181490.0,12
395107,"South Bend, IN",msa,IN,2022,200527.0,12
395107,"South Bend, IN",msa,IN,2023,213070.0,12
395107,"South Bend, IN",msa,IN,2024,224303.0,12
395107,"South Bend, IN",msa,IN,2025,233214.0,12
395107,"South Bend, IN",msa,IN,2026,242803.0,7
395109,"Spartanburg, SC",msa,SC,2003,114870.0,12
395109,"Spartanburg, SC",msa,SC,2004,115840.0,12
395109,"Spartanburg, SC",msa,SC,2005,118988.0,12
395109,"Spartanburg, SC",msa,SC,2006,124312.0,12
395109,"Spartanburg, SC",msa,SC,2007,125973.0,12
395109,"Spartanburg, SC",msa,SC,2008,125941.0,12
395109,"Spartanburg, SC",msa,SC,2009,123354.0,12
395109,"Spartanburg, SC",msa,SC,2010,122670.0,12
395109,"Spartanburg, SC",msa,SC,2011,116055.0,12
395109,"Spartanburg, SC",msa,SC,2012,121309.0,12
395109,"Spartanburg, SC",msa,SC,2013,121480.0,12
395109,"Spartanburg, SC",msa,SC,2014,126017.0,12
395109,"Spartanburg, SC",msa,SC,2015,132818.0,12
395109,"Spartanburg, SC",msa,SC,2016,140437.0,12
395109,"Spartanburg, SC",msa,SC,2017,150675.0,12
395109,"Spartanburg, SC",msa,SC,2018,161165.0,12
395109,"Spartanburg, SC",msa,SC,2019,172720.0,12
395109,"Spartanburg, SC",msa,SC,2020,192751.0,12
395109,"Spartanburg, SC",msa,SC,2021,221754.0,12
395109,"Spartanburg, SC",msa,SC,2022,256024.0,12
395109,"Spartanburg, SC",msa,SC,2023,264652.0,12
395109,"Spartanburg, SC",msa,SC,2024,271675.0,12
395109,"Spartanburg, SC",msa,SC,2025,277598.0,12
395109,"Spartanburg, SC",msa,SC,2026,278713.0,7
395110,"Spearfish, SD",msa,SD,2012,218801.0,12
395110,"Spearfish, SD",msa,SD,2013,232322.0,12
395110,"Spearfish, SD",msa,SD,2014,239375.0,12
395110,"Spearfish, SD",msa,SD,2015,250492.0,12
395110,"Spearfish, SD",msa,SD,2016,260519.0,12
395110,"Spearfish, SD",msa,SD,2017,270901.0,12
395110,"Spearfish, SD",msa,SD,2018,283017.0,12
395110,"Spearfish, SD",msa,SD,2019,296789.0,12
395110,"Spearfish, SD",msa,SD,2020,324948.0,12
395110,"Spearfish, SD",msa,SD,2021,398537.0,12
395110,"Spearfish, SD",msa,SD,2022,435602.0,12
395110,"Spearfish, SD",msa,SD,2023,447844.0,12
395110,"Spearfish, SD",msa,SD,2024,457696.0,12
395110,"Spearfish, SD",msa,SD,2025,457059.0,12
395110,"Spearfish, SD",msa,SD,2026,454164.0,7
395111,"Spencer, IA",msa,IA,2009,100796.0,12
395111,"Spencer, IA",msa,IA,2010,100213.0,12
395111,"Spencer, IA",msa,IA,2011,101780.0,12
395111,"Spencer, IA",msa,IA,2012,102452.0,12
395111,"Spencer, IA",msa,IA,2013,111601.0,12
395111,"Spencer, IA",msa,IA,2014,111243.0,12
395111,"Spencer, IA",msa,IA,2015,118207.0,12
395111,"Spencer, IA",msa,IA,2016,124224.0,12
395111,"Spencer, IA",msa,IA,2017,127407.0,12
395111,"Spencer, IA",msa,IA,2018,129667.0,12
395111,"Spencer, IA",msa,IA,2019,137622.0,12
395111,"Spencer, IA",msa,IA,2020,145210.0,12
395111,"Spencer, IA",msa,IA,2021,160695.0,12
395111,"Spencer, IA",msa,IA,2022,174270.0,12
395111,"Spencer, IA",msa,IA,2023,180009.0,12
395111,"Spencer, IA",msa,IA,2024,183104.0,12
395111,"Spencer, IA",msa,IA,2025,193271.0,12
395111,"Spencer, IA",msa,IA,2026,197566.0,7
395112,"Spirit Lake, IA",msa,IA,2009,177093.0,12
395112,"Spirit Lake, IA",msa,IA,2010,181124.0,12
395112,"Spirit Lake, IA",msa,IA,2011,183383.0,12
395112,"Spirit Lake, IA",msa,IA,2012,188771.0,12
395112,"Spirit Lake, IA",msa,IA,2013,223301.0,12
395112,"Spirit Lake, IA",msa,IA,2014,227484.0,12
395112,"Spirit Lake, IA",msa,IA,2015,234549.0,12
395112,"Spirit Lake, IA",msa,IA,2016,238061.0,12
395112,"Spirit Lake, IA",msa,IA,2017,243353.0,12
395112,"Spirit Lake, IA",msa,IA,2018,253460.0,12
395112,"Spirit Lake, IA",msa,IA,2019,270451.0,12
395112,"Spirit Lake, IA",msa,IA,2020,288242.0,12
395112,"Spirit Lake, IA",msa,IA,2021,315173.0,12
395112,"Spirit Lake, IA",msa,IA,2022,356480.0,12
395112,"Spirit Lake, IA",msa,IA,2023,372249.0,12
395112,"Spirit Lake, IA",msa,IA,2024,387422.0,12
395112,"Spirit Lake, IA",msa,IA,2025,386942.0,12
395112,"Spirit Lake, IA",msa,IA,2026,392327.0,7
395113,"Spokane, WA",msa,WA,2000,125013.0,12
395113,"Spokane, WA",msa,WA,2001,128143.0,12
395113,"Spokane, WA",msa,WA,2002,132391.0,12
395113,"Spokane, WA",msa,WA,2003,140088.0,12
395113,"Spokane, WA",msa,WA,2004,152821.0,12
395113,"Spokane, WA",msa,WA,2005,179685.0,12
395113,"Spokane, WA",msa,WA,2006,204850.0,12
395113,"Spokane, WA",msa,WA,2007,214612.0,12
395113,"Spokane, WA",msa,WA,2008,197944.0,12
395113,"Spokane, WA",msa,WA,2009,190810.0,12
395113,"Spokane, WA",msa,WA,2010,176418.0,12
395113,"Spokane, WA",msa,WA,2011,166154.0,12
395113,"Spokane, WA",msa,WA,2012,164513.0,12
395113,"Spokane, WA",msa,WA,2013,170833.0,12
395113,"Spokane, WA",msa,WA,2014,175528.0,12
395113,"Spokane, WA",msa,WA,2015,189088.0,12
395113,"Spokane, WA",msa,WA,2016,204575.0,12
395113,"Spokane, WA",msa,WA,2017,225023.0,12
395113,"Spokane, WA",msa,WA,2018,252276.0,12
395113,"Spokane, WA",msa,WA,2019,280332.0,12
395113,"Spokane, WA",msa,WA,2020,326182.0,12
395113,"Spokane, WA",msa,WA,2021,398213.0,12
395113,"Spokane, WA",msa,WA,2022,424662.0,12
395113,"Spokane, WA",msa,WA,2023,421204.0,12
395113,"Spokane, WA",msa,WA,2024,428003.0,12
395113,"Spokane, WA",msa,WA,2025,429353.0,12
395113,"Spokane, WA",msa,WA,2026,424976.0,7
395114,"Springfield, IL",msa,IL,2006,124533.0,12
395114,"Springfield, IL",msa,IL,2007,125024.0,12
395114,"Springfield, IL",msa,IL,2008,123630.0,12
395114,"Springfield, IL",msa,IL,2009,123570.0,12
395114,"Springfield, IL",msa,IL,2010,125857.0,12
395114,"Springfield, IL",msa,IL,2011,126746.0,12
395114,"Springfield, IL",msa,IL,2012,132322.0,12
395114,"Springfield, IL",msa,IL,2013,133147.0,12
395114,"Springfield, IL",msa,IL,2014,136779.0,12
395114,"Springfield, IL",msa,IL,2015,137115.0,12
395114,"Springfield, IL",msa,IL,2016,138461.0,12
395114,"Springfield, IL",msa,IL,2017,139122.0,12
395114,"Springfield, IL",msa,IL,2018,138605.0,12
395114,"Springfield, IL",msa,IL,2019,145520.0,12
395114,"Springfield, IL",msa,IL,2020,151088.0,12
395114,"Springfield, IL",msa,IL,2021,156739.0,12
395114,"Springfield, IL",msa,IL,2022,164940.0,12
395114,"Springfield, IL",msa,IL,2023,175339.0,12
395114,"Springfield, IL",msa,IL,2024,182460.0,12
395114,"Springfield, IL",msa,IL,2025,196039.0,12
395114,"Springfield, IL",msa,IL,2026,202440.0,7
395115,"Springfield, MA",msa,MA,2000,134172.0,12
395115,"Springfield, MA",msa,MA,2001,143253.0,12
395115,"Springfield, MA",msa,MA,2002,160866.0,12
395115,"Springfield, MA",msa,MA,2003,178228.0,12
395115,"Springfield, MA",msa,MA,2004,201089.0,12
395115,"Springfield, MA",msa,MA,2005,224299.0,12
395115,"Springfield, MA",msa,MA,2006,229172.0,12
395115,"Springfield, MA",msa,MA,2007,226256.0,12
395115,"Springfield, MA",msa,MA,2008,215966.0,12
395115,"Springfield, MA",msa,MA,2009,209316.0,12
395115,"Springfield, MA",msa,MA,2010,206453.0,12
395115,"Springfield, MA",msa,MA,2011,196506.0,12
395115,"Springfield, MA",msa,MA,2012,195400.0,12
395115,"Springfield, MA",msa,MA,2013,201571.0,12
395115,"Springfield, MA",msa,MA,2014,202848.0,12
395115,"Springfield, MA",msa,MA,2015,210428.0,12
395115,"Springfield, MA",msa,MA,2016,217216.0,12
395115,"Springfield, MA",msa,MA,2017,226055.0,12
395115,"Springfield, MA",msa,MA,2018,235729.0,12
395115,"Springfield, MA",msa,MA,2019,244490.0,12
395115,"Springfield, MA",msa,MA,2020,269277.0,12
395115,"Springfield, MA",msa,MA,2021,296361.0,12
395115,"Springfield, MA",msa,MA,2022,323664.0,12
395115,"Springfield, MA",msa,MA,2023,346118.0,12
395115,"Springfield, MA",msa,MA,2024,367215.0,12
395115,"Springfield, MA",msa,MA,2025,372708.0,12
395115,"Springfield, MA",msa,MA,2026,380012.0,7
395116,"Springfield, MO",msa,MO,2007,130775.0,12
395116,"Springfield, MO",msa,MO,2008,127942.0,12
395116,"Springfield, MO",msa,MO,2009,122243.0,12
395116,"Springfield, MO",msa,MO,2010,119168.0,12
395116,"Springfield, MO",msa,MO,2011,113970.0,12
395116,"Springfield, MO",msa,MO,2012,118317.0,12
395116,"Springfield, MO",msa,MO,2013,124727.0,12
395116,"Springfield, MO",msa,MO,2014,127385.0,12
395116,"Springfield, MO",msa,MO,2015,133214.0,12
395116,"Springfield, MO",msa,MO,2016,139847.0,12
395116,"Springfield, MO",msa,MO,2017,147845.0,12
395116,"Springfield, MO",msa,MO,2018,157859.0,12
395116,"Springfield, MO",msa,MO,2019,169008.0,12
395116,"Springfield, MO",msa,MO,2020,187068.0,12
395116,"Springfield, MO",msa,MO,2021,220424.0,12
395116,"Springfield, MO",msa,MO,2022,250140.0,12
395116,"Springfield, MO",msa,MO,2023,257923.0,12
395116,"Springfield, MO",msa,MO,2024,265569.0,12
395116,"Springfield, MO",msa,MO,2025,269193.0,12
395116,"Springfield, MO",msa,MO,2026,273356.0,7
395117,"Springfield, OH",msa,OH,2000,78020.0,12
395117,"Springfield, OH",msa,OH,2001,80482.0,12
395117,"Springfield, OH",msa,OH,2002,82465.0,12
395117,"Springfield, OH",msa,OH,2003,84725.0,12
395117,"Springfield, OH",msa,OH,2004,87277.0,12
395117,"Springfield, OH",msa,OH,2005,89345.0,12
395117,"Springfield, OH",msa,OH,2006,91851.0,12
395117,"Springfield, OH",msa,OH,2007,92857.0,12
395117,"Springfield, OH",msa,OH,2008,89516.0,12
395117,"Springfield, OH",msa,OH,2009,85890.0,12
395117,"Springfield, OH",msa,OH,2010,80515.0,12
395117,"Springfield, OH",msa,OH,2011,77699.0,12
395117,"Springfield, OH",msa,OH,2012,86081.0,12
395117,"Springfield, OH",msa,OH,2013,87676.0,12
395117,"Springfield, OH",msa,OH,2014,90565.0,12
395117,"Springfield, OH",msa,OH,2015,92586.0,12
395117,"Springfield, OH",msa,OH,2016,98206.0,12
395117,"Springfield, OH",msa,OH,2017,103725.0,12
395117,"Springfield, OH",msa,OH,2018,110384.0,12
395117,"Springfield, OH",msa,OH,2019,117644.0,12
395117,"Springfield, OH",msa,OH,2020,133706.0,12
395117,"Springfield, OH",msa,OH,2021,147188.0,12
395117,"Springfield, OH",msa,OH,2022,164928.0,12
395117,"Springfield, OH",msa,OH,2023,176798.0,12
395117,"Springfield, OH",msa,OH,2024,190709.0,12
395117,"Springfield, OH",msa,OH,2025,199756.0,12
395117,"Springfield, OH",msa,OH,2026,202847.0,7
395118,"St. Cloud, MN",msa,MN,2005,207636.0,12
395118,"St. Cloud, MN",msa,MN,2006,178530.0,12
395118,"St. Cloud, MN",msa,MN,2007,168896.0,12
395118,"St. Cloud, MN",msa,MN,2008,164602.0,12
395118,"St. Cloud, MN",msa,MN,2009,152411.0,12
395118,"St. Cloud, MN",msa,MN,2010,149233.0,12
395118,"St. Cloud, MN",msa,MN,2011,137862.0,12
395118,"St. Cloud, MN",msa,MN,2012,151024.0,12
395118,"St. Cloud, MN",msa,MN,2013,157021.0,12
395118,"St. Cloud, MN",msa,MN,2014,162385.0,12
395118,"St. Cloud, MN",msa,MN,2015,169258.0,12
395118,"St. Cloud, MN",msa,MN,2016,179865.0,12
395118,"St. Cloud, MN",msa,MN,2017,189428.0,12
395118,"St. Cloud, MN",msa,MN,2018,199024.0,12
395118,"St. Cloud, MN",msa,MN,2019,207853.0,12
395118,"St. Cloud, MN",msa,MN,2020,226654.0,12
395118,"St. Cloud, MN",msa,MN,2021,258022.0,12
395118,"St. Cloud, MN",msa,MN,2022,276906.0,12
395118,"St. Cloud, MN",msa,MN,2023,288425.0,12
395118,"St. Cloud, MN",msa,MN,2024,300479.0,12
395118,"St. Cloud, MN",msa,MN,2025,312146.0,12
395118,"St. Cloud, MN",msa,MN,2026,315022.0,7
395119,"St. George, UT",msa,UT,2008,215697.0,12
395119,"St. George, UT",msa,UT,2009,183524.0,12
395119,"St. George, UT",msa,UT,2010,169425.0,12
395119,"St. George, UT",msa,UT,2011,171127.0,12
395119,"St. George, UT",msa,UT,2012,190134.0,12
395119,"St. George, UT",msa,UT,2013,214128.0,12
395119,"St. George, UT",msa,UT,2014,232420.0,12
395119,"St. George, UT",msa,UT,2015,249666.0,12
395119,"St. George, UT",msa,UT,2016,269298.0,12
395119,"St. George, UT",msa,UT,2017,293042.0,12
395119,"St. George, UT",msa,UT,2018,324744.0,12
395119,"St. George, UT",msa,UT,2019,344140.0,12
395119,"St. George, UT",msa,UT,2020,385867.0,12
395119,"St. George, UT",msa,UT,2021,510340.0,12
395119,"St. George, UT",msa,UT,2022,533602.0,12
395119,"St. George, UT",msa,UT,2023,528952.0,12
395119,"St. George, UT",msa,UT,2024,536674.0,12
395119,"St. George, UT",msa,UT,2025,535358.0,12
395119,"St. George, UT",msa,UT,2026,528875.0,7
395120,"St. Joseph, MO",msa,MO,2003,108501.0,12
395120,"St. Joseph, MO",msa,MO,2004,114547.0,12
395120,"St. Joseph, MO",msa,MO,2005,118917.0,12
395120,"St. Joseph, MO",msa,MO,2006,121506.0,12
395120,"St. Joseph, MO",msa,MO,2007,121393.0,12
395120,"St. Joseph, MO",msa,MO,2008,118646.0,12
395120,"St. Joseph, MO",msa,MO,2009,113898.0,12
395120,"St. Joseph, MO",msa,MO,2010,112294.0,12
395120,"St. Joseph, MO",msa,MO,2011,109430.0,12
395120,"St. Joseph, MO",msa,MO,2012,111096.0,12
395120,"St. Joseph, MO",msa,MO,2013,119031.0,12
395120,"St. Joseph, MO",msa,MO,2014,117668.0,12
395120,"St. Joseph, MO",msa,MO,2015,120357.0,12
395120,"St. Joseph, MO",msa,MO,2016,123475.0,12
395120,"St. Joseph, MO",msa,MO,2017,126508.0,12
395120,"St. Joseph, MO",msa,MO,2018,131528.0,12
395120,"St. Joseph, MO",msa,MO,2019,139843.0,12
395120,"St. Joseph, MO",msa,MO,2020,154311.0,12
395120,"St. Joseph, MO",msa,MO,2021,172787.0,12
395120,"St. Joseph, MO",msa,MO,2022,180277.0,12
395120,"St. Joseph, MO",msa,MO,2023,183606.0,12
395120,"St. Joseph, MO",msa,MO,2024,197316.0,12
395120,"St. Joseph, MO",msa,MO,2025,210203.0,12
395120,"St. Joseph, MO",msa,MO,2026,216539.0,7
395121,"St. Louis, MO",msa,MO,2000,123223.0,12
395121,"St. Louis, MO",msa,MO,2001,131641.0,12
395121,"St. Louis, MO",msa,MO,2002,140919.0,12
395121,"St. Louis, MO",msa,MO,2003,151648.0,12
395121,"St. Louis, MO",msa,MO,2004,160661.0,12
395121,"St. Louis, MO",msa,MO,2005,169833.0,12
395121,"St. Louis, MO",msa,MO,2006,175313.0,12
395121,"St. Louis, MO",msa,MO,2007,174294.0,12
395121,"St. Louis, MO",msa,MO,2008,167215.0,12
395121,"St. Louis, MO",msa,MO,2009,160999.0,12
395121,"St. Louis, MO",msa,MO,2010,155872.0,12
395121,"St. Louis, MO",msa,MO,2011,145089.0,12
395121,"St. Louis, MO",msa,MO,2012,144375.0,12
395121,"St. Louis, MO",msa,MO,2013,147322.0,12
395121,"St. Louis, MO",msa,MO,2014,151778.0,12
395121,"St. Louis, MO",msa,MO,2015,158482.0,12
395121,"St. Louis, MO",msa,MO,2016,165225.0,12
395121,"St. Louis, MO",msa,MO,2017,173440.0,12
395121,"St. Louis, MO",msa,MO,2018,180168.0,12
395121,"St. Louis, MO",msa,MO,2019,187393.0,12
395121,"St. Louis, MO",msa,MO,2020,205710.0,12
395121,"St. Louis, MO",msa,MO,2021,224956.0,12
395121,"St. Louis, MO",msa,MO,2022,243862.0,12
395121,"St. Louis, MO",msa,MO,2023,256818.0,12
395121,"St. Louis, MO",msa,MO,2024,266723.0,12
395121,"St. Louis, MO",msa,MO,2025,273221.0,12
395121,"St. Louis, MO",msa,MO,2026,277434.0,7
395122,"St. Marys, GA",msa,GA,2000,94403.0,12
395122,"St. Marys, GA",msa,GA,2001,99168.0,12
395122,"St. Marys, GA",msa,GA,2002,102376.0,12
395122,"St. Marys, GA",msa,GA,2003,106110.0,12
395122,"St. Marys, GA",msa,GA,2004,113594.0,12
395122,"St. Marys, GA",msa,GA,2005,139815.0,12
395122,"St. Marys, GA",msa,GA,2006,160674.0,12
395122,"St. Marys, GA",msa,GA,2007,165830.0,12
395122,"St. Marys, GA",msa,GA,2008,155281.0,12
395122,"St. Marys, GA",msa,GA,2009,143355.0,12
395122,"St. Marys, GA",msa,GA,2010,136734.0,12
395122,"St. Marys, GA",msa,GA,2011,126657.0,12
395122,"St. Marys, GA",msa,GA,2012,131587.0,12
395122,"St. Marys, GA",msa,GA,2013,141084.0,12
395122,"St. Marys, GA",msa,GA,2014,146849.0,12
395122,"St. Marys, GA",msa,GA,2015,155415.0,12
395122,"St. Marys, GA",msa,GA,2016,158544.0,12
395122,"St. Marys, GA",msa,GA,2017,168826.0,12
395122,"St. Marys, GA",msa,GA,2018,177095.0,12
395122,"St. Marys, GA",msa,GA,2019,184495.0,12
395122,"St. Marys, GA",msa,GA,2020,206176.0,12
395122,"St. Marys, GA",msa,GA,2021,241862.0,12
395122,"St. Marys, GA",msa,GA,2022,275769.0,12
395122,"St. Marys, GA",msa,GA,2023,296816.0,12
395122,"St. Marys, GA",msa,GA,2024,304797.0,12
395122,"St. Marys, GA",msa,GA,2025,307322.0,12
395122,"St. Marys, GA",msa,GA,2026,307561.0,7
395124,"Starkville, MS",msa,MS,2009,175230.0,12
395124,"Starkville, MS",msa,MS,2010,174375.0,12
395124,"Starkville, MS",msa,MS,2011,175119.0,12
395124,"Starkville, MS",msa,MS,2012,187429.0,12
395124,"Starkville, MS",msa,MS,2013,192887.0,12
395124,"Starkville, MS",msa,MS,2014,176327.0,12
395124,"Starkville, MS",msa,MS,2015,176003.0,12
395124,"Starkville, MS",msa,MS,2016,178448.0,12
395124,"Starkville, MS",msa,MS,2017,184398.0,12
395124,"Starkville, MS",msa,MS,2018,189030.0,12
395124,"Starkville, MS",msa,MS,2019,194680.0,12
395124,"Starkville, MS",msa,MS,2020,202567.0,12
395124,"Starkville, MS",msa,MS,2021,222620.0,12
395124,"Starkville, MS",msa,MS,2022,230807.0,12
395124,"Starkville, MS",msa,MS,2023,238675.0,12
395124,"Starkville, MS",msa,MS,2024,248708.0,12
395124,"Starkville, MS",msa,MS,2025,255468.0,12
395124,"Starkville, MS",msa,MS,2026,261368.0,7
395125,"State College, PA",msa,PA,2005,171112.0,12
395125,"State College, PA",msa,PA,2006,178366.0,12
395125,"State College, PA",msa,PA,2007,184210.0,12
395125,"State College, PA",msa,PA,2008,187704.0,12
395125,"State College, PA",msa,PA,2009,192606.0,12
395125,"State College, PA",msa,PA,2010,195124.0,12
395125,"State College, PA",msa,PA,2011,193196.0,12
395125,"State College, PA",msa,PA,2012,200097.0,12
395125,"State College, PA",msa,PA,2013,205073.0,12
395125,"State College, PA",msa,PA,2014,209338.0,12
395125,"State College, PA",msa,PA,2015,218482.0,12
395125,"State College, PA",msa,PA,2016,225928.0,12
395125,"State College, PA",msa,PA,2017,235135.0,12
395125,"State College, PA",msa,PA,2018,247929.0,12
395125,"State College, PA",msa,PA,2019,264040.0,12
395125,"State College, PA",msa,PA,2020,281640.0,12
395125,"State College, PA",msa,PA,2021,297434.0,12
395125,"State College, PA",msa,PA,2022,317774.0,12
395125,"State College, PA",msa,PA,2023,332530.0,12
395125,"State College, PA",msa,PA,2024,343077.0,12
395125,"State College, PA",msa,PA,2025,351104.0,12
395125,"State College, PA",msa,PA,2026,357220.0,7
395126,"Statesboro, GA",msa,GA,2008,141053.0,12
395126,"Statesboro, GA",msa,GA,2009,131056.0,12
395126,"Statesboro, GA",msa,GA,2010,125310.0,12
395126,"Statesboro, GA",msa,GA,2011,116473.0,12
395126,"Statesboro, GA",msa,GA,2012,121660.0,12
395126,"Statesboro, GA",msa,GA,2013,128801.0,12
395126,"Statesboro, GA",msa,GA,2014,133058.0,12
395126,"Statesboro, GA",msa,GA,2015,135813.0,12
395126,"Statesboro, GA",msa,GA,2016,139925.0,12
395126,"Statesboro, GA",msa,GA,2017,145841.0,12
395126,"Statesboro, GA",msa,GA,2018,153130.0,12
395126,"Statesboro, GA",msa,GA,2019,158114.0,12
395126,"Statesboro, GA",msa,GA,2020,174507.0,12
395126,"Statesboro, GA",msa,GA,2021,200312.0,12
395126,"Statesboro, GA",msa,GA,2022,232574.0,12
395126,"Statesboro, GA",msa,GA,2023,259072.0,12
395126,"Statesboro, GA",msa,GA,2024,277687.0,12
395126,"Statesboro, GA",msa,GA,2025,281632.0,12
395126,"Statesboro, GA",msa,GA,2026,280940.0,7
395128,"Staunton, VA",msa,VA,2009,164662.0,12
395128,"Staunton, VA",msa,VA,2010,162029.0,12
395128,"Staunton, VA",msa,VA,2011,159434.0,12
395128,"Staunton, VA",msa,VA,2012,162755.0,12
395128,"Staunton, VA",msa,VA,2013,172340.0,12
395128,"Staunton, VA",msa,VA,2014,182641.0,12
395128,"Staunton, VA",msa,VA,2015,188995.0,12
395128,"Staunton, VA",msa,VA,2016,193939.0,12
395128,"Staunton, VA",msa,VA,2017,202986.0,12
395128,"Staunton, VA",msa,VA,2018,210038.0,12
395128,"Staunton, VA",msa,VA,2019,227230.0,12
395128,"Staunton, VA",msa,VA,2020,246084.0,12
395128,"Staunton, VA",msa,VA,2021,269013.0,12
395128,"Staunton, VA",msa,VA,2022,295036.0,12
395128,"Staunton, VA",msa,VA,2023,303241.0,12
395128,"Staunton, VA",msa,VA,2024,316198.0,12
395128,"Staunton, VA",msa,VA,2025,327516.0,12
395128,"Staunton, VA",msa,VA,2026,337653.0,7
753921,"Steamboat Springs, CO",msa,CO,2000,244805.0,12
753921,"Steamboat Springs, CO",msa,CO,2001,263019.0,12
753921,"Steamboat Springs, CO",msa,CO,2002,274356.0,12
753921,"Steamboat Springs, CO",msa,CO,2003,280608.0,12
753921,"Steamboat Springs, CO",msa,CO,2004,294046.0,12
753921,"Steamboat Springs, CO",msa,CO,2005,311360.0,11
753921,"Steamboat Springs, CO",msa,CO,2006,329782.0,12
753921,"Steamboat Springs, CO",msa,CO,2007,380397.0,12
753921,"Steamboat Springs, CO",msa,CO,2008,400527.0,12
753921,"Steamboat Springs, CO",msa,CO,2009,389428.0,12
753921,"Steamboat Springs, CO",msa,CO,2010,377491.0,12
753921,"Steamboat Springs, CO",msa,CO,2011,368536.0,12
753921,"Steamboat Springs, CO",msa,CO,2012,381650.0,12
753921,"Steamboat Springs, CO",msa,CO,2013,402243.0,12
753921,"Steamboat Springs, CO",msa,CO,2014,413871.0,12
753921,"Steamboat Springs, CO",msa,CO,2015,443018.0,12
753921,"Steamboat Springs, CO",msa,CO,2016,479736.0,12
753921,"Steamboat Springs, CO",msa,CO,2017,514547.0,12
753921,"Steamboat Springs, CO",msa,CO,2018,555833.0,12
753921,"Steamboat Springs, CO",msa,CO,2019,585698.0,12
753921,"Steamboat Springs, CO",msa,CO,2020,662008.0,12
753921,"Steamboat Springs, CO",msa,CO,2021,879959.0,12
753921,"Steamboat Springs, CO",msa,CO,2022,1003183.0,12
753921,"Steamboat Springs, CO",msa,CO,2023,1040369.0,12
753921,"Steamboat Springs, CO",msa,CO,2024,1105897.0,12
753921,"Steamboat Springs, CO",msa,CO,2025,1115576.0,12
753921,"Steamboat Springs, CO",msa,CO,2026,1134313.0,7
395129,"Stephenville, TX",msa,TX,2009,145014.0,12
395129,"Stephenville, TX",msa,TX,2010,143920.0,12
395129,"Stephenville, TX",msa,TX,2011,143414.0,12
395129,"Stephenville, TX",msa,TX,2012,145835.0,12
395129,"Stephenville, TX",msa,TX,2013,153842.0,12
395129,"Stephenville, TX",msa,TX,2014,164326.0,12
395129,"Stephenville, TX",msa,TX,2015,174197.0,12
395129,"Stephenville, TX",msa,TX,2016,181915.0,12
395129,"Stephenville, TX",msa,TX,2017,184157.0,12
395129,"Stephenville, TX",msa,TX,2018,200998.0,12
395129,"Stephenville, TX",msa,TX,2019,212209.0,12
395129,"Stephenville, TX",msa,TX,2020,233654.0,12
395129,"Stephenville, TX",msa,TX,2021,287466.0,12
395129,"Stephenville, TX",msa,TX,2022,321997.0,12
395129,"Stephenville, TX",msa,TX,2023,330601.0,12
395129,"Stephenville, TX",msa,TX,2024,344435.0,12
395129,"Stephenville, TX",msa,TX,2025,342474.0,12
395129,"Stephenville, TX",msa,TX,2026,344245.0,7
395130,"Sterling, CO",msa,CO,2000,97589.0,12
395130,"Sterling, CO",msa,CO,2001,102287.0,12
395130,"Sterling, CO",msa,CO,2002,103831.0,12
395130,"Sterling, CO",msa,CO,2003,104804.0,12
395130,"Sterling, CO",msa,CO,2004,108340.0,12
395130,"Sterling, CO",msa,CO,2005,112705.0,12
395130,"Sterling, CO",msa,CO,2006,114965.0,12
395130,"Sterling, CO",msa,CO,2007,115204.0,12
395130,"Sterling, CO",msa,CO,2008,115167.0,12
395130,"Sterling, CO",msa,CO,2009,112342.0,12
395130,"Sterling, CO",msa,CO,2010,109370.0,12
395130,"Sterling, CO",msa,CO,2011,107496.0,12
395130,"Sterling, CO",msa,CO,2012,109474.0,12
395130,"Sterling, CO",msa,CO,2013,114044.0,12
395130,"Sterling, CO",msa,CO,2014,119449.0,12
395130,"Sterling, CO",msa,CO,2015,128333.0,12
395130,"Sterling, CO",msa,CO,2016,139052.0,12
395130,"Sterling, CO",msa,CO,2017,149516.0,12
395130,"Sterling, CO",msa,CO,2018,161470.0,12
395130,"Sterling, CO",msa,CO,2019,173099.0,12
395130,"Sterling, CO",msa,CO,2020,192658.0,12
395130,"Sterling, CO",msa,CO,2021,219298.0,12
395130,"Sterling, CO",msa,CO,2022,240233.0,12
395130,"Sterling, CO",msa,CO,2023,239737.0,12
395130,"Sterling, CO",msa,CO,2024,248426.0,12
395130,"Sterling, CO",msa,CO,2025,253084.0,12
395130,"Sterling, CO",msa,CO,2026,255473.0,7
395131,"Sterling, IL",msa,IL,2009,106550.0,12
395131,"Sterling, IL",msa,IL,2010,105491.0,12
395131,"Sterling, IL",msa,IL,2011,103414.0,12
395131,"Sterling, IL",msa,IL,2012,104210.0,12
395131,"Sterling, IL",msa,IL,2013,101237.0,12
395131,"Sterling, IL",msa,IL,2014,102853.0,12
395131,"Sterling, IL",msa,IL,2015,105279.0,12
395131,"Sterling, IL",msa,IL,2016,104779.0,12
395131,"Sterling, IL",msa,IL,2017,104183.0,12
395131,"Sterling, IL",msa,IL,2018,94490.0,12
395131,"Sterling, IL",msa,IL,2019,107824.0,12
395131,"Sterling, IL",msa,IL,2020,116111.0,12
395131,"Sterling, IL",msa,IL,2021,119889.0,12
395131,"Sterling, IL",msa,IL,2022,129370.0,12
395131,"Sterling, IL",msa,IL,2023,134714.0,12
395131,"Sterling, IL",msa,IL,2024,140638.0,12
395131,"Sterling, IL",msa,IL,2025,148606.0,12
395131,"Sterling, IL",msa,IL,2026,150266.0,7
395132,"Stevens Point, WI",msa,WI,2010,137697.0,12
395132,"Stevens Point, WI",msa,WI,2011,136847.0,12
395132,"Stevens Point, WI",msa,WI,2012,139612.0,12
395132,"Stevens Point, WI",msa,WI,2013,148890.0,12
395132,"Stevens Point, WI",msa,WI,2014,155909.0,12
395132,"Stevens Point, WI",msa,WI,2015,163639.0,12
395132,"Stevens Point, WI",msa,WI,2016,173769.0,12
395132,"Stevens Point, WI",msa,WI,2017,181741.0,12
395132,"Stevens Point, WI",msa,WI,2018,189915.0,12
395132,"Stevens Point, WI",msa,WI,2019,204500.0,12
395132,"Stevens Point, WI",msa,WI,2020,221194.0,12
395132,"Stevens Point, WI",msa,WI,2021,238410.0,12
395132,"Stevens Point, WI",msa,WI,2022,251482.0,12
395132,"Stevens Point, WI",msa,WI,2023,267577.0,12
395132,"Stevens Point, WI",msa,WI,2024,284004.0,12
395132,"Stevens Point, WI",msa,WI,2025,310655.0,12
395132,"Stevens Point, WI",msa,WI,2026,324456.0,7
395133,"Stillwater, OK",msa,OK,2000,100618.0,12
395133,"Stillwater, OK",msa,OK,2001,105373.0,12
395133,"Stillwater, OK",msa,OK,2002,108725.0,12
395133,"Stillwater, OK",msa,OK,2003,112450.0,12
395133,"Stillwater, OK",msa,OK,2004,117044.0,12
395133,"Stillwater, OK",msa,OK,2005,122813.0,12
395133,"Stillwater, OK",msa,OK,2006,130690.0,12
395133,"Stillwater, OK",msa,OK,2007,134814.0,12
395133,"Stillwater, OK",msa,OK,2008,129126.0,12
395133,"Stillwater, OK",msa,OK,2009,124173.0,12
395133,"Stillwater, OK",msa,OK,2010,123852.0,12
395133,"Stillwater, OK",msa,OK,2011,123291.0,12
395133,"Stillwater, OK",msa,OK,2012,128982.0,12
395133,"Stillwater, OK",msa,OK,2013,132612.0,12
395133,"Stillwater, OK",msa,OK,2014,139467.0,12
395133,"Stillwater, OK",msa,OK,2015,146544.0,12
395133,"Stillwater, OK",msa,OK,2016,150611.0,12
395133,"Stillwater, OK",msa,OK,2017,154796.0,12
395133,"Stillwater, OK",msa,OK,2018,160947.0,12
395133,"Stillwater, OK",msa,OK,2019,169547.0,12
395133,"Stillwater, OK",msa,OK,2020,182173.0,12
395133,"Stillwater, OK",msa,OK,2021,202084.0,12
395133,"Stillwater, OK",msa,OK,2022,215873.0,12
395133,"Stillwater, OK",msa,OK,2023,222872.0,12
395133,"Stillwater, OK",msa,OK,2024,231343.0,12
395133,"Stillwater, OK",msa,OK,2025,239260.0,12
395133,"Stillwater, OK",msa,OK,2026,245317.0,7
395134,"Stockton, CA",msa,CA,2000,184850.0,12
395134,"Stockton, CA",msa,CA,2001,222867.0,12
395134,"Stockton, CA",msa,CA,2002,246597.0,12
395134,"Stockton, CA",msa,CA,2003,279746.0,12
395134,"Stockton, CA",msa,CA,2004,348789.0,12
395134,"Stockton, CA",msa,CA,2005,439828.0,12
395134,"Stockton, CA",msa,CA,2006,445790.0,12
395134,"Stockton, CA",msa,CA,2007,350016.0,12
395134,"Stockton, CA",msa,CA,2008,204899.0,12
395134,"Stockton, CA",msa,CA,2009,178712.0,12
395134,"Stockton, CA",msa,CA,2010,181822.0,12
395134,"Stockton, CA",msa,CA,2011,162180.0,12
395134,"Stockton, CA",msa,CA,2012,179516.0,12
395134,"Stockton, CA",msa,CA,2013,237926.0,12
395134,"Stockton, CA",msa,CA,2014,270879.0,12
395134,"Stockton, CA",msa,CA,2015,298691.0,12
395134,"Stockton, CA",msa,CA,2016,327586.0,12
395134,"Stockton, CA",msa,CA,2017,360824.0,12
395134,"Stockton, CA",msa,CA,2018,388624.0,12
395134,"Stockton, CA",msa,CA,2019,401934.0,12
395134,"Stockton, CA",msa,CA,2020,440368.0,12
395134,"Stockton, CA",msa,CA,2021,527883.0,12
395134,"Stockton, CA",msa,CA,2022,547400.0,12
395134,"Stockton, CA",msa,CA,2023,546171.0,12
395134,"Stockton, CA",msa,CA,2024,558794.0,12
395134,"Stockton, CA",msa,CA,2025,536092.0,12
395134,"Stockton, CA",msa,CA,2026,527766.0,7
395135,"Storm Lake, IA",msa,IA,2000,74866.0,12
395135,"Storm Lake, IA",msa,IA,2001,78505.0,12
395135,"Storm Lake, IA",msa,IA,2002,80526.0,12
395135,"Storm Lake, IA",msa,IA,2003,83212.0,12
395135,"Storm Lake, IA",msa,IA,2004,86666.0,12
395135,"Storm Lake, IA",msa,IA,2005,89621.0,12
395135,"Storm Lake, IA",msa,IA,2006,91778.0,12
395135,"Storm Lake, IA",msa,IA,2007,94116.0,12
395135,"Storm Lake, IA",msa,IA,2008,94125.0,12
395135,"Storm Lake, IA",msa,IA,2009,93849.0,12
395135,"Storm Lake, IA",msa,IA,2010,95463.0,12
395135,"Storm Lake, IA",msa,IA,2011,95759.0,12
395135,"Storm Lake, IA",msa,IA,2012,96958.0,12
395135,"Storm Lake, IA",msa,IA,2013,102379.0,12
395135,"Storm Lake, IA",msa,IA,2014,107154.0,12
395135,"Storm Lake, IA",msa,IA,2015,108479.0,12
395135,"Storm Lake, IA",msa,IA,2016,113784.0,12
395135,"Storm Lake, IA",msa,IA,2017,116805.0,12
395135,"Storm Lake, IA",msa,IA,2018,124386.0,12
395135,"Storm Lake, IA",msa,IA,2019,134289.0,12
395135,"Storm Lake, IA",msa,IA,2020,143884.0,12
395135,"Storm Lake, IA",msa,IA,2021,157872.0,12
395135,"Storm Lake, IA",msa,IA,2022,175498.0,12
395135,"Storm Lake, IA",msa,IA,2023,183095.0,12
395135,"Storm Lake, IA",msa,IA,2024,186731.0,12
395135,"Storm Lake, IA",msa,IA,2025,188970.0,12
395135,"Storm Lake, IA",msa,IA,2026,190130.0,7
395136,"Sturgis, MI",msa,MI,2000,106956.0,12
395136,"Sturgis, MI",msa,MI,2001,111419.0,12
395136,"Sturgis, MI",msa,MI,2002,113746.0,12
395136,"Sturgis, MI",msa,MI,2003,107825.0,12
395136,"Sturgis, MI",msa,MI,2004,115256.0,12
395136,"Sturgis, MI",msa,MI,2005,121008.0,12
395136,"Sturgis, MI",msa,MI,2006,122693.0,12
395136,"Sturgis, MI",msa,MI,2007,122095.0,12
395136,"Sturgis, MI",msa,MI,2008,114348.0,12
395136,"Sturgis, MI",msa,MI,2009,104819.0,12
395136,"Sturgis, MI",msa,MI,2010,102882.0,12
395136,"Sturgis, MI",msa,MI,2011,101704.0,12
395136,"Sturgis, MI",msa,MI,2012,103293.0,12
395136,"Sturgis, MI",msa,MI,2013,108197.0,12
395136,"Sturgis, MI",msa,MI,2014,110350.0,12
395136,"Sturgis, MI",msa,MI,2015,118627.0,12
395136,"Sturgis, MI",msa,MI,2016,124392.0,12
395136,"Sturgis, MI",msa,MI,2017,133985.0,12
395136,"Sturgis, MI",msa,MI,2018,142647.0,12
395136,"Sturgis, MI",msa,MI,2019,152728.0,12
395136,"Sturgis, MI",msa,MI,2020,169036.0,12
395136,"Sturgis, MI",msa,MI,2021,187229.0,12
395136,"Sturgis, MI",msa,MI,2022,196481.0,12
395136,"Sturgis, MI",msa,MI,2023,203489.0,12
395136,"Sturgis, MI",msa,MI,2024,211296.0,12
395136,"Sturgis, MI",msa,MI,2025,217846.0,12
395136,"Sturgis, MI",msa,MI,2026,224560.0,7
395137,"Sulphur Springs, TX",msa,TX,2016,176233.0,12
395137,"Sulphur Springs, TX",msa,TX,2017,184103.0,12
395137,"Sulphur Springs, TX",msa,TX,2018,186637.0,12
395137,"Sulphur Springs, TX",msa,TX,2019,205880.0,12
395137,"Sulphur Springs, TX",msa,TX,2020,238533.0,12
395137,"Sulphur Springs, TX",msa,TX,2021,277359.0,12
395137,"Sulphur Springs, TX",msa,TX,2022,297706.0,12
395137,"Sulphur Springs, TX",msa,TX,2023,289316.0,12
395137,"Sulphur Springs, TX",msa,TX,2024,274837.0,12
395137,"Sulphur Springs, TX",msa,TX,2025,266255.0,12
395137,"Sulphur Springs, TX",msa,TX,2026,263169.0,7
395138,"Summerville, GA",msa,GA,2000,73816.0,12
395138,"Summerville, GA",msa,GA,2001,79703.0,12
395138,"Summerville, GA",msa,GA,2002,82513.0,12
395138,"Summerville, GA",msa,GA,2003,85365.0,12
395138,"Summerville, GA",msa,GA,2004,88639.0,12
395138,"Summerville, GA",msa,GA,2005,92687.0,12
395138,"Summerville, GA",msa,GA,2006,95345.0,12
395138,"Summerville, GA",msa,GA,2007,95878.0,12
395138,"Summerville, GA",msa,GA,2008,91537.0,12
395138,"Summerville, GA",msa,GA,2009,84423.0,12
395138,"Summerville, GA",msa,GA,2010,79545.0,12
395138,"Summerville, GA",msa,GA,2011,73797.0,12
395138,"Summerville, GA",msa,GA,2012,77006.0,12
395138,"Summerville, GA",msa,GA,2013,82852.0,12
395138,"Summerville, GA",msa,GA,2014,85559.0,12
395138,"Summerville, GA",msa,GA,2015,91351.0,12
395138,"Summerville, GA",msa,GA,2016,91474.0,12
395138,"Summerville, GA",msa,GA,2017,93079.0,12
395138,"Summerville, GA",msa,GA,2018,99973.0,12
395138,"Summerville, GA",msa,GA,2019,112002.0,12
395138,"Summerville, GA",msa,GA,2020,129994.0,12
395138,"Summerville, GA",msa,GA,2021,154455.0,12
395138,"Summerville, GA",msa,GA,2022,170581.0,12
395138,"Summerville, GA",msa,GA,2023,172399.0,12
395138,"Summerville, GA",msa,GA,2024,174547.0,12
395138,"Summerville, GA",msa,GA,2025,173284.0,12
395138,"Summerville, GA",msa,GA,2026,179750.0,7
395139,"Sumter, SC",msa,SC,2008,141930.0,12
395139,"Sumter, SC",msa,SC,2009,132727.0,12
395139,"Sumter, SC",msa,SC,2010,128547.0,12
395139,"Sumter, SC",msa,SC,2011,124974.0,12
395139,"Sumter, SC",msa,SC,2012,122146.0,12
395139,"Sumter, SC",msa,SC,2013,126666.0,12
395139,"Sumter, SC",msa,SC,2014,124985.0,12
395139,"Sumter, SC",msa,SC,2015,128512.0,12
395139,"Sumter, SC",msa,SC,2016,130874.0,12
395139,"Sumter, SC",msa,SC,2017,133129.0,12
395139,"Sumter, SC",msa,SC,2018,142557.0,12
395139,"Sumter, SC",msa,SC,2019,157979.0,12
395139,"Sumter, SC",msa,SC,2020,167709.0,12
395139,"Sumter, SC",msa,SC,2021,179933.0,12
395139,"Sumter, SC",msa,SC,2022,192612.0,12
395139,"Sumter, SC",msa,SC,2023,198127.0,12
395139,"Sumter, SC",msa,SC,2024,202863.0,12
395139,"Sumter, SC",msa,SC,2025,200102.0,12
395139,"Sumter, SC",msa,SC,2026,201028.0,7
395140,"Sunbury, PA",msa,PA,2009,97257.0,12
395140,"Sunbury, PA",msa,PA,2010,97128.0,12
395140,"Sunbury, PA",msa,PA,2011,96270.0,12
395140,"Sunbury, PA",msa,PA,2012,98243.0,12
395140,"Sunbury, PA",msa,PA,2013,101029.0,12
395140,"Sunbury, PA",msa,PA,2014,102699.0,12
395140,"Sunbury, PA",msa,PA,2015,107828.0,12
395140,"Sunbury, PA",msa,PA,2016,107540.0,12
395140,"Sunbury, PA",msa,PA,2017,108956.0,12
395140,"Sunbury, PA",msa,PA,2018,115077.0,12
395140,"Sunbury, PA",msa,PA,2019,123765.0,12
395140,"Sunbury, PA",msa,PA,2020,137385.0,12
395140,"Sunbury, PA",msa,PA,2021,140323.0,12
395140,"Sunbury, PA",msa,PA,2022,137270.0,12
395140,"Sunbury, PA",msa,PA,2023,136893.0,12
395140,"Sunbury, PA",msa,PA,2024,150480.0,12
395140,"Sunbury, PA",msa,PA,2025,160886.0,12
395140,"Sunbury, PA",msa,PA,2026,161380.0,7
395141,"Susanville, CA",msa,CA,2007,171838.0,12
395141,"Susanville, CA",msa,CA,2008,136084.0,12
395141,"Susanville, CA",msa,CA,2009,124512.0,12
395141,"Susanville, CA",msa,CA,2010,122127.0,12
395141,"Susanville, CA",msa,CA,2011,121734.0,12
395141,"Susanville, CA",msa,CA,2012,125054.0,12
395141,"Susanville, CA",msa,CA,2013,129700.0,12
395141,"Susanville, CA",msa,CA,2014,128600.0,12
395141,"Susanville, CA",msa,CA,2015,139293.0,12
395141,"Susanville, CA",msa,CA,2016,154544.0,12
395141,"Susanville, CA",msa,CA,2017,170100.0,12
395141,"Susanville, CA",msa,CA,2018,177322.0,12
395141,"Susanville, CA",msa,CA,2019,190957.0,12
395141,"Susanville, CA",msa,CA,2020,209953.0,12
395141,"Susanville, CA",msa,CA,2021,229077.0,12
395141,"Susanville, CA",msa,CA,2022,233340.0,12
395141,"Susanville, CA",msa,CA,2023,232878.0,12
395141,"Susanville, CA",msa,CA,2024,233222.0,12
395141,"Susanville, CA",msa,CA,2025,232186.0,12
395141,"Susanville, CA",msa,CA,2026,236949.0,7
395142,"Sweetwater, TX",msa,TX,2009,100695.0,12
395142,"Sweetwater, TX",msa,TX,2010,98442.0,12
395142,"Sweetwater, TX",msa,TX,2011,98487.0,12
395142,"Sweetwater, TX",msa,TX,2012,101165.0,12
395142,"Sweetwater, TX",msa,TX,2013,108734.0,12
395142,"Sweetwater, TX",msa,TX,2014,115939.0,12
395142,"Sweetwater, TX",msa,TX,2015,126860.0,12
395142,"Sweetwater, TX",msa,TX,2016,127656.0,12
395142,"Sweetwater, TX",msa,TX,2017,123140.0,12
395142,"Sweetwater, TX",msa,TX,2018,126774.0,12
395142,"Sweetwater, TX",msa,TX,2019,133073.0,12
395142,"Sweetwater, TX",msa,TX,2020,142599.0,12
395142,"Sweetwater, TX",msa,TX,2021,146823.0,12
395142,"Sweetwater, TX",msa,TX,2022,144027.0,12
395142,"Sweetwater, TX",msa,TX,2023,130532.0,12
395142,"Sweetwater, TX",msa,TX,2024,124199.0,12
395142,"Sweetwater, TX",msa,TX,2025,118217.0,12
395142,"Sweetwater, TX",msa,TX,2026,121394.0,7
395143,"Syracuse, NY",msa,NY,2000,84601.0,12
395143,"Syracuse, NY",msa,NY,2001,89975.0,12
395143,"Syracuse, NY",msa,NY,2002,94038.0,12
395143,"Syracuse, NY",msa,NY,2003,101800.0,12
395143,"Syracuse, NY",msa,NY,2004,107712.0,12
395143,"Syracuse, NY",msa,NY,2005,115037.0,12
395143,"Syracuse, NY",msa,NY,2006,121476.0,12
395143,"Syracuse, NY",msa,NY,2007,126190.0,12
395143,"Syracuse, NY",msa,NY,2008,125720.0,12
395143,"Syracuse, NY",msa,NY,2009,125899.0,12
395143,"Syracuse, NY",msa,NY,2010,125365.0,12
395143,"Syracuse, NY",msa,NY,2011,122815.0,12
395143,"Syracuse, NY",msa,NY,2012,123051.0,12
395143,"Syracuse, NY",msa,NY,2013,125512.0,12
395143,"Syracuse, NY",msa,NY,2014,126757.0,12
395143,"Syracuse, NY",msa,NY,2015,131389.0,12
395143,"Syracuse, NY",msa,NY,2016,135212.0,12
395143,"Syracuse, NY",msa,NY,2017,139445.0,12
395143,"Syracuse, NY",msa,NY,2018,145698.0,12
395143,"Syracuse, NY",msa,NY,2019,152849.0,12
395143,"Syracuse, NY",msa,NY,2020,169076.0,12
395143,"Syracuse, NY",msa,NY,2021,184724.0,12
395143,"Syracuse, NY",msa,NY,2022,205945.0,12
395143,"Syracuse, NY",msa,NY,2023,226962.0,12
395143,"Syracuse, NY",msa,NY,2024,249280.0,12
395143,"Syracuse, NY",msa,NY,2025,260881.0,12
395143,"Syracuse, NY",msa,NY,2026,272560.0,7
395144,"Tahlequah, OK",msa,OK,2000,82041.0,12
395144,"Tahlequah, OK",msa,OK,2001,86502.0,12
395144,"Tahlequah, OK",msa,OK,2002,89617.0,12
395144,"Tahlequah, OK",msa,OK,2003,93267.0,12
395144,"Tahlequah, OK",msa,OK,2004,97083.0,12
395144,"Tahlequah, OK",msa,OK,2005,101464.0,12
395144,"Tahlequah, OK",msa,OK,2006,105785.0,12
395144,"Tahlequah, OK",msa,OK,2007,109107.0,12
395144,"Tahlequah, OK",msa,OK,2008,106769.0,12
395144,"Tahlequah, OK",msa,OK,2009,108964.0,12
395144,"Tahlequah, OK",msa,OK,2010,105394.0,12
395144,"Tahlequah, OK",msa,OK,2011,106863.0,12
395144,"Tahlequah, OK",msa,OK,2012,107782.0,12
395144,"Tahlequah, OK",msa,OK,2013,110901.0,12
395144,"Tahlequah, OK",msa,OK,2014,112281.0,12
395144,"Tahlequah, OK",msa,OK,2015,112698.0,12
395144,"Tahlequah, OK",msa,OK,2016,115796.0,12
395144,"Tahlequah, OK",msa,OK,2017,117182.0,12
395144,"Tahlequah, OK",msa,OK,2018,119052.0,12
395144,"Tahlequah, OK",msa,OK,2019,124766.0,12
395144,"Tahlequah, OK",msa,OK,2020,142594.0,12
395144,"Tahlequah, OK",msa,OK,2021,169435.0,12
395144,"Tahlequah, OK",msa,OK,2022,186586.0,12
395144,"Tahlequah, OK",msa,OK,2023,193374.0,12
395144,"Tahlequah, OK",msa,OK,2024,199149.0,12
395144,"Tahlequah, OK",msa,OK,2025,204207.0,12
395144,"Tahlequah, OK",msa,OK,2026,213941.0,7
395145,"Talladega, AL",msa,AL,2000,81997.0,12
395145,"Talladega, AL",msa,AL,2001,85240.0,12
395145,"Talladega, AL",msa,AL,2002,88750.0,12
395145,"Talladega, AL",msa,AL,2003,91633.0,12
395145,"Talladega, AL",msa,AL,2004,96283.0,12
395145,"Talladega, AL",msa,AL,2005,104919.0,12
395145,"Talladega, AL",msa,AL,2006,110224.0,12
395145,"Talladega, AL",msa,AL,2007,112675.0,12
395145,"Talladega, AL",msa,AL,2008,112558.0,12
395145,"Talladega, AL",msa,AL,2009,106744.0,12
395145,"Talladega, AL",msa,AL,2010,102515.0,12
395145,"Talladega, AL",msa,AL,2011,100749.0,12
395145,"Talladega, AL",msa,AL,2012,100107.0,12
395145,"Talladega, AL",msa,AL,2013,96310.0,12
395145,"Talladega, AL",msa,AL,2014,100616.0,12
395145,"Talladega, AL",msa,AL,2015,100814.0,12
395145,"Talladega, AL",msa,AL,2016,105771.0,12
395145,"Talladega, AL",msa,AL,2017,110507.0,12
395145,"Talladega, AL",msa,AL,2018,115044.0,12
395145,"Talladega, AL",msa,AL,2019,124694.0,12
395145,"Talladega, AL",msa,AL,2020,143638.0,12
395145,"Talladega, AL",msa,AL,2021,164773.0,12
395145,"Talladega, AL",msa,AL,2022,169030.0,12
395145,"Talladega, AL",msa,AL,2023,172969.0,12
395145,"Talladega, AL",msa,AL,2024,181051.0,12
395145,"Talladega, AL",msa,AL,2025,181302.0,12
395145,"Talladega, AL",msa,AL,2026,181141.0,7
395146,"Tallahassee, FL",msa,FL,2000,116779.0,12
395146,"Tallahassee, FL",msa,FL,2001,123776.0,12
395146,"Tallahassee, FL",msa,FL,2002,133498.0,12
395146,"Tallahassee, FL",msa,FL,2003,149958.0,12
395146,"Tallahassee, FL",msa,FL,2004,170948.0,12
395146,"Tallahassee, FL",msa,FL,2005,200970.0,12
395146,"Tallahassee, FL",msa,FL,2006,216914.0,12
395146,"Tallahassee, FL",msa,FL,2007,210220.0,12
395146,"Tallahassee, FL",msa,FL,2008,185492.0,12
395146,"Tallahassee, FL",msa,FL,2009,169353.0,12
395146,"Tallahassee, FL",msa,FL,2010,159778.0,12
395146,"Tallahassee, FL",msa,FL,2011,146397.0,12
395146,"Tallahassee, FL",msa,FL,2012,145470.0,12
395146,"Tallahassee, FL",msa,FL,2013,149977.0,12
395146,"Tallahassee, FL",msa,FL,2014,154351.0,12
395146,"Tallahassee, FL",msa,FL,2015,161310.0,12
395146,"Tallahassee, FL",msa,FL,2016,169834.0,12
395146,"Tallahassee, FL",msa,FL,2017,178714.0,12
395146,"Tallahassee, FL",msa,FL,2018,187778.0,12
395146,"Tallahassee, FL",msa,FL,2019,200208.0,12
395146,"Tallahassee, FL",msa,FL,2020,218318.0,12
395146,"Tallahassee, FL",msa,FL,2021,245233.0,12
395146,"Tallahassee, FL",msa,FL,2022,268537.0,12
395146,"Tallahassee, FL",msa,FL,2023,282991.0,12
395146,"Tallahassee, FL",msa,FL,2024,285373.0,12
395146,"Tallahassee, FL",msa,FL,2025,282253.0,12
395146,"Tallahassee, FL",msa,FL,2026,285739.0,7
395148,"Tampa, FL",msa,FL,2000,110453.0,12
395148,"Tampa, FL",msa,FL,2001,120421.0,12
395148,"Tampa, FL",msa,FL,2002,132622.0,12
395148,"Tampa, FL",msa,FL,2003,148349.0,12
395148,"Tampa, FL",msa,FL,2004,172144.0,12
395148,"Tampa, FL",msa,FL,2005,215339.0,12
395148,"Tampa, FL",msa,FL,2006,236325.0,12
395148,"Tampa, FL",msa,FL,2007,211503.0,12
395148,"Tampa, FL",msa,FL,2008,170268.0,12
395148,"Tampa, FL",msa,FL,2009,143973.0,12
395148,"Tampa, FL",msa,FL,2010,134284.0,12
395148,"Tampa, FL",msa,FL,2011,120335.0,12
395148,"Tampa, FL",msa,FL,2012,126630.0,12
395148,"Tampa, FL",msa,FL,2013,146571.0,12
395148,"Tampa, FL",msa,FL,2014,158730.0,12
395148,"Tampa, FL",msa,FL,2015,174640.0,12
395148,"Tampa, FL",msa,FL,2016,192890.0,12
395148,"Tampa, FL",msa,FL,2017,211143.0,12
395148,"Tampa, FL",msa,FL,2018,226269.0,12
395148,"Tampa, FL",msa,FL,2019,238099.0,12
395148,"Tampa, FL",msa,FL,2020,263003.0,12
395148,"Tampa, FL",msa,FL,2021,328177.0,12
395148,"Tampa, FL",msa,FL,2022,386840.0,12
395148,"Tampa, FL",msa,FL,2023,390645.0,12
395148,"Tampa, FL",msa,FL,2024,384844.0,12
395148,"Tampa, FL",msa,FL,2025,363138.0,12
395148,"Tampa, FL",msa,FL,2026,361634.0,7
395149,"Taos, NM",msa,NM,2012,276371.0,12
395149,"Taos, NM",msa,NM,2013,303850.0,12
395149,"Taos, NM",msa,NM,2014,291438.0,12
395149,"Taos, NM",msa,NM,2015,321811.0,12
395149,"Taos, NM",msa,NM,2016,334893.0,12
395149,"Taos, NM",msa,NM,2017,337025.0,12
395149,"Taos, NM",msa,NM,2018,356161.0,12
395149,"Taos, NM",msa,NM,2019,367388.0,12
395149,"Taos, NM",msa,NM,2020,415356.0,12
395149,"Taos, NM",msa,NM,2021,480332.0,12
395149,"Taos, NM",msa,NM,2022,498702.0,12
395149,"Taos, NM",msa,NM,2023,470676.0,12
395149,"Taos, NM",msa,NM,2024,451692.0,12
395149,"Taos, NM",msa,NM,2025,435204.0,12
395149,"Taos, NM",msa,NM,2026,437243.0,7
395150,"Taylorville, IL",msa,IL,2009,85528.0,12
395150,"Taylorville, IL",msa,IL,2010,86778.0,12
395150,"Taylorville, IL",msa,IL,2011,85015.0,12
395150,"Taylorville, IL",msa,IL,2012,85098.0,12
395150,"Taylorville, IL",msa,IL,2013,86270.0,12
395150,"Taylorville, IL",msa,IL,2014,85517.0,12
395150,"Taylorville, IL",msa,IL,2015,87154.0,12
395150,"Taylorville, IL",msa,IL,2016,87099.0,12
395150,"Taylorville, IL",msa,IL,2017,90568.0,12
395150,"Taylorville, IL",msa,IL,2018,90840.0,12
395150,"Taylorville, IL",msa,IL,2019,95754.0,12
395150,"Taylorville, IL",msa,IL,2020,100813.0,12
395150,"Taylorville, IL",msa,IL,2021,101904.0,12
395150,"Taylorville, IL",msa,IL,2022,107245.0,12
395150,"Taylorville, IL",msa,IL,2023,112711.0,12
395150,"Taylorville, IL",msa,IL,2024,121951.0,12
395150,"Taylorville, IL",msa,IL,2025,133251.0,12
395150,"Taylorville, IL",msa,IL,2026,136687.0,7
395151,"Terre Haute, IN",msa,IN,2009,89186.0,12
395151,"Terre Haute, IN",msa,IN,2010,88840.0,12
395151,"Terre Haute, IN",msa,IN,2011,87916.0,12
395151,"Terre Haute, IN",msa,IN,2012,89038.0,12
395151,"Terre Haute, IN",msa,IN,2013,89296.0,12
395151,"Terre Haute, IN",msa,IN,2014,89415.0,12
395151,"Terre Haute, IN",msa,IN,2015,88656.0,12
395151,"Terre Haute, IN",msa,IN,2016,92111.0,12
395151,"Terre Haute, IN",msa,IN,2017,95203.0,12
395151,"Terre Haute, IN",msa,IN,2018,102374.0,12
395151,"Terre Haute, IN",msa,IN,2019,108786.0,12
395151,"Terre Haute, IN",msa,IN,2020,120215.0,12
395151,"Terre Haute, IN",msa,IN,2021,133655.0,12
395151,"Terre Haute, IN",msa,IN,2022,144467.0,12
395151,"Terre Haute, IN",msa,IN,2023,152153.0,12
395151,"Terre Haute, IN",msa,IN,2024,163291.0,12
395151,"Terre Haute, IN",msa,IN,2025,167089.0,12
395151,"Terre Haute, IN",msa,IN,2026,169353.0,7
395152,"Texarkana, TX",msa,TX,2000,91007.0,12
395152,"Texarkana, TX",msa,TX,2001,94843.0,12
395152,"Texarkana, TX",msa,TX,2002,98204.0,12
395152,"Texarkana, TX",msa,TX,2003,102163.0,12
395152,"Texarkana, TX",msa,TX,2004,109041.0,12
395152,"Texarkana, TX",msa,TX,2005,109916.0,12
395152,"Texarkana, TX",msa,TX,2006,114651.0,12
395152,"Texarkana, TX",msa,TX,2007,118033.0,12
395152,"Texarkana, TX",msa,TX,2008,116412.0,12
395152,"Texarkana, TX",msa,TX,2009,113803.0,12
395152,"Texarkana, TX",msa,TX,2010,113671.0,12
395152,"Texarkana, TX",msa,TX,2011,114906.0,12
395152,"Texarkana, TX",msa,TX,2012,116708.0,12
395152,"Texarkana, TX",msa,TX,2013,120606.0,12
395152,"Texarkana, TX",msa,TX,2014,124743.0,12
395152,"Texarkana, TX",msa,TX,2015,129585.0,12
395152,"Texarkana, TX",msa,TX,2016,132204.0,12
395152,"Texarkana, TX",msa,TX,2017,135057.0,12
395152,"Texarkana, TX",msa,TX,2018,142185.0,12
395152,"Texarkana, TX",msa,TX,2019,149399.0,12
395152,"Texarkana, TX",msa,TX,2020,162460.0,12
395152,"Texarkana, TX",msa,TX,2021,185698.0,12
395152,"Texarkana, TX",msa,TX,2022,191539.0,12
395152,"Texarkana, TX",msa,TX,2023,190730.0,12
395152,"Texarkana, TX",msa,TX,2024,187645.0,12
395152,"Texarkana, TX",msa,TX,2025,181444.0,12
395152,"Texarkana, TX",msa,TX,2026,184784.0,7
753923,"The Dalles, OR",msa,OR,2009,183745.0,12
753923,"The Dalles, OR",msa,OR,2010,167810.0,12
753923,"The Dalles, OR",msa,OR,2011,158842.0,12
753923,"The Dalles, OR",msa,OR,2012,156178.0,12
753923,"The Dalles, OR",msa,OR,2013,163600.0,12
753923,"The Dalles, OR",msa,OR,2014,170023.0,12
753923,"The Dalles, OR",msa,OR,2015,183513.0,12
753923,"The Dalles, OR",msa,OR,2016,199558.0,12
753923,"The Dalles, OR",msa,OR,2017,224451.0,12
753923,"The Dalles, OR",msa,OR,2018,250672.0,12
753923,"The Dalles, OR",msa,OR,2019,272899.0,12
753923,"The Dalles, OR",msa,OR,2020,310053.0,12
753923,"The Dalles, OR",msa,OR,2021,365198.0,12
753923,"The Dalles, OR",msa,OR,2022,385123.0,12
753923,"The Dalles, OR",msa,OR,2023,385552.0,12
753923,"The Dalles, OR",msa,OR,2024,394158.0,12
753923,"The Dalles, OR",msa,OR,2025,400589.0,12
753923,"The Dalles, OR",msa,OR,2026,403913.0,7
395153,"The Villages, FL",msa,FL,2000,134571.0,12
395153,"The Villages, FL",msa,FL,2001,143537.0,12
395153,"The Villages, FL",msa,FL,2002,154325.0,12
395153,"The Villages, FL",msa,FL,2003,166482.0,12
395153,"The Villages, FL",msa,FL,2004,186846.0,12
395153,"The Villages, FL",msa,FL,2005,210041.0,12
395153,"The Villages, FL",msa,FL,2006,244422.0,12
395153,"The Villages, FL",msa,FL,2007,235890.0,12
395153,"The Villages, FL",msa,FL,2008,216225.0,12
395153,"The Villages, FL",msa,FL,2009,197016.0,12
395153,"The Villages, FL",msa,FL,2010,204055.0,12
395153,"The Villages, FL",msa,FL,2011,192496.0,12
395153,"The Villages, FL",msa,FL,2012,197525.0,12
395153,"The Villages, FL",msa,FL,2013,217451.0,12
395153,"The Villages, FL",msa,FL,2014,247225.0,12
395153,"The Villages, FL",msa,FL,2015,253339.0,12
395153,"The Villages, FL",msa,FL,2016,249923.0,12
395153,"The Villages, FL",msa,FL,2017,256048.0,12
395153,"The Villages, FL",msa,FL,2018,272676.0,12
395153,"The Villages, FL",msa,FL,2019,287424.0,12
395153,"The Villages, FL",msa,FL,2020,300293.0,12
395153,"The Villages, FL",msa,FL,2021,352039.0,12
395153,"The Villages, FL",msa,FL,2022,414815.0,12
395153,"The Villages, FL",msa,FL,2023,399845.0,12
395153,"The Villages, FL",msa,FL,2024,397175.0,12
395153,"The Villages, FL",msa,FL,2025,390801.0,12
395153,"The Villages, FL",msa,FL,2026,387864.0,7
395154,"Thomaston, GA",msa,GA,2000,59635.0,12
395154,"Thomaston, GA",msa,GA,2001,64141.0,12
395154,"Thomaston, GA",msa,GA,2002,65972.0,12
395154,"Thomaston, GA",msa,GA,2003,68119.0,12
395154,"Thomaston, GA",msa,GA,2004,69940.0,12
395154,"Thomaston, GA",msa,GA,2005,72020.0,12
395154,"Thomaston, GA",msa,GA,2006,75002.0,12
395154,"Thomaston, GA",msa,GA,2007,76263.0,12
395154,"Thomaston, GA",msa,GA,2008,73865.0,12
395154,"Thomaston, GA",msa,GA,2009,68206.0,12
395154,"Thomaston, GA",msa,GA,2010,64505.0,12
395154,"Thomaston, GA",msa,GA,2011,59368.0,12
395154,"Thomaston, GA",msa,GA,2012,61573.0,12
395154,"Thomaston, GA",msa,GA,2013,64467.0,12
395154,"Thomaston, GA",msa,GA,2014,66336.0,12
395154,"Thomaston, GA",msa,GA,2015,70254.0,12
395154,"Thomaston, GA",msa,GA,2016,71552.0,12
395154,"Thomaston, GA",msa,GA,2017,74629.0,12
395154,"Thomaston, GA",msa,GA,2018,82080.0,12
395154,"Thomaston, GA",msa,GA,2019,94022.0,12
395154,"Thomaston, GA",msa,GA,2020,110938.0,12
395154,"Thomaston, GA",msa,GA,2021,132727.0,12
395154,"Thomaston, GA",msa,GA,2022,158358.0,12
395154,"Thomaston, GA",msa,GA,2023,168802.0,12
395154,"Thomaston, GA",msa,GA,2024,177699.0,12
395154,"Thomaston, GA",msa,GA,2025,184578.0,12
395154,"Thomaston, GA",msa,GA,2026,187212.0,7
395155,"Thomasville, GA",msa,GA,2000,99264.0,12
395155,"Thomasville, GA",msa,GA,2001,104965.0,12
395155,"Thomasville, GA",msa,GA,2002,110962.0,12
395155,"Thomasville, GA",msa,GA,2003,115325.0,12
395155,"Thomasville, GA",msa,GA,2004,119364.0,12
395155,"Thomasville, GA",msa,GA,2005,124369.0,12
395155,"Thomasville, GA",msa,GA,2006,132440.0,12
395155,"Thomasville, GA",msa,GA,2007,135720.0,12
395155,"Thomasville, GA",msa,GA,2008,132728.0,12
395155,"Thomasville, GA",msa,GA,2009,123344.0,12
395155,"Thomasville, GA",msa,GA,2010,115300.0,12
395155,"Thomasville, GA",msa,GA,2011,108508.0,12
395155,"Thomasville, GA",msa,GA,2012,108375.0,12
395155,"Thomasville, GA",msa,GA,2013,115061.0,12
395155,"Thomasville, GA",msa,GA,2014,118093.0,12
395155,"Thomasville, GA",msa,GA,2015,124214.0,12
395155,"Thomasville, GA",msa,GA,2016,123986.0,12
395155,"Thomasville, GA",msa,GA,2017,130909.0,12
395155,"Thomasville, GA",msa,GA,2018,139992.0,12
395155,"Thomasville, GA",msa,GA,2019,147269.0,12
395155,"Thomasville, GA",msa,GA,2020,158437.0,12
395155,"Thomasville, GA",msa,GA,2021,185442.0,12
395155,"Thomasville, GA",msa,GA,2022,202970.0,12
395155,"Thomasville, GA",msa,GA,2023,211107.0,12
395155,"Thomasville, GA",msa,GA,2024,219242.0,12
395155,"Thomasville, GA",msa,GA,2025,222296.0,12
395155,"Thomasville, GA",msa,GA,2026,228185.0,7
395157,"Tiffin, OH",msa,OH,2000,81980.0,12
395157,"Tiffin, OH",msa,OH,2001,85619.0,12
395157,"Tiffin, OH",msa,OH,2002,88061.0,12
395157,"Tiffin, OH",msa,OH,2003,91027.0,12
395157,"Tiffin, OH",msa,OH,2004,94459.0,12
395157,"Tiffin, OH",msa,OH,2005,97346.0,12
395157,"Tiffin, OH",msa,OH,2006,97532.0,12
395157,"Tiffin, OH",msa,OH,2007,96291.0,12
395157,"Tiffin, OH",msa,OH,2008,94488.0,12
395157,"Tiffin, OH",msa,OH,2009,90957.0,12
395157,"Tiffin, OH",msa,OH,2010,89805.0,12
395157,"Tiffin, OH",msa,OH,2011,87752.0,12
395157,"Tiffin, OH",msa,OH,2012,88901.0,12
395157,"Tiffin, OH",msa,OH,2013,91201.0,12
395157,"Tiffin, OH",msa,OH,2014,92762.0,12
395157,"Tiffin, OH",msa,OH,2015,101242.0,12
395157,"Tiffin, OH",msa,OH,2016,102410.0,12
395157,"Tiffin, OH",msa,OH,2017,108573.0,12
395157,"Tiffin, OH",msa,OH,2018,112788.0,12
395157,"Tiffin, OH",msa,OH,2019,115456.0,12
395157,"Tiffin, OH",msa,OH,2020,131525.0,12
395157,"Tiffin, OH",msa,OH,2021,145844.0,12
395157,"Tiffin, OH",msa,OH,2022,155230.0,12
395157,"Tiffin, OH",msa,OH,2023,161558.0,12
395157,"Tiffin, OH",msa,OH,2024,168944.0,12
395157,"Tiffin, OH",msa,OH,2025,174616.0,12
395157,"Tiffin, OH",msa,OH,2026,180533.0,7
395158,"Tifton, GA",msa,GA,2000,115947.0,12
395158,"Tifton, GA",msa,GA,2001,121097.0,12
395158,"Tifton, GA",msa,GA,2002,125662.0,12
395158,"Tifton, GA",msa,GA,2003,129402.0,12
395158,"Tifton, GA",msa,GA,2004,137424.0,12
395158,"Tifton, GA",msa,GA,2005,143113.0,12
395158,"Tifton, GA",msa,GA,2006,149105.0,12
395158,"Tifton, GA",msa,GA,2007,151462.0,12
395158,"Tifton, GA",msa,GA,2008,147166.0,12
395158,"Tifton, GA",msa,GA,2009,136501.0,12
395158,"Tifton, GA",msa,GA,2010,129766.0,12
395158,"Tifton, GA",msa,GA,2011,122604.0,12
395158,"Tifton, GA",msa,GA,2012,123339.0,12
395158,"Tifton, GA",msa,GA,2013,127055.0,12
395158,"Tifton, GA",msa,GA,2014,127210.0,12
395158,"Tifton, GA",msa,GA,2015,130606.0,12
395158,"Tifton, GA",msa,GA,2016,133108.0,12
395158,"Tifton, GA",msa,GA,2017,135025.0,12
395158,"Tifton, GA",msa,GA,2018,143323.0,12
395158,"Tifton, GA",msa,GA,2019,152182.0,12
395158,"Tifton, GA",msa,GA,2020,165156.0,12
395158,"Tifton, GA",msa,GA,2021,182245.0,12
395158,"Tifton, GA",msa,GA,2022,197793.0,12
395158,"Tifton, GA",msa,GA,2023,204901.0,12
395158,"Tifton, GA",msa,GA,2024,207026.0,12
395158,"Tifton, GA",msa,GA,2025,204098.0,12
395158,"Tifton, GA",msa,GA,2026,210116.0,7
395159,"Toccoa, GA",msa,GA,2000,74749.0,12
395159,"Toccoa, GA",msa,GA,2001,79680.0,12
395159,"Toccoa, GA",msa,GA,2002,83766.0,12
395159,"Toccoa, GA",msa,GA,2003,86238.0,12
395159,"Toccoa, GA",msa,GA,2004,90132.0,12
395159,"Toccoa, GA",msa,GA,2005,93623.0,12
395159,"Toccoa, GA",msa,GA,2006,97382.0,12
395159,"Toccoa, GA",msa,GA,2007,98569.0,12
395159,"Toccoa, GA",msa,GA,2008,95212.0,12
395159,"Toccoa, GA",msa,GA,2009,88749.0,12
395159,"Toccoa, GA",msa,GA,2010,83798.0,12
395159,"Toccoa, GA",msa,GA,2011,77405.0,12
395159,"Toccoa, GA",msa,GA,2012,80625.0,12
395159,"Toccoa, GA",msa,GA,2013,86094.0,12
395159,"Toccoa, GA",msa,GA,2014,88429.0,12
395159,"Toccoa, GA",msa,GA,2015,90815.0,12
395159,"Toccoa, GA",msa,GA,2016,95419.0,12
395159,"Toccoa, GA",msa,GA,2017,103814.0,12
395159,"Toccoa, GA",msa,GA,2018,119411.0,12
395159,"Toccoa, GA",msa,GA,2019,129745.0,12
395159,"Toccoa, GA",msa,GA,2020,151976.0,12
395159,"Toccoa, GA",msa,GA,2021,182795.0,12
395159,"Toccoa, GA",msa,GA,2022,209090.0,12
395159,"Toccoa, GA",msa,GA,2023,223750.0,12
395159,"Toccoa, GA",msa,GA,2024,236212.0,12
395159,"Toccoa, GA",msa,GA,2025,234129.0,12
395159,"Toccoa, GA",msa,GA,2026,237578.0,7
395160,"Toledo, OH",msa,OH,2000,92726.0,12
395160,"Toledo, OH",msa,OH,2001,98664.0,12
395160,"Toledo, OH",msa,OH,2002,102861.0,12
395160,"Toledo, OH",msa,OH,2003,107054.0,12
395160,"Toledo, OH",msa,OH,2004,111508.0,12
395160,"Toledo, OH",msa,OH,2005,114843.0,12
395160,"Toledo, OH",msa,OH,2006,115531.0,12
395160,"Toledo, OH",msa,OH,2007,111631.0,12
395160,"Toledo, OH",msa,OH,2008,107032.0,12
395160,"Toledo, OH",msa,OH,2009,101109.0,12
395160,"Toledo, OH",msa,OH,2010,98625.0,12
395160,"Toledo, OH",msa,OH,2011,93436.0,12
395160,"Toledo, OH",msa,OH,2012,93828.0,12
395160,"Toledo, OH",msa,OH,2013,98876.0,12
395160,"Toledo, OH",msa,OH,2014,102125.0,12
395160,"Toledo, OH",msa,OH,2015,110051.0,12
395160,"Toledo, OH",msa,OH,2016,114867.0,12
395160,"Toledo, OH",msa,OH,2017,121614.0,12
395160,"Toledo, OH",msa,OH,2018,128163.0,12
395160,"Toledo, OH",msa,OH,2019,135054.0,12
395160,"Toledo, OH",msa,OH,2020,150054.0,12
395160,"Toledo, OH",msa,OH,2021,160541.0,12
395160,"Toledo, OH",msa,OH,2022,173880.0,12
395160,"Toledo, OH",msa,OH,2023,185975.0,12
395160,"Toledo, OH",msa,OH,2024,195922.0,12
395160,"Toledo, OH",msa,OH,2025,201983.0,12
395160,"Toledo, OH",msa,OH,2026,205580.0,7
395161,"Topeka, KS",msa,KS,2000,85750.0,12
395161,"Topeka, KS",msa,KS,2001,89780.0,12
395161,"Topeka, KS",msa,KS,2002,93075.0,12
395161,"Topeka, KS",msa,KS,2003,96581.0,12
395161,"Topeka, KS",msa,KS,2004,100864.0,12
395161,"Topeka, KS",msa,KS,2005,106227.0,12
395161,"Topeka, KS",msa,KS,2006,109694.0,12
395161,"Topeka, KS",msa,KS,2007,113472.0,12
395161,"Topeka, KS",msa,KS,2008,112730.0,12
395161,"Topeka, KS",msa,KS,2009,112828.0,12
395161,"Topeka, KS",msa,KS,2010,110458.0,12
395161,"Topeka, KS",msa,KS,2011,107776.0,12
395161,"Topeka, KS",msa,KS,2012,108769.0,12
395161,"Topeka, KS",msa,KS,2013,110366.0,12
395161,"Topeka, KS",msa,KS,2014,111361.0,12
395161,"Topeka, KS",msa,KS,2015,114533.0,12
395161,"Topeka, KS",msa,KS,2016,116494.0,12
395161,"Topeka, KS",msa,KS,2017,121534.0,12
395161,"Topeka, KS",msa,KS,2018,128500.0,12
395161,"Topeka, KS",msa,KS,2019,136810.0,12
395161,"Topeka, KS",msa,KS,2020,151844.0,12
395161,"Topeka, KS",msa,KS,2021,171412.0,12
395161,"Topeka, KS",msa,KS,2022,189425.0,12
395161,"Topeka, KS",msa,KS,2023,200843.0,12
395161,"Topeka, KS",msa,KS,2024,215139.0,12
395161,"Topeka, KS",msa,KS,2025,218522.0,12
395161,"Topeka, KS",msa,KS,2026,220299.0,7
395162,"Torrington, CT",msa,CT,2000,163330.0,12
395162,"Torrington, CT",msa,CT,2001,180937.0,12
395162,"Torrington, CT",msa,CT,2002,199427.0,12
395162,"Torrington, CT",msa,CT,2003,228442.0,12
395162,"Torrington, CT",msa,CT,2004,251574.0,12
395162,"Torrington, CT",msa,CT,2005,280452.0,12
395162,"Torrington, CT",msa,CT,2006,290405.0,12
395162,"Torrington, CT",msa,CT,2007,284709.0,12
395162,"Torrington, CT",msa,CT,2008,272197.0,12
395162,"Torrington, CT",msa,CT,2009,255236.0,12
395162,"Torrington, CT",msa,CT,2010,243595.0,12
395162,"Torrington, CT",msa,CT,2011,231376.0,12
395162,"Torrington, CT",msa,CT,2012,219036.0,12
395162,"Torrington, CT",msa,CT,2013,223202.0,12
395162,"Torrington, CT",msa,CT,2014,224412.0,12
395162,"Torrington, CT",msa,CT,2015,228171.0,12
395162,"Torrington, CT",msa,CT,2016,231617.0,12
395162,"Torrington, CT",msa,CT,2017,239233.0,12
395162,"Torrington, CT",msa,CT,2018,240374.0,12
395162,"Torrington, CT",msa,CT,2019,244134.0,12
395162,"Torrington, CT",msa,CT,2020,274577.0,12
395162,"Torrington, CT",msa,CT,2021,313142.0,12
395162,"Torrington, CT",msa,CT,2022,350362.0,12
395162,"Torrington, CT",msa,CT,2023,385674.0,12
395162,"Torrington, CT",msa,CT,2024,409327.0,12
395162,"Torrington, CT",msa,CT,2025,422941.0,12
395162,"Torrington, CT",msa,CT,2026,430768.0,7
395163,"Traverse City, MI",msa,MI,2000,135218.0,12
395163,"Traverse City, MI",msa,MI,2001,142359.0,12
395163,"Traverse City, MI",msa,MI,2002,149744.0,12
395163,"Traverse City, MI",msa,MI,2003,159558.0,12
395163,"Traverse City, MI",msa,MI,2004,168268.0,12
395163,"Traverse City, MI",msa,MI,2005,175172.0,12
395163,"Traverse City, MI",msa,MI,2006,178624.0,12
395163,"Traverse City, MI",msa,MI,2007,172940.0,12
395163,"Traverse City, MI",msa,MI,2008,167281.0,12
395163,"Traverse City, MI",msa,MI,2009,149393.0,12
395163,"Traverse City, MI",msa,MI,2010,157129.0,12
395163,"Traverse City, MI",msa,MI,2011,152296.0,12
395163,"Traverse City, MI",msa,MI,2012,169212.0,12
395163,"Traverse City, MI",msa,MI,2013,182937.0,12
395163,"Traverse City, MI",msa,MI,2014,196306.0,12
395163,"Traverse City, MI",msa,MI,2015,206723.0,12
395163,"Traverse City, MI",msa,MI,2016,214808.0,12
395163,"Traverse City, MI",msa,MI,2017,230718.0,12
395163,"Traverse City, MI",msa,MI,2018,244538.0,12
395163,"Traverse City, MI",msa,MI,2019,255027.0,12
395163,"Traverse City, MI",msa,MI,2020,281628.0,12
395163,"Traverse City, MI",msa,MI,2021,338494.0,12
395163,"Traverse City, MI",msa,MI,2022,373486.0,12
395163,"Traverse City, MI",msa,MI,2023,396021.0,12
395163,"Traverse City, MI",msa,MI,2024,414795.0,12
395163,"Traverse City, MI",msa,MI,2025,417985.0,12
395163,"Traverse City, MI",msa,MI,2026,425177.0,7
395164,"Trenton, NJ",msa,NJ,2000,164504.0,12
395164,"Trenton, NJ",msa,NJ,2001,184602.0,12
395164,"Trenton, NJ",msa,NJ,2002,210490.0,12
395164,"Trenton, NJ",msa,NJ,2003,239754.0,12
395164,"Trenton, NJ",msa,NJ,2004,275344.0,12
395164,"Trenton, NJ",msa,NJ,2005,312768.0,12
395164,"Trenton, NJ",msa,NJ,2006,327782.0,12
395164,"Trenton, NJ",msa,NJ,2007,314153.0,12
395164,"Trenton, NJ",msa,NJ,2008,288212.0,12
395164,"Trenton, NJ",msa,NJ,2009,269293.0,12
395164,"Trenton, NJ",msa,NJ,2010,263071.0,12
395164,"Trenton, NJ",msa,NJ,2011,238664.0,12
395164,"Trenton, NJ",msa,NJ,2012,227263.0,12
395164,"Trenton, NJ",msa,NJ,2013,237199.0,12
395164,"Trenton, NJ",msa,NJ,2014,244535.0,12
395164,"Trenton, NJ",msa,NJ,2015,250024.0,12
395164,"Trenton, NJ",msa,NJ,2016,256392.0,12
395164,"Trenton, NJ",msa,NJ,2017,263360.0,12
395164,"Trenton, NJ",msa,NJ,2018,271043.0,12
395164,"Trenton, NJ",msa,NJ,2019,281975.0,12
395164,"Trenton, NJ",msa,NJ,2020,304094.0,12
395164,"Trenton, NJ",msa,NJ,2021,344976.0,12
395164,"Trenton, NJ",msa,NJ,2022,374191.0,12
395164,"Trenton, NJ",msa,NJ,2023,414916.0,12
395164,"Trenton, NJ",msa,NJ,2024,446065.0,12
395164,"Trenton, NJ",msa,NJ,2025,448817.0,12
395164,"Trenton, NJ",msa,NJ,2026,450991.0,7
395165,"Troy, AL",msa,AL,2016,140976.0,12
395165,"Troy, AL",msa,AL,2017,141745.0,12
395165,"Troy, AL",msa,AL,2018,137235.0,12
395165,"Troy, AL",msa,AL,2019,148004.0,12
395165,"Troy, AL",msa,AL,2020,152863.0,12
395165,"Troy, AL",msa,AL,2021,170351.0,12
395165,"Troy, AL",msa,AL,2022,178239.0,12
395165,"Troy, AL",msa,AL,2023,176800.0,12
395165,"Troy, AL",msa,AL,2024,179762.0,12
395165,"Troy, AL",msa,AL,2025,170112.0,12
395165,"Troy, AL",msa,AL,2026,169467.0,7
395166,"Truckee, CA",msa,CA,2001,242633.0,12
395166,"Truckee, CA",msa,CA,2002,269687.0,12
395166,"Truckee, CA",msa,CA,2003,301210.0,12
395166,"Truckee, CA",msa,CA,2004,359698.0,12
395166,"Truckee, CA",msa,CA,2005,427931.0,12
395166,"Truckee, CA",msa,CA,2006,437461.0,12
395166,"Truckee, CA",msa,CA,2007,413822.0,12
395166,"Truckee, CA",msa,CA,2008,352920.0,12
395166,"Truckee, CA",msa,CA,2009,317801.0,12
395166,"Truckee, CA",msa,CA,2010,321340.0,12
395166,"Truckee, CA",msa,CA,2011,281426.0,12
395166,"Truckee, CA",msa,CA,2012,289445.0,12
395166,"Truckee, CA",msa,CA,2013,342802.0,12
395166,"Truckee, CA",msa,CA,2014,370031.0,12
395166,"Truckee, CA",msa,CA,2015,396335.0,12
395166,"Truckee, CA",msa,CA,2016,423376.0,12
395166,"Truckee, CA",msa,CA,2017,459240.0,12
395166,"Truckee, CA",msa,CA,2018,485929.0,12
395166,"Truckee, CA",msa,CA,2019,486309.0,12
395166,"Truckee, CA",msa,CA,2020,536189.0,12
395166,"Truckee, CA",msa,CA,2021,636246.0,12
395166,"Truckee, CA",msa,CA,2022,641039.0,12
395166,"Truckee, CA",msa,CA,2023,624793.0,12
395166,"Truckee, CA",msa,CA,2024,630709.0,12
395166,"Truckee, CA",msa,CA,2025,619642.0,12
395166,"Truckee, CA",msa,CA,2026,622956.0,7
395167,"Tucson, AZ",msa,AZ,2000,127966.0,12
395167,"Tucson, AZ",msa,AZ,2001,135183.0,12
395167,"Tucson, AZ",msa,AZ,2002,144296.0,12
395167,"Tucson, AZ",msa,AZ,2003,155619.0,12
395167,"Tucson, AZ",msa,AZ,2004,175683.0,12
395167,"Tucson, AZ",msa,AZ,2005,230852.0,12
395167,"Tucson, AZ",msa,AZ,2006,240817.0,12
395167,"Tucson, AZ",msa,AZ,2007,229161.0,12
395167,"Tucson, AZ",msa,AZ,2008,196790.0,12
395167,"Tucson, AZ",msa,AZ,2009,176221.0,12
395167,"Tucson, AZ",msa,AZ,2010,160653.0,12
395167,"Tucson, AZ",msa,AZ,2011,139501.0,12
395167,"Tucson, AZ",msa,AZ,2012,156240.0,12
395167,"Tucson, AZ",msa,AZ,2013,170775.0,12
395167,"Tucson, AZ",msa,AZ,2014,176025.0,12
395167,"Tucson, AZ",msa,AZ,2015,181912.0,12
395167,"Tucson, AZ",msa,AZ,2016,190114.0,12
395167,"Tucson, AZ",msa,AZ,2017,204894.0,12
395167,"Tucson, AZ",msa,AZ,2018,218413.0,12
395167,"Tucson, AZ",msa,AZ,2019,234429.0,12
395167,"Tucson, AZ",msa,AZ,2020,262349.0,12
395167,"Tucson, AZ",msa,AZ,2021,322073.0,12
395167,"Tucson, AZ",msa,AZ,2022,349452.0,12
395167,"Tucson, AZ",msa,AZ,2023,353281.0,12
395167,"Tucson, AZ",msa,AZ,2024,354646.0,12
395167,"Tucson, AZ",msa,AZ,2025,344073.0,12
395167,"Tucson, AZ",msa,AZ,2026,340855.0,7
395168,"Tullahoma, TN",msa,TN,2000,95859.0,12
395168,"Tullahoma, TN",msa,TN,2001,99731.0,12
395168,"Tullahoma, TN",msa,TN,2002,101327.0,12
395168,"Tullahoma, TN",msa,TN,2003,103931.0,12
395168,"Tullahoma, TN",msa,TN,2004,108227.0,12
395168,"Tullahoma, TN",msa,TN,2005,112656.0,12
395168,"Tullahoma, TN",msa,TN,2006,122494.0,12
395168,"Tullahoma, TN",msa,TN,2007,128145.0,12
395168,"Tullahoma, TN",msa,TN,2008,127429.0,12
395168,"Tullahoma, TN",msa,TN,2009,122487.0,12
395168,"Tullahoma, TN",msa,TN,2010,120707.0,12
395168,"Tullahoma, TN",msa,TN,2011,119291.0,12
395168,"Tullahoma, TN",msa,TN,2012,120611.0,12
395168,"Tullahoma, TN",msa,TN,2013,122241.0,12
395168,"Tullahoma, TN",msa,TN,2014,126830.0,12
395168,"Tullahoma, TN",msa,TN,2015,138057.0,12
395168,"Tullahoma, TN",msa,TN,2016,147927.0,12
395168,"Tullahoma, TN",msa,TN,2017,158247.0,12
395168,"Tullahoma, TN",msa,TN,2018,167575.0,12
395168,"Tullahoma, TN",msa,TN,2019,187325.0,12
395168,"Tullahoma, TN",msa,TN,2020,207300.0,12
395168,"Tullahoma, TN",msa,TN,2021,255375.0,12
395168,"Tullahoma, TN",msa,TN,2022,280691.0,12
395168,"Tullahoma, TN",msa,TN,2023,293576.0,12
395168,"Tullahoma, TN",msa,TN,2024,304737.0,12
395168,"Tullahoma, TN",msa,TN,2025,313516.0,12
395168,"Tullahoma, TN",msa,TN,2026,318134.0,7
395169,"Tulsa, OK",msa,OK,2000,107890.0,12
395169,"Tulsa, OK",msa,OK,2001,112971.0,12
395169,"Tulsa, OK",msa,OK,2002,116270.0,12
395169,"Tulsa, OK",msa,OK,2003,118953.0,12
395169,"Tulsa, OK",msa,OK,2004,121549.0,12
395169,"Tulsa, OK",msa,OK,2005,125107.0,12
395169,"Tulsa, OK",msa,OK,2006,129327.0,12
395169,"Tulsa, OK",msa,OK,2007,131653.0,12
395169,"Tulsa, OK",msa,OK,2008,131502.0,12
395169,"Tulsa, OK",msa,OK,2009,131471.0,12
395169,"Tulsa, OK",msa,OK,2010,129878.0,12
395169,"Tulsa, OK",msa,OK,2011,125553.0,12
395169,"Tulsa, OK",msa,OK,2012,126701.0,12
395169,"Tulsa, OK",msa,OK,2013,129942.0,12
395169,"Tulsa, OK",msa,OK,2014,134498.0,12
395169,"Tulsa, OK",msa,OK,2015,136968.0,12
395169,"Tulsa, OK",msa,OK,2016,145400.0,12
395169,"Tulsa, OK",msa,OK,2017,148045.0,12
395169,"Tulsa, OK",msa,OK,2018,154968.0,12
395169,"Tulsa, OK",msa,OK,2019,162568.0,12
395169,"Tulsa, OK",msa,OK,2020,181171.0,12
395169,"Tulsa, OK",msa,OK,2021,207661.0,12
395169,"Tulsa, OK",msa,OK,2022,229025.0,12
395169,"Tulsa, OK",msa,OK,2023,236119.0,12
395169,"Tulsa, OK",msa,OK,2024,245017.0,12
395169,"Tulsa, OK",msa,OK,2025,250609.0,12
395169,"Tulsa, OK",msa,OK,2026,254207.0,7
395170,"Tupelo, MS",msa,MS,2012,112115.0,12
395170,"Tupelo, MS",msa,MS,2013,117959.0,12
395170,"Tupelo, MS",msa,MS,2014,124314.0,12
395170,"Tupelo, MS",msa,MS,2015,129982.0,12
395170,"Tupelo, MS",msa,MS,2016,136881.0,12
395170,"Tupelo, MS",msa,MS,2017,134009.0,12
395170,"Tupelo, MS",msa,MS,2018,134650.0,12
395170,"Tupelo, MS",msa,MS,2019,139467.0,12
395170,"Tupelo, MS",msa,MS,2020,147649.0,12
395170,"Tupelo, MS",msa,MS,2021,172233.0,12
395170,"Tupelo, MS",msa,MS,2022,172859.0,12
395170,"Tupelo, MS",msa,MS,2023,173677.0,12
395170,"Tupelo, MS",msa,MS,2024,180447.0,12
395170,"Tupelo, MS",msa,MS,2025,187689.0,12
395170,"Tupelo, MS",msa,MS,2026,197109.0,7
395171,"Tuscaloosa, AL",msa,AL,2000,108640.0,12
395171,"Tuscaloosa, AL",msa,AL,2001,113375.0,12
395171,"Tuscaloosa, AL",msa,AL,2002,116570.0,12
395171,"Tuscaloosa, AL",msa,AL,2003,121070.0,12
395171,"Tuscaloosa, AL",msa,AL,2004,126037.0,12
395171,"Tuscaloosa, AL",msa,AL,2005,133553.0,12
395171,"Tuscaloosa, AL",msa,AL,2006,141359.0,12
395171,"Tuscaloosa, AL",msa,AL,2007,145228.0,12
395171,"Tuscaloosa, AL",msa,AL,2008,142227.0,12
395171,"Tuscaloosa, AL",msa,AL,2009,139434.0,12
395171,"Tuscaloosa, AL",msa,AL,2010,134363.0,12
395171,"Tuscaloosa, AL",msa,AL,2011,130698.0,12
395171,"Tuscaloosa, AL",msa,AL,2012,136921.0,12
395171,"Tuscaloosa, AL",msa,AL,2013,137184.0,12
395171,"Tuscaloosa, AL",msa,AL,2014,141988.0,12
395171,"Tuscaloosa, AL",msa,AL,2015,149026.0,12
395171,"Tuscaloosa, AL",msa,AL,2016,147462.0,12
395171,"Tuscaloosa, AL",msa,AL,2017,149378.0,12
395171,"Tuscaloosa, AL",msa,AL,2018,156324.0,12
395171,"Tuscaloosa, AL",msa,AL,2019,167798.0,12
395171,"Tuscaloosa, AL",msa,AL,2020,181052.0,12
395171,"Tuscaloosa, AL",msa,AL,2021,199932.0,12
395171,"Tuscaloosa, AL",msa,AL,2022,215200.0,12
395171,"Tuscaloosa, AL",msa,AL,2023,220369.0,12
395171,"Tuscaloosa, AL",msa,AL,2024,224445.0,12
395171,"Tuscaloosa, AL",msa,AL,2025,222143.0,12
395171,"Tuscaloosa, AL",msa,AL,2026,223921.0,7
395173,"Twin Falls, ID",msa,ID,2005,142205.0,12
395173,"Twin Falls, ID",msa,ID,2006,157759.0,12
395173,"Twin Falls, ID",msa,ID,2007,162638.0,12
395173,"Twin Falls, ID",msa,ID,2008,159869.0,12
395173,"Twin Falls, ID",msa,ID,2009,143435.0,12
395173,"Twin Falls, ID",msa,ID,2010,132254.0,12
395173,"Twin Falls, ID",msa,ID,2011,126758.0,12
395173,"Twin Falls, ID",msa,ID,2012,136503.0,12
395173,"Twin Falls, ID",msa,ID,2013,146302.0,12
395173,"Twin Falls, ID",msa,ID,2014,153342.0,12
395173,"Twin Falls, ID",msa,ID,2015,162890.0,12
395173,"Twin Falls, ID",msa,ID,2016,176433.0,12
395173,"Twin Falls, ID",msa,ID,2017,190637.0,12
395173,"Twin Falls, ID",msa,ID,2018,208159.0,12
395173,"Twin Falls, ID",msa,ID,2019,229929.0,12
395173,"Twin Falls, ID",msa,ID,2020,265819.0,12
395173,"Twin Falls, ID",msa,ID,2021,351669.0,12
395173,"Twin Falls, ID",msa,ID,2022,372766.0,12
395173,"Twin Falls, ID",msa,ID,2023,365872.0,12
395173,"Twin Falls, ID",msa,ID,2024,375163.0,12
395173,"Twin Falls, ID",msa,ID,2025,384490.0,12
395173,"Twin Falls, ID",msa,ID,2026,388787.0,7
395174,"Tyler, TX",msa,TX,2009,135472.0,12
395174,"Tyler, TX",msa,TX,2010,132022.0,12
395174,"Tyler, TX",msa,TX,2011,129709.0,12
395174,"Tyler, TX",msa,TX,2012,129088.0,12
395174,"Tyler, TX",msa,TX,2013,134630.0,12
395174,"Tyler, TX",msa,TX,2014,144224.0,12
395174,"Tyler, TX",msa,TX,2015,150145.0,12
395174,"Tyler, TX",msa,TX,2016,158616.0,12
395174,"Tyler, TX",msa,TX,2017,167688.0,12
395174,"Tyler, TX",msa,TX,2018,175109.0,12
395174,"Tyler, TX",msa,TX,2019,182589.0,12
395174,"Tyler, TX",msa,TX,2020,199032.0,12
395174,"Tyler, TX",msa,TX,2021,231483.0,12
395174,"Tyler, TX",msa,TX,2022,259509.0,12
395174,"Tyler, TX",msa,TX,2023,271803.0,12
395174,"Tyler, TX",msa,TX,2024,273044.0,12
395174,"Tyler, TX",msa,TX,2025,270881.0,12
395174,"Tyler, TX",msa,TX,2026,271328.0,7
395175,"Ukiah, CA",msa,CA,2003,284785.0,12
395175,"Ukiah, CA",msa,CA,2004,351507.0,12
395175,"Ukiah, CA",msa,CA,2005,387999.0,12
395175,"Ukiah, CA",msa,CA,2006,420983.0,12
395175,"Ukiah, CA",msa,CA,2007,434557.0,12
395175,"Ukiah, CA",msa,CA,2008,345836.0,12
395175,"Ukiah, CA",msa,CA,2009,320899.0,12
395175,"Ukiah, CA",msa,CA,2010,311371.0,12
395175,"Ukiah, CA",msa,CA,2011,300400.0,12
395175,"Ukiah, CA",msa,CA,2012,301453.0,12
395175,"Ukiah, CA",msa,CA,2013,341458.0,12
395175,"Ukiah, CA",msa,CA,2014,371087.0,12
395175,"Ukiah, CA",msa,CA,2015,396326.0,12
395175,"Ukiah, CA",msa,CA,2016,423089.0,12
395175,"Ukiah, CA",msa,CA,2017,473173.0,12
395175,"Ukiah, CA",msa,CA,2018,482953.0,12
395175,"Ukiah, CA",msa,CA,2019,517239.0,12
395175,"Ukiah, CA",msa,CA,2020,558784.0,12
395175,"Ukiah, CA",msa,CA,2021,616558.0,12
395175,"Ukiah, CA",msa,CA,2022,567505.0,12
395175,"Ukiah, CA",msa,CA,2023,522351.0,12
395175,"Ukiah, CA",msa,CA,2024,514812.0,12
395175,"Ukiah, CA",msa,CA,2025,493154.0,12
395175,"Ukiah, CA",msa,CA,2026,492396.0,7
395176,"Union City, TN",msa,TN,2000,87708.0,12
395176,"Union City, TN",msa,TN,2001,90972.0,12
395176,"Union City, TN",msa,TN,2002,92998.0,12
395176,"Union City, TN",msa,TN,2003,94644.0,9
395176,"Union City, TN",msa,TN,2004,92000.0,12
395176,"Union City, TN",msa,TN,2005,94180.0,12
395176,"Union City, TN",msa,TN,2006,95592.0,12
395176,"Union City, TN",msa,TN,2007,97050.0,12
395176,"Union City, TN",msa,TN,2008,94641.0,12
395176,"Union City, TN",msa,TN,2009,89861.0,12
395176,"Union City, TN",msa,TN,2010,87675.0,12
395176,"Union City, TN",msa,TN,2011,85366.0,12
395176,"Union City, TN",msa,TN,2012,85561.0,12
395176,"Union City, TN",msa,TN,2013,87574.0,12
395176,"Union City, TN",msa,TN,2014,89103.0,12
395176,"Union City, TN",msa,TN,2015,92624.0,12
395176,"Union City, TN",msa,TN,2016,96818.0,12
395176,"Union City, TN",msa,TN,2017,97667.0,12
395176,"Union City, TN",msa,TN,2018,99588.0,12
395176,"Union City, TN",msa,TN,2019,105468.0,12
395176,"Union City, TN",msa,TN,2020,113256.0,12
395176,"Union City, TN",msa,TN,2021,134096.0,12
395176,"Union City, TN",msa,TN,2022,143705.0,12
395176,"Union City, TN",msa,TN,2023,149973.0,12
395176,"Union City, TN",msa,TN,2024,154898.0,12
395176,"Union City, TN",msa,TN,2025,161221.0,12
395176,"Union City, TN",msa,TN,2026,168006.0,7
102001,United States,country,,2000,132244.0,12
102001,United States,country,,2001,141717.0,12
102001,United States,country,,2002,151884.0,12
102001,United States,country,,2003,163949.0,12
102001,United States,country,,2004,181694.0,12
102001,United States,country,,2005,203070.0,12
102001,United States,country,,2006,213335.0,12
102001,United States,country,,2007,208660.0,12
102001,United States,country,,2008,189195.0,12
102001,United States,country,,2009,176011.0,12
102001,United States,country,,2010,170446.0,12
102001,United States,country,,2011,162085.0,12
102001,United States,country,,2012,167210.0,12
102001,United States,country,,2013,180738.0,12
102001,United States,country,,2014,189995.0,12
102001,United States,country,,2015,201977.0,12
102001,United States,country,,2016,213107.0,12
102001,United States,country,,2017,226779.0,12
102001,United States,country,,2018,240008.0,12
102001,United States,country,,2019,251639.0,12
102001,United States,country,,2020,275526.0,12
102001,United States,country,,2021,319272.0,12
102001,United States,country,,2022,350896.0,12
102001,United States,country,,2023,360159.0,12
102001,United States,country,,2024,369615.0,12
102001,United States,country,,2025,370097.0,12
102001,United States,country,,2026,371774.0,7
753924,"Urban Honolulu, HI",msa,HI,2000,233404.0,12
753924,"Urban Honolulu, HI",msa,HI,2001,243662.0,12
753924,"Urban Honolulu, HI",msa,HI,2002,267920.0,12
753924,"Urban Honolulu, HI",msa,HI,2003,311020.0,12
753924,"Urban Honolulu, HI",msa,HI,2004,380816.0,12
753924,"Urban Honolulu, HI",msa,HI,2005,475888.0,12
753924,"Urban Honolulu, HI",msa,HI,2006,518315.0,12
753924,"Urban Honolulu, HI",msa,HI,2007,522839.0,12
753924,"Urban Honolulu, HI",msa,HI,2008,495475.0,12
753924,"Urban Honolulu, HI",msa,HI,2009,444231.0,12
753924,"Urban Honolulu, HI",msa,HI,2010,474051.0,12
753924,"Urban Honolulu, HI",msa,HI,2011,464078.0,12
753924,"Urban Honolulu, HI",msa,HI,2012,476672.0,12
753924,"Urban Honolulu, HI",msa,HI,2013,509653.0,12
753924,"Urban Honolulu, HI",msa,HI,2014,544004.0,12
753924,"Urban Honolulu, HI",msa,HI,2015,572741.0,12
753924,"Urban Honolulu, HI",msa,HI,2016,610426.0,12
753924,"Urban Honolulu, HI",msa,HI,2017,645063.0,12
753924,"Urban Honolulu, HI",msa,HI,2018,665560.0,12
753924,"Urban Honolulu, HI",msa,HI,2019,665381.0,12
753924,"Urban Honolulu, HI",msa,HI,2020,694510.0,12
753924,"Urban Honolulu, HI",msa,HI,2021,790966.0,12
753924,"Urban Honolulu, HI",msa,HI,2022,862846.0,12
753924,"Urban Honolulu, HI",msa,HI,2023,851663.0,12
753924,"Urban Honolulu, HI",msa,HI,2024,858395.0,12
753924,"Urban Honolulu, HI",msa,HI,2025,849700.0,12
753924,"Urban Honolulu, HI",msa,HI,2026,854584.0,7
395178,"Urbana, OH",msa,OH,2000,105661.0,12
395178,"Urbana, OH",msa,OH,2001,110378.0,12
395178,"Urbana, OH",msa,OH,2002,113733.0,12
395178,"Urbana, OH",msa,OH,2003,117655.0,12
395178,"Urbana, OH",msa,OH,2004,122083.0,12
395178,"Urbana, OH",msa,OH,2005,125497.0,12
395178,"Urbana, OH",msa,OH,2006,125384.0,12
395178,"Urbana, OH",msa,OH,2007,123708.0,12
395178,"Urbana, OH",msa,OH,2008,121279.0,12
395178,"Urbana, OH",msa,OH,2009,117108.0,12
395178,"Urbana, OH",msa,OH,2010,114890.0,12
395178,"Urbana, OH",msa,OH,2011,112017.0,12
395178,"Urbana, OH",msa,OH,2012,115688.0,12
395178,"Urbana, OH",msa,OH,2013,120983.0,12
395178,"Urbana, OH",msa,OH,2014,123121.0,12
395178,"Urbana, OH",msa,OH,2015,127251.0,12
395178,"Urbana, OH",msa,OH,2016,130559.0,12
395178,"Urbana, OH",msa,OH,2017,137968.0,12
395178,"Urbana, OH",msa,OH,2018,148863.0,12
395178,"Urbana, OH",msa,OH,2019,158575.0,12
395178,"Urbana, OH",msa,OH,2020,175950.0,12
395178,"Urbana, OH",msa,OH,2021,191639.0,12
395178,"Urbana, OH",msa,OH,2022,215823.0,12
395178,"Urbana, OH",msa,OH,2023,224699.0,12
395178,"Urbana, OH",msa,OH,2024,239362.0,12
395178,"Urbana, OH",msa,OH,2025,249532.0,12
395178,"Urbana, OH",msa,OH,2026,255957.0,7
395179,"Utica, NY",msa,NY,2000,71234.0,12
395179,"Utica, NY",msa,NY,2001,74791.0,12
395179,"Utica, NY",msa,NY,2002,79115.0,12
395179,"Utica, NY",msa,NY,2003,85131.0,12
395179,"Utica, NY",msa,NY,2004,93714.0,12
395179,"Utica, NY",msa,NY,2005,100494.0,12
395179,"Utica, NY",msa,NY,2006,106327.0,12
395179,"Utica, NY",msa,NY,2007,111692.0,12
395179,"Utica, NY",msa,NY,2008,112008.0,12
395179,"Utica, NY",msa,NY,2009,109383.0,12
395179,"Utica, NY",msa,NY,2010,111682.0,12
395179,"Utica, NY",msa,NY,2011,107562.0,12
395179,"Utica, NY",msa,NY,2012,106251.0,12
395179,"Utica, NY",msa,NY,2013,107594.0,12
395179,"Utica, NY",msa,NY,2014,107158.0,12
395179,"Utica, NY",msa,NY,2015,112041.0,12
395179,"Utica, NY",msa,NY,2016,115709.0,12
395179,"Utica, NY",msa,NY,2017,121830.0,12
395179,"Utica, NY",msa,NY,2018,129250.0,12
395179,"Utica, NY",msa,NY,2019,136194.0,12
395179,"Utica, NY",msa,NY,2020,152684.0,12
395179,"Utica, NY",msa,NY,2021,168208.0,12
395179,"Utica, NY",msa,NY,2022,186668.0,12
395179,"Utica, NY",msa,NY,2023,196657.0,12
395179,"Utica, NY",msa,NY,2024,211203.0,12
395179,"Utica, NY",msa,NY,2025,225071.0,12
395179,"Utica, NY",msa,NY,2026,234055.0,7
395181,"Uvalde, TX",msa,TX,2009,128517.0,12
395181,"Uvalde, TX",msa,TX,2010,126838.0,12
395181,"Uvalde, TX",msa,TX,2011,127928.0,12
395181,"Uvalde, TX",msa,TX,2012,125417.0,12
395181,"Uvalde, TX",msa,TX,2013,133931.0,12
395181,"Uvalde, TX",msa,TX,2014,147806.0,12
395181,"Uvalde, TX",msa,TX,2015,163580.0,12
395181,"Uvalde, TX",msa,TX,2016,164833.0,12
395181,"Uvalde, TX",msa,TX,2017,162186.0,12
395181,"Uvalde, TX",msa,TX,2018,157906.0,12
395181,"Uvalde, TX",msa,TX,2019,169354.0,12
395181,"Uvalde, TX",msa,TX,2020,179830.0,12
395181,"Uvalde, TX",msa,TX,2021,199603.0,12
395181,"Uvalde, TX",msa,TX,2022,203075.0,12
395181,"Uvalde, TX",msa,TX,2023,196912.0,12
395181,"Uvalde, TX",msa,TX,2024,203400.0,12
395181,"Uvalde, TX",msa,TX,2025,197510.0,12
395181,"Uvalde, TX",msa,TX,2026,192220.0,7
395182,"Valdosta, GA",msa,GA,2000,126497.0,12
395182,"Valdosta, GA",msa,GA,2001,133235.0,12
395182,"Valdosta, GA",msa,GA,2002,137534.0,12
395182,"Valdosta, GA",msa,GA,2003,138836.0,12
395182,"Valdosta, GA",msa,GA,2004,129023.0,12
395182,"Valdosta, GA",msa,GA,2005,138932.0,12
395182,"Valdosta, GA",msa,GA,2006,149005.0,12
395182,"Valdosta, GA",msa,GA,2007,157771.0,12
395182,"Valdosta, GA",msa,GA,2008,155797.0,12
395182,"Valdosta, GA",msa,GA,2009,138108.0,12
395182,"Valdosta, GA",msa,GA,2010,131545.0,12
395182,"Valdosta, GA",msa,GA,2011,123130.0,12
395182,"Valdosta, GA",msa,GA,2012,125163.0,12
395182,"Valdosta, GA",msa,GA,2013,125830.0,12
395182,"Valdosta, GA",msa,GA,2014,123544.0,12
395182,"Valdosta, GA",msa,GA,2015,125959.0,12
395182,"Valdosta, GA",msa,GA,2016,123208.0,12
395182,"Valdosta, GA",msa,GA,2017,125155.0,12
395182,"Valdosta, GA",msa,GA,2018,131082.0,12
395182,"Valdosta, GA",msa,GA,2019,138908.0,12
395182,"Valdosta, GA",msa,GA,2020,151622.0,12
395182,"Valdosta, GA",msa,GA,2021,176996.0,12
395182,"Valdosta, GA",msa,GA,2022,196442.0,12
395182,"Valdosta, GA",msa,GA,2023,205622.0,12
395182,"Valdosta, GA",msa,GA,2024,216042.0,12
395182,"Valdosta, GA",msa,GA,2025,220753.0,12
395182,"Valdosta, GA",msa,GA,2026,226008.0,7
395183,"Vallejo, CA",msa,CA,2000,217443.0,12
395183,"Vallejo, CA",msa,CA,2001,261164.0,12
395183,"Vallejo, CA",msa,CA,2002,293415.0,12
395183,"Vallejo, CA",msa,CA,2003,340601.0,12
395183,"Vallejo, CA",msa,CA,2004,408871.0,12
395183,"Vallejo, CA",msa,CA,2005,485097.0,12
395183,"Vallejo, CA",msa,CA,2006,487402.0,12
395183,"Vallejo, CA",msa,CA,2007,429582.0,12
395183,"Vallejo, CA",msa,CA,2008,267371.0,12
395183,"Vallejo, CA",msa,CA,2009,220888.0,12
395183,"Vallejo, CA",msa,CA,2010,221930.0,12
395183,"Vallejo, CA",msa,CA,2011,196524.0,12
395183,"Vallejo, CA",msa,CA,2012,212473.0,12
395183,"Vallejo, CA",msa,CA,2013,282314.0,12
395183,"Vallejo, CA",msa,CA,2014,323944.0,12
395183,"Vallejo, CA",msa,CA,2015,356465.0,12
395183,"Vallejo, CA",msa,CA,2016,391133.0,12
395183,"Vallejo, CA",msa,CA,2017,424804.0,12
395183,"Vallejo, CA",msa,CA,2018,453888.0,12
395183,"Vallejo, CA",msa,CA,2019,462538.0,12
395183,"Vallejo, CA",msa,CA,2020,500797.0,12
395183,"Vallejo, CA",msa,CA,2021,582158.0,12
395183,"Vallejo, CA",msa,CA,2022,592999.0,12
395183,"Vallejo, CA",msa,CA,2023,594349.0,12
395183,"Vallejo, CA",msa,CA,2024,600930.0,12
395183,"Vallejo, CA",msa,CA,2025,582355.0,12
395183,"Vallejo, CA",msa,CA,2026,577331.0,7
395185,"Van Wert, OH",msa,OH,2000,77355.0,12
395185,"Van Wert, OH",msa,OH,2001,80563.0,12
395185,"Van Wert, OH",msa,OH,2002,82707.0,12
395185,"Van Wert, OH",msa,OH,2003,84644.0,12
395185,"Van Wert, OH",msa,OH,2004,86914.0,12
395185,"Van Wert, OH",msa,OH,2005,85533.0,12
395185,"Van Wert, OH",msa,OH,2006,85724.0,12
395185,"Van Wert, OH",msa,OH,2007,85559.0,12
395185,"Van Wert, OH",msa,OH,2008,86948.0,12
395185,"Van Wert, OH",msa,OH,2009,86992.0,12
395185,"Van Wert, OH",msa,OH,2010,87433.0,12
395185,"Van Wert, OH",msa,OH,2011,86634.0,12
395185,"Van Wert, OH",msa,OH,2012,87628.0,12
395185,"Van Wert, OH",msa,OH,2013,87971.0,12
395185,"Van Wert, OH",msa,OH,2014,85926.0,12
395185,"Van Wert, OH",msa,OH,2015,89203.0,12
395185,"Van Wert, OH",msa,OH,2016,96518.0,12
395185,"Van Wert, OH",msa,OH,2017,98197.0,12
395185,"Van Wert, OH",msa,OH,2018,107115.0,12
395185,"Van Wert, OH",msa,OH,2019,109214.0,12
395185,"Van Wert, OH",msa,OH,2020,124688.0,12
395185,"Van Wert, OH",msa,OH,2021,140308.0,12
395185,"Van Wert, OH",msa,OH,2022,151592.0,12
395185,"Van Wert, OH",msa,OH,2023,163970.0,12
395185,"Van Wert, OH",msa,OH,2024,176370.0,12
395185,"Van Wert, OH",msa,OH,2025,186509.0,12
395185,"Van Wert, OH",msa,OH,2026,188831.0,7
395186,"Vermillion, SD",msa,SD,2016,149746.0,12
395186,"Vermillion, SD",msa,SD,2017,157667.0,12
395186,"Vermillion, SD",msa,SD,2018,165147.0,12
395186,"Vermillion, SD",msa,SD,2019,176896.0,12
395186,"Vermillion, SD",msa,SD,2020,192937.0,12
395186,"Vermillion, SD",msa,SD,2021,215404.0,12
395186,"Vermillion, SD",msa,SD,2022,237930.0,12
395186,"Vermillion, SD",msa,SD,2023,248712.0,12
395186,"Vermillion, SD",msa,SD,2024,270820.0,12
395186,"Vermillion, SD",msa,SD,2025,283001.0,12
395186,"Vermillion, SD",msa,SD,2026,288489.0,7
395187,"Vernal, UT",msa,UT,2009,180815.0,12
395187,"Vernal, UT",msa,UT,2010,175145.0,12
395187,"Vernal, UT",msa,UT,2011,170807.0,12
395187,"Vernal, UT",msa,UT,2012,192774.0,12
395187,"Vernal, UT",msa,UT,2013,208906.0,12
395187,"Vernal, UT",msa,UT,2014,214556.0,12
395187,"Vernal, UT",msa,UT,2015,220644.0,12
395187,"Vernal, UT",msa,UT,2016,192200.0,12
395187,"Vernal, UT",msa,UT,2017,178048.0,12
395187,"Vernal, UT",msa,UT,2018,187665.0,12
395187,"Vernal, UT",msa,UT,2019,217176.0,12
395187,"Vernal, UT",msa,UT,2020,231355.0,12
395187,"Vernal, UT",msa,UT,2021,262757.0,12
395187,"Vernal, UT",msa,UT,2022,298807.0,12
395187,"Vernal, UT",msa,UT,2023,327867.0,12
395187,"Vernal, UT",msa,UT,2024,337043.0,12
395187,"Vernal, UT",msa,UT,2025,352806.0,12
395187,"Vernal, UT",msa,UT,2026,360673.0,7
395188,"Vernon, TX",msa,TX,2009,93063.0,12
395188,"Vernon, TX",msa,TX,2010,92329.0,12
395188,"Vernon, TX",msa,TX,2011,92486.0,12
395188,"Vernon, TX",msa,TX,2012,90167.0,12
395188,"Vernon, TX",msa,TX,2013,86088.0,12
395188,"Vernon, TX",msa,TX,2014,88291.0,12
395188,"Vernon, TX",msa,TX,2015,88098.0,12
395188,"Vernon, TX",msa,TX,2016,86752.0,12
395188,"Vernon, TX",msa,TX,2017,89769.0,12
395188,"Vernon, TX",msa,TX,2018,93464.0,12
395188,"Vernon, TX",msa,TX,2019,101863.0,12
395188,"Vernon, TX",msa,TX,2020,114330.0,12
395188,"Vernon, TX",msa,TX,2021,115811.0,12
395188,"Vernon, TX",msa,TX,2022,123545.0,12
395188,"Vernon, TX",msa,TX,2023,116020.0,12
395188,"Vernon, TX",msa,TX,2024,109523.0,12
395188,"Vernon, TX",msa,TX,2025,102145.0,12
395188,"Vernon, TX",msa,TX,2026,104079.0,7
395189,"Vicksburg, MS",msa,MS,2012,97927.0,12
395189,"Vicksburg, MS",msa,MS,2013,97604.0,12
395189,"Vicksburg, MS",msa,MS,2014,112692.0,12
395189,"Vicksburg, MS",msa,MS,2015,130095.0,12
395189,"Vicksburg, MS",msa,MS,2016,130088.0,12
395189,"Vicksburg, MS",msa,MS,2017,129976.0,12
395189,"Vicksburg, MS",msa,MS,2018,125383.0,12
395189,"Vicksburg, MS",msa,MS,2019,126736.0,12
395189,"Vicksburg, MS",msa,MS,2020,136478.0,12
395189,"Vicksburg, MS",msa,MS,2021,154040.0,12
395189,"Vicksburg, MS",msa,MS,2022,146373.0,12
395189,"Vicksburg, MS",msa,MS,2023,146151.0,12
395189,"Vicksburg, MS",msa,MS,2024,148721.0,12
395189,"Vicksburg, MS",msa,MS,2025,142244.0,12
395189,"Vicksburg, MS",msa,MS,2026,147262.0,7
395190,"Victoria, TX",msa,TX,2016,160255.0,12
395190,"Victoria, TX",msa,TX,2017,155843.0,12
395190,"Victoria, TX",msa,TX,2018,162874.0,12
395190,"Victoria, TX",msa,TX,2019,173467.0,12
395190,"Victoria, TX",msa,TX,2020,183025.0,12
395190,"Victoria, TX",msa,TX,2021,202472.0,12
395190,"Victoria, TX",msa,TX,2022,219362.0,12
395190,"Victoria, TX",msa,TX,2023,220782.0,12
395190,"Victoria, TX",msa,TX,2024,224568.0,12
395190,"Victoria, TX",msa,TX,2025,220626.0,12
395190,"Victoria, TX",msa,TX,2026,224645.0,7
395191,"Vidalia, GA",msa,GA,2000,77507.0,12
395191,"Vidalia, GA",msa,GA,2001,80548.0,12
395191,"Vidalia, GA",msa,GA,2002,82573.0,12
395191,"Vidalia, GA",msa,GA,2003,86075.0,12
395191,"Vidalia, GA",msa,GA,2004,97949.0,12
395191,"Vidalia, GA",msa,GA,2005,96270.0,12
395191,"Vidalia, GA",msa,GA,2006,101869.0,12
395191,"Vidalia, GA",msa,GA,2007,104477.0,12
395191,"Vidalia, GA",msa,GA,2008,101199.0,12
395191,"Vidalia, GA",msa,GA,2009,95119.0,12
395191,"Vidalia, GA",msa,GA,2010,87570.0,12
395191,"Vidalia, GA",msa,GA,2011,82709.0,12
395191,"Vidalia, GA",msa,GA,2012,85086.0,12
395191,"Vidalia, GA",msa,GA,2013,87013.0,12
395191,"Vidalia, GA",msa,GA,2014,88293.0,12
395191,"Vidalia, GA",msa,GA,2015,93258.0,12
395191,"Vidalia, GA",msa,GA,2016,92790.0,12
395191,"Vidalia, GA",msa,GA,2017,103769.0,12
395191,"Vidalia, GA",msa,GA,2018,106917.0,12
395191,"Vidalia, GA",msa,GA,2019,116557.0,12
395191,"Vidalia, GA",msa,GA,2020,126258.0,12
395191,"Vidalia, GA",msa,GA,2021,146769.0,12
395191,"Vidalia, GA",msa,GA,2022,151067.0,12
395191,"Vidalia, GA",msa,GA,2023,162517.0,12
395191,"Vidalia, GA",msa,GA,2024,169541.0,12
395191,"Vidalia, GA",msa,GA,2025,172217.0,12
395191,"Vidalia, GA",msa,GA,2026,175700.0,7
395192,"Vincennes, IN",msa,IN,2012,81450.0,12
395192,"Vincennes, IN",msa,IN,2013,81769.0,12
395192,"Vincennes, IN",msa,IN,2014,83598.0,12
395192,"Vincennes, IN",msa,IN,2015,87234.0,12
395192,"Vincennes, IN",msa,IN,2016,90039.0,12
395192,"Vincennes, IN",msa,IN,2017,88203.0,12
395192,"Vincennes, IN",msa,IN,2018,91171.0,12
395192,"Vincennes, IN",msa,IN,2019,99296.0,12
395192,"Vincennes, IN",msa,IN,2020,108584.0,12
395192,"Vincennes, IN",msa,IN,2021,122525.0,12
395192,"Vincennes, IN",msa,IN,2022,133154.0,12
395192,"Vincennes, IN",msa,IN,2023,141284.0,12
395192,"Vincennes, IN",msa,IN,2024,152406.0,12
395192,"Vincennes, IN",msa,IN,2025,156027.0,12
395192,"Vincennes, IN",msa,IN,2026,161290.0,7
395193,"Vineland, NJ",msa,NJ,2000,104309.0,12
395193,"Vineland, NJ",msa,NJ,2001,109041.0,12
395193,"Vineland, NJ",msa,NJ,2002,111238.0,12
395193,"Vineland, NJ",msa,NJ,2003,121190.0,12
395193,"Vineland, NJ",msa,NJ,2004,145331.0,12
395193,"Vineland, NJ",msa,NJ,2005,175374.0,12
395193,"Vineland, NJ",msa,NJ,2006,201692.0,12
395193,"Vineland, NJ",msa,NJ,2007,203240.0,12
395193,"Vineland, NJ",msa,NJ,2008,184539.0,12
395193,"Vineland, NJ",msa,NJ,2009,168882.0,12
395193,"Vineland, NJ",msa,NJ,2010,156890.0,12
395193,"Vineland, NJ",msa,NJ,2011,151667.0,12
395193,"Vineland, NJ",msa,NJ,2012,155912.0,12
395193,"Vineland, NJ",msa,NJ,2013,154279.0,12
395193,"Vineland, NJ",msa,NJ,2014,152886.0,12
395193,"Vineland, NJ",msa,NJ,2015,155987.0,12
395193,"Vineland, NJ",msa,NJ,2016,156799.0,12
395193,"Vineland, NJ",msa,NJ,2017,156080.0,12
395193,"Vineland, NJ",msa,NJ,2018,154250.0,12
395193,"Vineland, NJ",msa,NJ,2019,162198.0,12
395193,"Vineland, NJ",msa,NJ,2020,179922.0,12
395193,"Vineland, NJ",msa,NJ,2021,213581.0,12
395193,"Vineland, NJ",msa,NJ,2022,233435.0,12
395193,"Vineland, NJ",msa,NJ,2023,255505.0,12
395193,"Vineland, NJ",msa,NJ,2024,273343.0,12
395193,"Vineland, NJ",msa,NJ,2025,277860.0,12
395193,"Vineland, NJ",msa,NJ,2026,279824.0,7
753925,"Vineyard Haven, MA",msa,MA,2000,381656.0,12
753925,"Vineyard Haven, MA",msa,MA,2001,435762.0,12
753925,"Vineyard Haven, MA",msa,MA,2002,494244.0,12
753925,"Vineyard Haven, MA",msa,MA,2003,548772.0,12
753925,"Vineyard Haven, MA",msa,MA,2004,623676.0,12
753925,"Vineyard Haven, MA",msa,MA,2005,675257.0,12
753925,"Vineyard Haven, MA",msa,MA,2006,667552.0,12
753925,"Vineyard Haven, MA",msa,MA,2007,643850.0,12
753925,"Vineyard Haven, MA",msa,MA,2008,627106.0,12
753925,"Vineyard Haven, MA",msa,MA,2009,607291.0,12
753925,"Vineyard Haven, MA",msa,MA,2010,609922.0,12
753925,"Vineyard Haven, MA",msa,MA,2011,606332.0,12
753925,"Vineyard Haven, MA",msa,MA,2012,621509.0,12
753925,"Vineyard Haven, MA",msa,MA,2013,649626.0,12
753925,"Vineyard Haven, MA",msa,MA,2014,669349.0,12
753925,"Vineyard Haven, MA",msa,MA,2015,702348.0,12
753925,"Vineyard Haven, MA",msa,MA,2016,737671.0,12
753925,"Vineyard Haven, MA",msa,MA,2017,804621.0,12
753925,"Vineyard Haven, MA",msa,MA,2018,861574.0,12
753925,"Vineyard Haven, MA",msa,MA,2019,893765.0,12
753925,"Vineyard Haven, MA",msa,MA,2020,993178.0,12
753925,"Vineyard Haven, MA",msa,MA,2021,1238091.0,12
753925,"Vineyard Haven, MA",msa,MA,2022,1422618.0,12
753925,"Vineyard Haven, MA",msa,MA,2023,1476590.0,12
753925,"Vineyard Haven, MA",msa,MA,2024,1508537.0,12
753925,"Vineyard Haven, MA",msa,MA,2025,1520071.0,12
753925,"Vineyard Haven, MA",msa,MA,2026,1554315.0,7
395194,"Virginia Beach, VA",msa,VA,2000,125091.0,12
395194,"Virginia Beach, VA",msa,VA,2001,131504.0,12
395194,"Virginia Beach, VA",msa,VA,2002,141187.0,12
395194,"Virginia Beach, VA",msa,VA,2003,157013.0,12
395194,"Virginia Beach, VA",msa,VA,2004,188466.0,12
395194,"Virginia Beach, VA",msa,VA,2005,231760.0,12
395194,"Virginia Beach, VA",msa,VA,2006,253485.0,12
395194,"Virginia Beach, VA",msa,VA,2007,257435.0,12
395194,"Virginia Beach, VA",msa,VA,2008,245752.0,12
395194,"Virginia Beach, VA",msa,VA,2009,233004.0,12
395194,"Virginia Beach, VA",msa,VA,2010,224540.0,12
395194,"Virginia Beach, VA",msa,VA,2011,212185.0,12
395194,"Virginia Beach, VA",msa,VA,2012,216049.0,12
395194,"Virginia Beach, VA",msa,VA,2013,219602.0,12
395194,"Virginia Beach, VA",msa,VA,2014,222549.0,12
395194,"Virginia Beach, VA",msa,VA,2015,229014.0,12
395194,"Virginia Beach, VA",msa,VA,2016,232722.0,12
395194,"Virginia Beach, VA",msa,VA,2017,238695.0,12
395194,"Virginia Beach, VA",msa,VA,2018,244110.0,12
395194,"Virginia Beach, VA",msa,VA,2019,253626.0,12
395194,"Virginia Beach, VA",msa,VA,2020,275474.0,12
395194,"Virginia Beach, VA",msa,VA,2021,305831.0,12
395194,"Virginia Beach, VA",msa,VA,2022,328996.0,12
395194,"Virginia Beach, VA",msa,VA,2023,348072.0,12
395194,"Virginia Beach, VA",msa,VA,2024,364016.0,12
395194,"Virginia Beach, VA",msa,VA,2025,370685.0,12
395194,"Virginia Beach, VA",msa,VA,2026,375665.0,7
395195,"Visalia, CA",msa,CA,2000,107772.0,12
395195,"Visalia, CA",msa,CA,2001,111061.0,12
395195,"Visalia, CA",msa,CA,2002,118340.0,12
395195,"Visalia, CA",msa,CA,2003,136417.0,12
395195,"Visalia, CA",msa,CA,2004,173823.0,12
395195,"Visalia, CA",msa,CA,2005,229920.0,12
395195,"Visalia, CA",msa,CA,2006,255153.0,12
395195,"Visalia, CA",msa,CA,2007,229682.0,12
395195,"Visalia, CA",msa,CA,2008,178275.0,12
395195,"Visalia, CA",msa,CA,2009,152199.0,12
395195,"Visalia, CA",msa,CA,2010,141242.0,12
395195,"Visalia, CA",msa,CA,2011,126919.0,12
395195,"Visalia, CA",msa,CA,2012,135358.0,12
395195,"Visalia, CA",msa,CA,2013,160298.0,12
395195,"Visalia, CA",msa,CA,2014,172979.0,12
395195,"Visalia, CA",msa,CA,2015,178756.0,12
395195,"Visalia, CA",msa,CA,2016,200177.0,12
395195,"Visalia, CA",msa,CA,2017,218105.0,12
395195,"Visalia, CA",msa,CA,2018,230074.0,12
395195,"Visalia, CA",msa,CA,2019,243744.0,12
395195,"Visalia, CA",msa,CA,2020,267632.0,12
395195,"Visalia, CA",msa,CA,2021,314606.0,12
395195,"Visalia, CA",msa,CA,2022,341168.0,12
395195,"Visalia, CA",msa,CA,2023,345358.0,12
395195,"Visalia, CA",msa,CA,2024,358588.0,12
395195,"Visalia, CA",msa,CA,2025,362190.0,12
395195,"Visalia, CA",msa,CA,2026,365398.0,7
395196,"Wabash, IN",msa,IN,2009,88510.0,12
395196,"Wabash, IN",msa,IN,2010,87624.0,12
395196,"Wabash, IN",msa,IN,2011,86402.0,12
395196,"Wabash, IN",msa,IN,2012,88557.0,12
395196,"Wabash, IN",msa,IN,2013,89068.0,12
395196,"Wabash, IN",msa,IN,2014,93493.0,12
395196,"Wabash, IN",msa,IN,2015,97379.0,12
395196,"Wabash, IN",msa,IN,2016,99013.0,12
395196,"Wabash, IN",msa,IN,2017,106814.0,12
395196,"Wabash, IN",msa,IN,2018,112577.0,12
395196,"Wabash, IN",msa,IN,2019,118747.0,12
395196,"Wabash, IN",msa,IN,2020,131673.0,12
395196,"Wabash, IN",msa,IN,2021,145470.0,12
395196,"Wabash, IN",msa,IN,2022,157170.0,12
395196,"Wabash, IN",msa,IN,2023,166189.0,12
395196,"Wabash, IN",msa,IN,2024,179203.0,12
395196,"Wabash, IN",msa,IN,2025,187753.0,12
395196,"Wabash, IN",msa,IN,2026,193960.0,7
395197,"Waco, TX",msa,TX,2009,113762.0,12
395197,"Waco, TX",msa,TX,2010,113859.0,12
395197,"Waco, TX",msa,TX,2011,112271.0,12
395197,"Waco, TX",msa,TX,2012,108459.0,12
395197,"Waco, TX",msa,TX,2013,109530.0,12
395197,"Waco, TX",msa,TX,2014,115664.0,12
395197,"Waco, TX",msa,TX,2015,124473.0,12
395197,"Waco, TX",msa,TX,2016,134053.0,12
395197,"Waco, TX",msa,TX,2017,147343.0,12
395197,"Waco, TX",msa,TX,2018,159230.0,12
395197,"Waco, TX",msa,TX,2019,169328.0,12
395197,"Waco, TX",msa,TX,2020,190005.0,12
395197,"Waco, TX",msa,TX,2021,226633.0,12
395197,"Waco, TX",msa,TX,2022,258937.0,12
395197,"Waco, TX",msa,TX,2023,257343.0,12
395197,"Waco, TX",msa,TX,2024,258647.0,12
395197,"Waco, TX",msa,TX,2025,255016.0,12
395197,"Waco, TX",msa,TX,2026,255418.0,7
395198,"Wahpeton, ND",msa,ND,2009,89002.0,12
395198,"Wahpeton, ND",msa,ND,2010,90853.0,12
395198,"Wahpeton, ND",msa,ND,2011,98596.0,12
395198,"Wahpeton, ND",msa,ND,2012,113367.0,12
395198,"Wahpeton, ND",msa,ND,2013,121986.0,12
395198,"Wahpeton, ND",msa,ND,2014,125244.0,12
395198,"Wahpeton, ND",msa,ND,2015,140701.0,12
395198,"Wahpeton, ND",msa,ND,2016,149156.0,12
395198,"Wahpeton, ND",msa,ND,2017,152427.0,12
395198,"Wahpeton, ND",msa,ND,2018,159273.0,12
395198,"Wahpeton, ND",msa,ND,2019,167791.0,12
395198,"Wahpeton, ND",msa,ND,2020,179969.0,12
395198,"Wahpeton, ND",msa,ND,2021,195651.0,12
395198,"Wahpeton, ND",msa,ND,2022,209186.0,12
395198,"Wahpeton, ND",msa,ND,2023,204828.0,12
395198,"Wahpeton, ND",msa,ND,2024,215957.0,12
395198,"Wahpeton, ND",msa,ND,2025,225337.0,12
395198,"Wahpeton, ND",msa,ND,2026,230783.0,7
395199,"Walla Walla, WA",msa,WA,2000,130696.0,12
395199,"Walla Walla, WA",msa,WA,2001,136254.0,12
395199,"Walla Walla, WA",msa,WA,2002,141251.0,12
395199,"Walla Walla, WA",msa,WA,2003,148673.0,12
395199,"Walla Walla, WA",msa,WA,2004,167605.0,12
395199,"Walla Walla, WA",msa,WA,2005,186160.0,12
395199,"Walla Walla, WA",msa,WA,2006,204087.0,12
395199,"Walla Walla, WA",msa,WA,2007,227173.0,12
395199,"Walla Walla, WA",msa,WA,2008,213701.0,12
395199,"Walla Walla, WA",msa,WA,2009,195027.0,12
395199,"Walla Walla, WA",msa,WA,2010,187146.0,12
395199,"Walla Walla, WA",msa,WA,2011,178937.0,12
395199,"Walla Walla, WA",msa,WA,2012,182431.0,12
395199,"Walla Walla, WA",msa,WA,2013,189307.0,12
395199,"Walla Walla, WA",msa,WA,2014,193137.0,12
395199,"Walla Walla, WA",msa,WA,2015,205019.0,12
395199,"Walla Walla, WA",msa,WA,2016,218198.0,12
395199,"Walla Walla, WA",msa,WA,2017,242205.0,12
395199,"Walla Walla, WA",msa,WA,2018,264055.0,12
395199,"Walla Walla, WA",msa,WA,2019,281786.0,12
395199,"Walla Walla, WA",msa,WA,2020,311713.0,12
395199,"Walla Walla, WA",msa,WA,2021,370069.0,12
395199,"Walla Walla, WA",msa,WA,2022,398404.0,12
395199,"Walla Walla, WA",msa,WA,2023,401095.0,12
395199,"Walla Walla, WA",msa,WA,2024,411703.0,12
395199,"Walla Walla, WA",msa,WA,2025,418311.0,12
395199,"Walla Walla, WA",msa,WA,2026,420341.0,7
395201,"Wapakoneta, OH",msa,OH,2009,120663.0,12
395201,"Wapakoneta, OH",msa,OH,2010,120631.0,12
395201,"Wapakoneta, OH",msa,OH,2011,118488.0,12
395201,"Wapakoneta, OH",msa,OH,2012,114976.0,12
395201,"Wapakoneta, OH",msa,OH,2013,118440.0,12
395201,"Wapakoneta, OH",msa,OH,2014,121339.0,12
395201,"Wapakoneta, OH",msa,OH,2015,127388.0,12
395201,"Wapakoneta, OH",msa,OH,2016,132830.0,12
395201,"Wapakoneta, OH",msa,OH,2017,139622.0,12
395201,"Wapakoneta, OH",msa,OH,2018,146126.0,12
395201,"Wapakoneta, OH",msa,OH,2019,155757.0,12
395201,"Wapakoneta, OH",msa,OH,2020,170929.0,12
395201,"Wapakoneta, OH",msa,OH,2021,183932.0,12
395201,"Wapakoneta, OH",msa,OH,2022,200566.0,12
395201,"Wapakoneta, OH",msa,OH,2023,209489.0,12
395201,"Wapakoneta, OH",msa,OH,2024,223307.0,12
395201,"Wapakoneta, OH",msa,OH,2025,235338.0,12
395201,"Wapakoneta, OH",msa,OH,2026,243873.0,7
395202,"Warner Robins, GA",msa,GA,2000,114135.0,12
395202,"Warner Robins, GA",msa,GA,2001,117097.0,12
395202,"Warner Robins, GA",msa,GA,2002,118023.0,12
395202,"Warner Robins, GA",msa,GA,2003,120781.0,12
395202,"Warner Robins, GA",msa,GA,2004,126737.0,12
395202,"Warner Robins, GA",msa,GA,2005,133209.0,12
395202,"Warner Robins, GA",msa,GA,2006,140026.0,12
395202,"Warner Robins, GA",msa,GA,2007,143234.0,12
395202,"Warner Robins, GA",msa,GA,2008,141886.0,12
395202,"Warner Robins, GA",msa,GA,2009,135731.0,12
395202,"Warner Robins, GA",msa,GA,2010,132863.0,12
395202,"Warner Robins, GA",msa,GA,2011,126491.0,12
395202,"Warner Robins, GA",msa,GA,2012,128204.0,12
395202,"Warner Robins, GA",msa,GA,2013,129705.0,12
395202,"Warner Robins, GA",msa,GA,2014,132275.0,12
395202,"Warner Robins, GA",msa,GA,2015,134996.0,12
395202,"Warner Robins, GA",msa,GA,2016,136791.0,12
395202,"Warner Robins, GA",msa,GA,2017,142650.0,12
395202,"Warner Robins, GA",msa,GA,2018,150599.0,12
395202,"Warner Robins, GA",msa,GA,2019,158679.0,12
395202,"Warner Robins, GA",msa,GA,2020,170975.0,12
395202,"Warner Robins, GA",msa,GA,2021,193611.0,12
395202,"Warner Robins, GA",msa,GA,2022,223691.0,12
395202,"Warner Robins, GA",msa,GA,2023,236701.0,12
395202,"Warner Robins, GA",msa,GA,2024,244107.0,12
395202,"Warner Robins, GA",msa,GA,2025,251938.0,12
395202,"Warner Robins, GA",msa,GA,2026,255173.0,7
395203,"Warren, PA",msa,PA,2016,90517.0,12
395203,"Warren, PA",msa,PA,2017,82090.0,12
395203,"Warren, PA",msa,PA,2018,87031.0,12
395203,"Warren, PA",msa,PA,2019,96550.0,12
395203,"Warren, PA",msa,PA,2020,106077.0,12
395203,"Warren, PA",msa,PA,2021,116225.0,12
395203,"Warren, PA",msa,PA,2022,125579.0,12
395203,"Warren, PA",msa,PA,2023,135987.0,12
395203,"Warren, PA",msa,PA,2024,135267.0,12
395203,"Warren, PA",msa,PA,2025,136584.0,12
395203,"Warren, PA",msa,PA,2026,140190.0,7
395204,"Warrensburg, MO",msa,MO,2009,144677.0,12
395204,"Warrensburg, MO",msa,MO,2010,143309.0,12
395204,"Warrensburg, MO",msa,MO,2011,141976.0,12
395204,"Warrensburg, MO",msa,MO,2012,143931.0,12
395204,"Warrensburg, MO",msa,MO,2013,147804.0,12
395204,"Warrensburg, MO",msa,MO,2014,149671.0,12
395204,"Warrensburg, MO",msa,MO,2015,156716.0,12
395204,"Warrensburg, MO",msa,MO,2016,163455.0,12
395204,"Warrensburg, MO",msa,MO,2017,172922.0,12
395204,"Warrensburg, MO",msa,MO,2018,178470.0,12
395204,"Warrensburg, MO",msa,MO,2019,193059.0,12
395204,"Warrensburg, MO",msa,MO,2020,216443.0,12
395204,"Warrensburg, MO",msa,MO,2021,246074.0,12
395204,"Warrensburg, MO",msa,MO,2022,256475.0,12
395204,"Warrensburg, MO",msa,MO,2023,263895.0,12
395204,"Warrensburg, MO",msa,MO,2024,269952.0,12
395204,"Warrensburg, MO",msa,MO,2025,279776.0,12
395204,"Warrensburg, MO",msa,MO,2026,286701.0,7
395205,"Warsaw, IN",msa,IN,2000,117370.0,12
395205,"Warsaw, IN",msa,IN,2001,126453.0,12
395205,"Warsaw, IN",msa,IN,2002,132381.0,12
395205,"Warsaw, IN",msa,IN,2003,138525.0,12
395205,"Warsaw, IN",msa,IN,2004,144909.0,12
395205,"Warsaw, IN",msa,IN,2005,141061.0,12
395205,"Warsaw, IN",msa,IN,2006,142520.0,12
395205,"Warsaw, IN",msa,IN,2007,143999.0,12
395205,"Warsaw, IN",msa,IN,2008,136687.0,12
395205,"Warsaw, IN",msa,IN,2009,133581.0,12
395205,"Warsaw, IN",msa,IN,2010,133037.0,12
395205,"Warsaw, IN",msa,IN,2011,132174.0,12
395205,"Warsaw, IN",msa,IN,2012,136228.0,12
395205,"Warsaw, IN",msa,IN,2013,142340.0,12
395205,"Warsaw, IN",msa,IN,2014,144799.0,12
395205,"Warsaw, IN",msa,IN,2015,152622.0,12
395205,"Warsaw, IN",msa,IN,2016,157675.0,12
395205,"Warsaw, IN",msa,IN,2017,166320.0,12
395205,"Warsaw, IN",msa,IN,2018,177552.0,12
395205,"Warsaw, IN",msa,IN,2019,190099.0,12
395205,"Warsaw, IN",msa,IN,2020,207160.0,12
395205,"Warsaw, IN",msa,IN,2021,233504.0,12
395205,"Warsaw, IN",msa,IN,2022,256414.0,12
395205,"Warsaw, IN",msa,IN,2023,266092.0,12
395205,"Warsaw, IN",msa,IN,2024,276890.0,12
395205,"Warsaw, IN",msa,IN,2025,282916.0,12
395205,"Warsaw, IN",msa,IN,2026,295145.0,7
395206,"Washington Court House, OH",msa,OH,2000,101861.0,12
395206,"Washington Court House, OH",msa,OH,2001,106168.0,12
395206,"Washington Court House, OH",msa,OH,2002,109597.0,12
395206,"Washington Court House, OH",msa,OH,2003,113731.0,12
395206,"Washington Court House, OH",msa,OH,2004,118203.0,12
395206,"Washington Court House, OH",msa,OH,2005,121771.0,12
395206,"Washington Court House, OH",msa,OH,2006,121996.0,12
395206,"Washington Court House, OH",msa,OH,2007,120675.0,12
395206,"Washington Court House, OH",msa,OH,2008,118832.0,12
395206,"Washington Court House, OH",msa,OH,2009,114353.0,12
395206,"Washington Court House, OH",msa,OH,2010,111192.0,12
395206,"Washington Court House, OH",msa,OH,2011,108715.0,12
395206,"Washington Court House, OH",msa,OH,2012,111801.0,12
395206,"Washington Court House, OH",msa,OH,2013,112845.0,12
395206,"Washington Court House, OH",msa,OH,2014,116829.0,12
395206,"Washington Court House, OH",msa,OH,2015,121325.0,12
395206,"Washington Court House, OH",msa,OH,2016,129170.0,12
395206,"Washington Court House, OH",msa,OH,2017,139182.0,12
395206,"Washington Court House, OH",msa,OH,2018,145611.0,12
395206,"Washington Court House, OH",msa,OH,2019,156759.0,12
395206,"Washington Court House, OH",msa,OH,2020,178378.0,12
395206,"Washington Court House, OH",msa,OH,2021,190697.0,12
395206,"Washington Court House, OH",msa,OH,2022,208516.0,12
395206,"Washington Court House, OH",msa,OH,2023,218912.0,12
395206,"Washington Court House, OH",msa,OH,2024,233415.0,12
395206,"Washington Court House, OH",msa,OH,2025,237399.0,12
395206,"Washington Court House, OH",msa,OH,2026,242375.0,7
395209,"Washington, DC",msa,VA,2000,196017.0,12
395209,"Washington, DC",msa,VA,2001,220451.0,12
395209,"Washington, DC",msa,VA,2002,252848.0,12
395209,"Washington, DC",msa,VA,2003,290133.0,12
395209,"Washington, DC",msa,VA,2004,353335.0,12
395209,"Washington, DC",msa,VA,2005,427980.0,12
395209,"Washington, DC",msa,VA,2006,438846.0,12
395209,"Washington, DC",msa,VA,2007,410880.0,12
395209,"Washington, DC",msa,VA,2008,347965.0,12
395209,"Washington, DC",msa,VA,2009,322764.0,12
395209,"Washington, DC",msa,VA,2010,323344.0,12
395209,"Washington, DC",msa,VA,2011,318171.0,12
395209,"Washington, DC",msa,VA,2012,338716.0,12
395209,"Washington, DC",msa,VA,2013,365989.0,12
395209,"Washington, DC",msa,VA,2014,377566.0,12
395209,"Washington, DC",msa,VA,2015,386834.0,12
395209,"Washington, DC",msa,VA,2016,395399.0,12
395209,"Washington, DC",msa,VA,2017,409438.0,12
395209,"Washington, DC",msa,VA,2018,423525.0,12
395209,"Washington, DC",msa,VA,2019,438213.0,12
395209,"Washington, DC",msa,VA,2020,474441.0,12
395209,"Washington, DC",msa,VA,2021,517271.0,12
395209,"Washington, DC",msa,VA,2022,540308.0,12
395209,"Washington, DC",msa,VA,2023,557652.0,12
395209,"Washington, DC",msa,VA,2024,581289.0,12
395209,"Washington, DC",msa,VA,2025,582332.0,12
395209,"Washington, DC",msa,VA,2026,579812.0,7
395207,"Washington, IN",msa,IN,2012,111907.0,12
395207,"Washington, IN",msa,IN,2013,114732.0,12
395207,"Washington, IN",msa,IN,2014,114773.0,12
395207,"Washington, IN",msa,IN,2015,118533.0,12
395207,"Washington, IN",msa,IN,2016,124586.0,12
395207,"Washington, IN",msa,IN,2017,132844.0,12
395207,"Washington, IN",msa,IN,2018,137272.0,12
395207,"Washington, IN",msa,IN,2019,148564.0,12
395207,"Washington, IN",msa,IN,2020,164974.0,12
395207,"Washington, IN",msa,IN,2021,185416.0,12
395207,"Washington, IN",msa,IN,2022,200094.0,12
395207,"Washington, IN",msa,IN,2023,209977.0,12
395207,"Washington, IN",msa,IN,2024,220038.0,12
395207,"Washington, IN",msa,IN,2025,230391.0,12
395207,"Washington, IN",msa,IN,2026,241139.0,7
395208,"Washington, NC",msa,NC,2000,89265.0,12
395208,"Washington, NC",msa,NC,2001,93277.0,12
395208,"Washington, NC",msa,NC,2002,98679.0,12
395208,"Washington, NC",msa,NC,2003,102445.0,12
395208,"Washington, NC",msa,NC,2004,106918.0,12
395208,"Washington, NC",msa,NC,2005,119615.0,12
395208,"Washington, NC",msa,NC,2006,129283.0,12
395208,"Washington, NC",msa,NC,2007,134324.0,12
395208,"Washington, NC",msa,NC,2008,134482.0,12
395208,"Washington, NC",msa,NC,2009,126741.0,12
395208,"Washington, NC",msa,NC,2010,116969.0,12
395208,"Washington, NC",msa,NC,2011,112059.0,12
395208,"Washington, NC",msa,NC,2012,114375.0,12
395208,"Washington, NC",msa,NC,2013,110516.0,12
395208,"Washington, NC",msa,NC,2014,111181.0,12
395208,"Washington, NC",msa,NC,2015,120130.0,12
395208,"Washington, NC",msa,NC,2016,124727.0,12
395208,"Washington, NC",msa,NC,2017,128147.0,12
395208,"Washington, NC",msa,NC,2018,134211.0,12
395208,"Washington, NC",msa,NC,2019,139854.0,12
395208,"Washington, NC",msa,NC,2020,158245.0,12
395208,"Washington, NC",msa,NC,2021,177026.0,12
395208,"Washington, NC",msa,NC,2022,207981.0,12
395208,"Washington, NC",msa,NC,2023,218507.0,12
395208,"Washington, NC",msa,NC,2024,231964.0,12
395208,"Washington, NC",msa,NC,2025,235598.0,12
395208,"Washington, NC",msa,NC,2026,236025.0,7
395210,"Waterloo, IA",msa,IA,2007,118356.0,12
395210,"Waterloo, IA",msa,IA,2008,118860.0,12
395210,"Waterloo, IA",msa,IA,2009,118384.0,12
395210,"Waterloo, IA",msa,IA,2010,121950.0,12
395210,"Waterloo, IA",msa,IA,2011,120241.0,12
395210,"Waterloo, IA",msa,IA,2012,125371.0,12
395210,"Waterloo, IA",msa,IA,2013,127934.0,12
395210,"Waterloo, IA",msa,IA,2014,130381.0,12
395210,"Waterloo, IA",msa,IA,2015,134220.0,12
395210,"Waterloo, IA",msa,IA,2016,133809.0,12
395210,"Waterloo, IA",msa,IA,2017,135001.0,12
395210,"Waterloo, IA",msa,IA,2018,139301.0,12
395210,"Waterloo, IA",msa,IA,2019,146736.0,12
395210,"Waterloo, IA",msa,IA,2020,152316.0,12
395210,"Waterloo, IA",msa,IA,2021,161826.0,12
395210,"Waterloo, IA",msa,IA,2022,176363.0,12
395210,"Waterloo, IA",msa,IA,2023,185541.0,12
395210,"Waterloo, IA",msa,IA,2024,194247.0,12
395210,"Waterloo, IA",msa,IA,2025,201851.0,12
395210,"Waterloo, IA",msa,IA,2026,201600.0,7
395213,"Watertown, NY",msa,NY,2000,57970.0,12
395213,"Watertown, NY",msa,NY,2001,61830.0,12
395213,"Watertown, NY",msa,NY,2002,64993.0,12
395213,"Watertown, NY",msa,NY,2003,72185.0,12
395213,"Watertown, NY",msa,NY,2004,82754.0,12
395213,"Watertown, NY",msa,NY,2005,100065.0,12
395213,"Watertown, NY",msa,NY,2006,114130.0,12
395213,"Watertown, NY",msa,NY,2007,125252.0,12
395213,"Watertown, NY",msa,NY,2008,130480.0,12
395213,"Watertown, NY",msa,NY,2009,130713.0,12
395213,"Watertown, NY",msa,NY,2010,132464.0,12
395213,"Watertown, NY",msa,NY,2011,138695.0,12
395213,"Watertown, NY",msa,NY,2012,147084.0,12
395213,"Watertown, NY",msa,NY,2013,149490.0,12
395213,"Watertown, NY",msa,NY,2014,146842.0,12
395213,"Watertown, NY",msa,NY,2015,147981.0,12
395213,"Watertown, NY",msa,NY,2016,146460.0,12
395213,"Watertown, NY",msa,NY,2017,147646.0,12
395213,"Watertown, NY",msa,NY,2018,151354.0,12
395213,"Watertown, NY",msa,NY,2019,157357.0,12
395213,"Watertown, NY",msa,NY,2020,168685.0,12
395213,"Watertown, NY",msa,NY,2021,181406.0,12
395213,"Watertown, NY",msa,NY,2022,201240.0,12
395213,"Watertown, NY",msa,NY,2023,211179.0,12
395213,"Watertown, NY",msa,NY,2024,223831.0,12
395213,"Watertown, NY",msa,NY,2025,223934.0,12
395213,"Watertown, NY",msa,NY,2026,235529.0,7
395211,"Watertown, SD",msa,SD,2015,204680.0,12
395211,"Watertown, SD",msa,SD,2016,216224.0,12
395211,"Watertown, SD",msa,SD,2017,221416.0,12
395211,"Watertown, SD",msa,SD,2018,226231.0,12
395211,"Watertown, SD",msa,SD,2019,236746.0,12
395211,"Watertown, SD",msa,SD,2020,253431.0,12
395211,"Watertown, SD",msa,SD,2021,293443.0,12
395211,"Watertown, SD",msa,SD,2022,322984.0,12
395211,"Watertown, SD",msa,SD,2023,324910.0,12
395211,"Watertown, SD",msa,SD,2024,334582.0,12
395211,"Watertown, SD",msa,SD,2025,337284.0,12
395211,"Watertown, SD",msa,SD,2026,344618.0,7
395212,"Watertown, WI",msa,WI,2005,175747.0,12
395212,"Watertown, WI",msa,WI,2006,184066.0,12
395212,"Watertown, WI",msa,WI,2007,183171.0,12
395212,"Watertown, WI",msa,WI,2008,178103.0,12
395212,"Watertown, WI",msa,WI,2009,171039.0,12
395212,"Watertown, WI",msa,WI,2010,167188.0,12
395212,"Watertown, WI",msa,WI,2011,162208.0,12
395212,"Watertown, WI",msa,WI,2012,166829.0,12
395212,"Watertown, WI",msa,WI,2013,173993.0,12
395212,"Watertown, WI",msa,WI,2014,181452.0,12
395212,"Watertown, WI",msa,WI,2015,187444.0,12
395212,"Watertown, WI",msa,WI,2016,196958.0,12
395212,"Watertown, WI",msa,WI,2017,210421.0,12
395212,"Watertown, WI",msa,WI,2018,221418.0,12
395212,"Watertown, WI",msa,WI,2019,237368.0,12
395212,"Watertown, WI",msa,WI,2020,260051.0,12
395212,"Watertown, WI",msa,WI,2021,288589.0,12
395212,"Watertown, WI",msa,WI,2022,304339.0,12
395212,"Watertown, WI",msa,WI,2023,325944.0,12
395212,"Watertown, WI",msa,WI,2024,346081.0,12
395212,"Watertown, WI",msa,WI,2025,362142.0,12
395212,"Watertown, WI",msa,WI,2026,372776.0,7
395214,"Wauchula, FL",msa,FL,2000,69221.0,12
395214,"Wauchula, FL",msa,FL,2001,75406.0,12
395214,"Wauchula, FL",msa,FL,2002,81149.0,12
395214,"Wauchula, FL",msa,FL,2003,89793.0,12
395214,"Wauchula, FL",msa,FL,2004,106693.0,12
395214,"Wauchula, FL",msa,FL,2005,131379.0,12
395214,"Wauchula, FL",msa,FL,2006,139182.0,12
395214,"Wauchula, FL",msa,FL,2007,127540.0,12
395214,"Wauchula, FL",msa,FL,2008,105745.0,12
395214,"Wauchula, FL",msa,FL,2009,92285.0,12
395214,"Wauchula, FL",msa,FL,2010,91057.0,12
395214,"Wauchula, FL",msa,FL,2011,87260.0,12
395214,"Wauchula, FL",msa,FL,2012,83095.0,12
395214,"Wauchula, FL",msa,FL,2013,85508.0,12
395214,"Wauchula, FL",msa,FL,2014,88171.0,12
395214,"Wauchula, FL",msa,FL,2015,98182.0,12
395214,"Wauchula, FL",msa,FL,2016,109638.0,12
395214,"Wauchula, FL",msa,FL,2017,116207.0,12
395214,"Wauchula, FL",msa,FL,2018,126880.0,12
395214,"Wauchula, FL",msa,FL,2019,136917.0,12
395214,"Wauchula, FL",msa,FL,2020,153139.0,12
395214,"Wauchula, FL",msa,FL,2021,184291.0,12
395214,"Wauchula, FL",msa,FL,2022,213378.0,12
395214,"Wauchula, FL",msa,FL,2023,226968.0,12
395214,"Wauchula, FL",msa,FL,2024,240632.0,12
395214,"Wauchula, FL",msa,FL,2025,244741.0,12
395214,"Wauchula, FL",msa,FL,2026,244152.0,7
395215,"Wausau, WI",msa,WI,2009,134939.0,12
395215,"Wausau, WI",msa,WI,2010,132165.0,12
395215,"Wausau, WI",msa,WI,2011,126722.0,12
395215,"Wausau, WI",msa,WI,2012,128609.0,12
395215,"Wausau, WI",msa,WI,2013,130809.0,12
395215,"Wausau, WI",msa,WI,2014,132580.0,12
395215,"Wausau, WI",msa,WI,2015,138566.0,12
395215,"Wausau, WI",msa,WI,2016,145325.0,12
395215,"Wausau, WI",msa,WI,2017,150782.0,12
395215,"Wausau, WI",msa,WI,2018,160662.0,12
395215,"Wausau, WI",msa,WI,2019,174512.0,12
395215,"Wausau, WI",msa,WI,2020,186735.0,12
395215,"Wausau, WI",msa,WI,2021,200153.0,12
395215,"Wausau, WI",msa,WI,2022,210607.0,12
395215,"Wausau, WI",msa,WI,2023,231467.0,12
395215,"Wausau, WI",msa,WI,2024,247764.0,12
395215,"Wausau, WI",msa,WI,2025,264775.0,12
395215,"Wausau, WI",msa,WI,2026,277316.0,7
395216,"Waycross, GA",msa,GA,2000,69116.0,12
395216,"Waycross, GA",msa,GA,2001,72110.0,12
395216,"Waycross, GA",msa,GA,2002,75245.0,12
395216,"Waycross, GA",msa,GA,2003,78006.0,12
395216,"Waycross, GA",msa,GA,2004,82642.0,12
395216,"Waycross, GA",msa,GA,2005,87904.0,12
395216,"Waycross, GA",msa,GA,2006,93309.0,12
395216,"Waycross, GA",msa,GA,2007,95729.0,12
395216,"Waycross, GA",msa,GA,2008,92645.0,12
395216,"Waycross, GA",msa,GA,2009,86449.0,12
395216,"Waycross, GA",msa,GA,2010,82047.0,12
395216,"Waycross, GA",msa,GA,2011,76749.0,12
395216,"Waycross, GA",msa,GA,2012,77171.0,12
395216,"Waycross, GA",msa,GA,2013,79739.0,12
395216,"Waycross, GA",msa,GA,2014,82798.0,12
395216,"Waycross, GA",msa,GA,2015,85792.0,12
395216,"Waycross, GA",msa,GA,2016,85966.0,12
395216,"Waycross, GA",msa,GA,2017,91565.0,12
395216,"Waycross, GA",msa,GA,2018,98354.0,12
395216,"Waycross, GA",msa,GA,2019,105742.0,12
395216,"Waycross, GA",msa,GA,2020,118249.0,12
395216,"Waycross, GA",msa,GA,2021,138446.0,12
395216,"Waycross, GA",msa,GA,2022,153565.0,12
395216,"Waycross, GA",msa,GA,2023,161766.0,12
395216,"Waycross, GA",msa,GA,2024,166092.0,12
395216,"Waycross, GA",msa,GA,2025,163036.0,12
395216,"Waycross, GA",msa,GA,2026,167014.0,7
753926,"Weatherford, OK",msa,OK,2000,75235.0,12
753926,"Weatherford, OK",msa,OK,2001,79512.0,12
753926,"Weatherford, OK",msa,OK,2002,82367.0,12
753926,"Weatherford, OK",msa,OK,2003,84944.0,12
753926,"Weatherford, OK",msa,OK,2004,87993.0,12
753926,"Weatherford, OK",msa,OK,2005,92426.0,12
753926,"Weatherford, OK",msa,OK,2006,97272.0,12
753926,"Weatherford, OK",msa,OK,2007,101382.0,12
753926,"Weatherford, OK",msa,OK,2008,93862.0,12
753926,"Weatherford, OK",msa,OK,2009,92376.0,12
753926,"Weatherford, OK",msa,OK,2010,86077.0,12
753926,"Weatherford, OK",msa,OK,2011,85577.0,12
753926,"Weatherford, OK",msa,OK,2012,92205.0,12
753926,"Weatherford, OK",msa,OK,2013,97762.0,12
753926,"Weatherford, OK",msa,OK,2014,106308.0,12
753926,"Weatherford, OK",msa,OK,2015,116361.0,12
753926,"Weatherford, OK",msa,OK,2016,115202.0,12
753926,"Weatherford, OK",msa,OK,2017,114823.0,12
753926,"Weatherford, OK",msa,OK,2018,117947.0,12
753926,"Weatherford, OK",msa,OK,2019,123721.0,12
753926,"Weatherford, OK",msa,OK,2020,127624.0,12
753926,"Weatherford, OK",msa,OK,2021,133994.0,12
753926,"Weatherford, OK",msa,OK,2022,145481.0,12
753926,"Weatherford, OK",msa,OK,2023,156358.0,12
753926,"Weatherford, OK",msa,OK,2024,165976.0,12
753926,"Weatherford, OK",msa,OK,2025,173566.0,12
753926,"Weatherford, OK",msa,OK,2026,177912.0,7
395217,"Weirton, WV",msa,OH,2008,62715.0,12
395217,"Weirton, WV",msa,OH,2009,61965.0,12
395217,"Weirton, WV",msa,OH,2010,60624.0,12
395217,"Weirton, WV",msa,OH,2011,59451.0,12
395217,"Weirton, WV",msa,OH,2012,64884.0,12
395217,"Weirton, WV",msa,OH,2013,65254.0,12
395217,"Weirton, WV",msa,OH,2014,71433.0,12
395217,"Weirton, WV",msa,OH,2015,74694.0,12
395217,"Weirton, WV",msa,OH,2016,76013.0,12
395217,"Weirton, WV",msa,OH,2017,79148.0,12
395217,"Weirton, WV",msa,OH,2018,83963.0,12
395217,"Weirton, WV",msa,OH,2019,87583.0,12
395217,"Weirton, WV",msa,OH,2020,99091.0,12
395217,"Weirton, WV",msa,OH,2021,107525.0,12
395217,"Weirton, WV",msa,OH,2022,116799.0,12
395217,"Weirton, WV",msa,OH,2023,119342.0,12
395217,"Weirton, WV",msa,OH,2024,126157.0,12
395217,"Weirton, WV",msa,OH,2025,130041.0,12
395217,"Weirton, WV",msa,OH,2026,133580.0,7
395218,"Wenatchee, WA",msa,WA,2001,157704.0,12
395218,"Wenatchee, WA",msa,WA,2002,160859.0,12
395218,"Wenatchee, WA",msa,WA,2003,167007.0,12
395218,"Wenatchee, WA",msa,WA,2004,185331.0,12
395218,"Wenatchee, WA",msa,WA,2005,227372.0,12
395218,"Wenatchee, WA",msa,WA,2006,257967.0,12
395218,"Wenatchee, WA",msa,WA,2007,283690.0,12
395218,"Wenatchee, WA",msa,WA,2008,253060.0,12
395218,"Wenatchee, WA",msa,WA,2009,236131.0,12
395218,"Wenatchee, WA",msa,WA,2010,228754.0,12
395218,"Wenatchee, WA",msa,WA,2011,218457.0,12
395218,"Wenatchee, WA",msa,WA,2012,223737.0,12
395218,"Wenatchee, WA",msa,WA,2013,237473.0,12
395218,"Wenatchee, WA",msa,WA,2014,249844.0,12
395218,"Wenatchee, WA",msa,WA,2015,274684.0,12
395218,"Wenatchee, WA",msa,WA,2016,291423.0,12
395218,"Wenatchee, WA",msa,WA,2017,314410.0,12
395218,"Wenatchee, WA",msa,WA,2018,344648.0,12
395218,"Wenatchee, WA",msa,WA,2019,378604.0,12
395218,"Wenatchee, WA",msa,WA,2020,421567.0,12
395218,"Wenatchee, WA",msa,WA,2021,490920.0,12
395218,"Wenatchee, WA",msa,WA,2022,512611.0,12
395218,"Wenatchee, WA",msa,WA,2023,512463.0,12
395218,"Wenatchee, WA",msa,WA,2024,525479.0,12
395218,"Wenatchee, WA",msa,WA,2025,529110.0,12
395218,"Wenatchee, WA",msa,WA,2026,528302.0,7
395219,"West Plains, MO",msa,MO,2009,90389.0,12
395219,"West Plains, MO",msa,MO,2010,90300.0,12
395219,"West Plains, MO",msa,MO,2011,88190.0,12
395219,"West Plains, MO",msa,MO,2012,97850.0,12
395219,"West Plains, MO",msa,MO,2013,99543.0,12
395219,"West Plains, MO",msa,MO,2014,98796.0,12
395219,"West Plains, MO",msa,MO,2015,105823.0,12
395219,"West Plains, MO",msa,MO,2016,112946.0,12
395219,"West Plains, MO",msa,MO,2017,112271.0,12
395219,"West Plains, MO",msa,MO,2018,116715.0,12
395219,"West Plains, MO",msa,MO,2019,123218.0,12
395219,"West Plains, MO",msa,MO,2020,139033.0,12
395219,"West Plains, MO",msa,MO,2021,164422.0,12
395219,"West Plains, MO",msa,MO,2022,187418.0,12
395219,"West Plains, MO",msa,MO,2023,197168.0,12
395219,"West Plains, MO",msa,MO,2024,207402.0,12
395219,"West Plains, MO",msa,MO,2025,217682.0,12
395219,"West Plains, MO",msa,MO,2026,226733.0,7
395221,"Wheeling, WV",msa,OH,2000,56785.0,12
395221,"Wheeling, WV",msa,OH,2001,59780.0,12
395221,"Wheeling, WV",msa,OH,2002,62143.0,12
395221,"Wheeling, WV",msa,OH,2003,64450.0,12
395221,"Wheeling, WV",msa,OH,2004,68432.0,12
395221,"Wheeling, WV",msa,OH,2005,77514.0,12
395221,"Wheeling, WV",msa,OH,2006,83131.0,12
395221,"Wheeling, WV",msa,OH,2007,85656.0,12
395221,"Wheeling, WV",msa,OH,2008,86005.0,12
395221,"Wheeling, WV",msa,OH,2009,83381.0,12
395221,"Wheeling, WV",msa,OH,2010,84776.0,12
395221,"Wheeling, WV",msa,OH,2011,83846.0,12
395221,"Wheeling, WV",msa,OH,2012,86304.0,12
395221,"Wheeling, WV",msa,OH,2013,90461.0,12
395221,"Wheeling, WV",msa,OH,2014,93884.0,12
395221,"Wheeling, WV",msa,OH,2015,100674.0,12
395221,"Wheeling, WV",msa,OH,2016,100213.0,12
395221,"Wheeling, WV",msa,OH,2017,101547.0,12
395221,"Wheeling, WV",msa,OH,2018,108936.0,12
395221,"Wheeling, WV",msa,OH,2019,110337.0,12
395221,"Wheeling, WV",msa,OH,2020,122774.0,12
395221,"Wheeling, WV",msa,OH,2021,125903.0,12
395221,"Wheeling, WV",msa,OH,2022,131446.0,12
395221,"Wheeling, WV",msa,OH,2023,131052.0,12
395221,"Wheeling, WV",msa,OH,2024,135385.0,12
395221,"Wheeling, WV",msa,OH,2025,140554.0,12
395221,"Wheeling, WV",msa,OH,2026,143257.0,7
395222,"Whitewater, WI",msa,WI,2000,177483.0,12
395222,"Whitewater, WI",msa,WI,2001,184272.0,12
395222,"Whitewater, WI",msa,WI,2002,189037.0,12
395222,"Whitewater, WI",msa,WI,2003,198363.0,12
395222,"Whitewater, WI",msa,WI,2004,217478.0,12
395222,"Whitewater, WI",msa,WI,2005,231164.0,12
395222,"Whitewater, WI",msa,WI,2006,244100.0,12
395222,"Whitewater, WI",msa,WI,2007,251117.0,12
395222,"Whitewater, WI",msa,WI,2008,239877.0,12
395222,"Whitewater, WI",msa,WI,2009,219684.0,12
395222,"Whitewater, WI",msa,WI,2010,203336.0,12
395222,"Whitewater, WI",msa,WI,2011,184635.0,12
395222,"Whitewater, WI",msa,WI,2012,183263.0,12
395222,"Whitewater, WI",msa,WI,2013,193585.0,12
395222,"Whitewater, WI",msa,WI,2014,198352.0,12
395222,"Whitewater, WI",msa,WI,2015,208345.0,12
395222,"Whitewater, WI",msa,WI,2016,216642.0,12
395222,"Whitewater, WI",msa,WI,2017,233081.0,12
395222,"Whitewater, WI",msa,WI,2018,247327.0,12
395222,"Whitewater, WI",msa,WI,2019,263027.0,12
395222,"Whitewater, WI",msa,WI,2020,292155.0,12
395222,"Whitewater, WI",msa,WI,2021,333601.0,12
395222,"Whitewater, WI",msa,WI,2022,357799.0,12
395222,"Whitewater, WI",msa,WI,2023,376914.0,12
395222,"Whitewater, WI",msa,WI,2024,392649.0,12
395222,"Whitewater, WI",msa,WI,2025,407736.0,12
395222,"Whitewater, WI",msa,WI,2026,414406.0,7
395223,"Wichita Falls, TX",msa,TX,2009,105840.0,12
395223,"Wichita Falls, TX",msa,TX,2010,105030.0,12
395223,"Wichita Falls, TX",msa,TX,2011,103436.0,12
395223,"Wichita Falls, TX",msa,TX,2012,96438.0,12
395223,"Wichita Falls, TX",msa,TX,2013,95961.0,12
395223,"Wichita Falls, TX",msa,TX,2014,98349.0,12
395223,"Wichita Falls, TX",msa,TX,2015,98229.0,12
395223,"Wichita Falls, TX",msa,TX,2016,99742.0,12
395223,"Wichita Falls, TX",msa,TX,2017,103197.0,12
395223,"Wichita Falls, TX",msa,TX,2018,110063.0,12
395223,"Wichita Falls, TX",msa,TX,2019,116434.0,12
395223,"Wichita Falls, TX",msa,TX,2020,131122.0,12
395223,"Wichita Falls, TX",msa,TX,2021,154552.0,12
395223,"Wichita Falls, TX",msa,TX,2022,170126.0,12
395223,"Wichita Falls, TX",msa,TX,2023,172299.0,12
395223,"Wichita Falls, TX",msa,TX,2024,177550.0,12
395223,"Wichita Falls, TX",msa,TX,2025,175714.0,12
395223,"Wichita Falls, TX",msa,TX,2026,178592.0,7
395224,"Wichita, KS",msa,KS,2002,97895.0,12
395224,"Wichita, KS",msa,KS,2003,99802.0,12
395224,"Wichita, KS",msa,KS,2004,111059.0,12
395224,"Wichita, KS",msa,KS,2005,109047.0,12
395224,"Wichita, KS",msa,KS,2006,112637.0,12
395224,"Wichita, KS",msa,KS,2007,116206.0,12
395224,"Wichita, KS",msa,KS,2008,117262.0,12
395224,"Wichita, KS",msa,KS,2009,119294.0,12
395224,"Wichita, KS",msa,KS,2010,116483.0,12
395224,"Wichita, KS",msa,KS,2011,112363.0,12
395224,"Wichita, KS",msa,KS,2012,113389.0,12
395224,"Wichita, KS",msa,KS,2013,113636.0,12
395224,"Wichita, KS",msa,KS,2014,116428.0,12
395224,"Wichita, KS",msa,KS,2015,122488.0,12
395224,"Wichita, KS",msa,KS,2016,125713.0,12
395224,"Wichita, KS",msa,KS,2017,130112.0,12
395224,"Wichita, KS",msa,KS,2018,136122.0,12
395224,"Wichita, KS",msa,KS,2019,145650.0,12
395224,"Wichita, KS",msa,KS,2020,159855.0,12
395224,"Wichita, KS",msa,KS,2021,177674.0,12
395224,"Wichita, KS",msa,KS,2022,196454.0,12
395224,"Wichita, KS",msa,KS,2023,206748.0,12
395224,"Wichita, KS",msa,KS,2024,220883.0,12
395224,"Wichita, KS",msa,KS,2025,222673.0,12
395224,"Wichita, KS",msa,KS,2026,226045.0,7
395225,"Williamsport, PA",msa,PA,2000,104441.0,12
395225,"Williamsport, PA",msa,PA,2001,109831.0,12
395225,"Williamsport, PA",msa,PA,2002,115747.0,12
395225,"Williamsport, PA",msa,PA,2003,123095.0,12
395225,"Williamsport, PA",msa,PA,2004,135952.0,12
395225,"Williamsport, PA",msa,PA,2005,138724.0,12
395225,"Williamsport, PA",msa,PA,2006,142647.0,12
395225,"Williamsport, PA",msa,PA,2007,146056.0,12
395225,"Williamsport, PA",msa,PA,2008,144037.0,12
395225,"Williamsport, PA",msa,PA,2009,140856.0,12
395225,"Williamsport, PA",msa,PA,2010,141230.0,12
395225,"Williamsport, PA",msa,PA,2011,140370.0,12
395225,"Williamsport, PA",msa,PA,2012,142054.0,12
395225,"Williamsport, PA",msa,PA,2013,145347.0,12
395225,"Williamsport, PA",msa,PA,2014,148586.0,12
395225,"Williamsport, PA",msa,PA,2015,153826.0,12
395225,"Williamsport, PA",msa,PA,2016,155696.0,12
395225,"Williamsport, PA",msa,PA,2017,159899.0,12
395225,"Williamsport, PA",msa,PA,2018,159976.0,12
395225,"Williamsport, PA",msa,PA,2019,169125.0,12
395225,"Williamsport, PA",msa,PA,2020,182294.0,12
395225,"Williamsport, PA",msa,PA,2021,191637.0,12
395225,"Williamsport, PA",msa,PA,2022,206806.0,12
395225,"Williamsport, PA",msa,PA,2023,215165.0,12
395225,"Williamsport, PA",msa,PA,2024,222322.0,12
395225,"Williamsport, PA",msa,PA,2025,232714.0,12
395225,"Williamsport, PA",msa,PA,2026,238628.0,7
395227,"Williston, ND",msa,ND,2009,184877.0,12
395227,"Williston, ND",msa,ND,2010,200901.0,12
395227,"Williston, ND",msa,ND,2011,207917.0,12
395227,"Williston, ND",msa,ND,2012,255028.0,12
395227,"Williston, ND",msa,ND,2013,290571.0,12
395227,"Williston, ND",msa,ND,2014,316850.0,12
395227,"Williston, ND",msa,ND,2015,331484.0,12
395227,"Williston, ND",msa,ND,2016,283664.0,12
395227,"Williston, ND",msa,ND,2017,271355.0,12
395227,"Williston, ND",msa,ND,2018,268350.0,12
395227,"Williston, ND",msa,ND,2019,297308.0,12
395227,"Williston, ND",msa,ND,2020,305828.0,12
395227,"Williston, ND",msa,ND,2021,312290.0,12
395227,"Williston, ND",msa,ND,2022,320996.0,12
395227,"Williston, ND",msa,ND,2023,308366.0,12
395227,"Williston, ND",msa,ND,2024,325294.0,12
395227,"Williston, ND",msa,ND,2025,349659.0,12
395227,"Williston, ND",msa,ND,2026,356655.0,7
395228,"Willmar, MN",msa,MN,2005,178608.0,12
395228,"Willmar, MN",msa,MN,2006,180799.0,12
395228,"Willmar, MN",msa,MN,2007,176478.0,12
395228,"Willmar, MN",msa,MN,2008,169146.0,12
395228,"Willmar, MN",msa,MN,2009,158896.0,12
395228,"Willmar, MN",msa,MN,2010,151569.0,12
395228,"Willmar, MN",msa,MN,2011,150931.0,12
395228,"Willmar, MN",msa,MN,2012,154691.0,12
395228,"Willmar, MN",msa,MN,2013,159392.0,12
395228,"Willmar, MN",msa,MN,2014,161810.0,12
395228,"Willmar, MN",msa,MN,2015,168340.0,12
395228,"Willmar, MN",msa,MN,2016,169341.0,12
395228,"Willmar, MN",msa,MN,2017,173697.0,12
395228,"Willmar, MN",msa,MN,2018,182206.0,12
395228,"Willmar, MN",msa,MN,2019,194712.0,12
395228,"Willmar, MN",msa,MN,2020,212124.0,12
395228,"Willmar, MN",msa,MN,2021,240690.0,12
395228,"Willmar, MN",msa,MN,2022,255695.0,12
395228,"Willmar, MN",msa,MN,2023,265037.0,12
395228,"Willmar, MN",msa,MN,2024,279467.0,12
395228,"Willmar, MN",msa,MN,2025,286420.0,12
395228,"Willmar, MN",msa,MN,2026,291228.0,7
395229,"Wilmington, NC",msa,NC,2003,181569.0,12
395229,"Wilmington, NC",msa,NC,2004,192610.0,12
395229,"Wilmington, NC",msa,NC,2005,222467.0,12
395229,"Wilmington, NC",msa,NC,2006,257240.0,12
395229,"Wilmington, NC",msa,NC,2007,264763.0,12
395229,"Wilmington, NC",msa,NC,2008,249104.0,12
395229,"Wilmington, NC",msa,NC,2009,229844.0,12
395229,"Wilmington, NC",msa,NC,2010,212982.0,12
395229,"Wilmington, NC",msa,NC,2011,198263.0,12
395229,"Wilmington, NC",msa,NC,2012,193546.0,12
395229,"Wilmington, NC",msa,NC,2013,206642.0,12
395229,"Wilmington, NC",msa,NC,2014,213857.0,12
395229,"Wilmington, NC",msa,NC,2015,226486.0,12
395229,"Wilmington, NC",msa,NC,2016,236197.0,12
395229,"Wilmington, NC",msa,NC,2017,250781.0,12
395229,"Wilmington, NC",msa,NC,2018,263439.0,12
395229,"Wilmington, NC",msa,NC,2019,278406.0,12
395229,"Wilmington, NC",msa,NC,2020,304973.0,12
395229,"Wilmington, NC",msa,NC,2021,362310.0,12
395229,"Wilmington, NC",msa,NC,2022,416801.0,12
395229,"Wilmington, NC",msa,NC,2023,439898.0,12
395229,"Wilmington, NC",msa,NC,2024,450507.0,12
395229,"Wilmington, NC",msa,NC,2025,447053.0,12
395229,"Wilmington, NC",msa,NC,2026,448165.0,7
395230,"Wilmington, OH",msa,OH,2003,101359.0,12
395230,"Wilmington, OH",msa,OH,2004,101496.0,12
395230,"Wilmington, OH",msa,OH,2005,105759.0,12
395230,"Wilmington, OH",msa,OH,2006,108184.0,12
395230,"Wilmington, OH",msa,OH,2007,107085.0,12
395230,"Wilmington, OH",msa,OH,2008,105338.0,12
395230,"Wilmington, OH",msa,OH,2009,101266.0,12
395230,"Wilmington, OH",msa,OH,2010,98421.0,12
395230,"Wilmington, OH",msa,OH,2011,95578.0,12
395230,"Wilmington, OH",msa,OH,2012,98724.0,12
395230,"Wilmington, OH",msa,OH,2013,105098.0,12
395230,"Wilmington, OH",msa,OH,2014,111219.0,12
395230,"Wilmington, OH",msa,OH,2015,122012.0,12
395230,"Wilmington, OH",msa,OH,2016,132052.0,12
395230,"Wilmington, OH",msa,OH,2017,139961.0,12
395230,"Wilmington, OH",msa,OH,2018,147756.0,12
395230,"Wilmington, OH",msa,OH,2019,156201.0,12
395230,"Wilmington, OH",msa,OH,2020,179139.0,12
395230,"Wilmington, OH",msa,OH,2021,202687.0,12
395230,"Wilmington, OH",msa,OH,2022,219025.0,12
395230,"Wilmington, OH",msa,OH,2023,229286.0,12
395230,"Wilmington, OH",msa,OH,2024,243824.0,12
395230,"Wilmington, OH",msa,OH,2025,251907.0,12
395230,"Wilmington, OH",msa,OH,2026,258921.0,7
395231,"Wilson, NC",msa,NC,2009,107580.0,12
395231,"Wilson, NC",msa,NC,2010,104300.0,12
395231,"Wilson, NC",msa,NC,2011,101144.0,12
395231,"Wilson, NC",msa,NC,2012,103437.0,12
395231,"Wilson, NC",msa,NC,2013,105874.0,12
395231,"Wilson, NC",msa,NC,2014,109800.0,12
395231,"Wilson, NC",msa,NC,2015,109180.0,12
395231,"Wilson, NC",msa,NC,2016,110683.0,12
395231,"Wilson, NC",msa,NC,2017,117222.0,12
395231,"Wilson, NC",msa,NC,2018,122103.0,12
395231,"Wilson, NC",msa,NC,2019,127693.0,12
395231,"Wilson, NC",msa,NC,2020,144129.0,12
395231,"Wilson, NC",msa,NC,2021,168112.0,12
395231,"Wilson, NC",msa,NC,2022,202131.0,12
395231,"Wilson, NC",msa,NC,2023,213383.0,12
395231,"Wilson, NC",msa,NC,2024,219782.0,12
395231,"Wilson, NC",msa,NC,2025,219884.0,12
395231,"Wilson, NC",msa,NC,2026,218179.0,7
395232,"Winchester, VA",msa,VA,2000,128357.0,12
395232,"Winchester, VA",msa,VA,2001,138201.0,12
395232,"Winchester, VA",msa,VA,2002,152700.0,12
395232,"Winchester, VA",msa,VA,2003,171532.0,12
395232,"Winchester, VA",msa,VA,2004,211892.0,12
395232,"Winchester, VA",msa,VA,2005,258932.0,12
395232,"Winchester, VA",msa,VA,2006,272396.0,12
395232,"Winchester, VA",msa,VA,2007,253021.0,12
395232,"Winchester, VA",msa,VA,2008,219381.0,12
395232,"Winchester, VA",msa,VA,2009,193657.0,12
395232,"Winchester, VA",msa,VA,2010,193835.0,12
395232,"Winchester, VA",msa,VA,2011,188752.0,12
395232,"Winchester, VA",msa,VA,2012,192011.0,12
395232,"Winchester, VA",msa,VA,2013,204365.0,12
395232,"Winchester, VA",msa,VA,2014,210353.0,12
395232,"Winchester, VA",msa,VA,2015,220145.0,12
395232,"Winchester, VA",msa,VA,2016,229225.0,12
395232,"Winchester, VA",msa,VA,2017,241212.0,12
395232,"Winchester, VA",msa,VA,2018,248662.0,12
395232,"Winchester, VA",msa,VA,2019,261909.0,12
395232,"Winchester, VA",msa,VA,2020,285439.0,12
395232,"Winchester, VA",msa,VA,2021,325012.0,12
395232,"Winchester, VA",msa,VA,2022,351968.0,12
395232,"Winchester, VA",msa,VA,2023,366622.0,12
395232,"Winchester, VA",msa,VA,2024,381451.0,12
395232,"Winchester, VA",msa,VA,2025,387106.0,12
395232,"Winchester, VA",msa,VA,2026,389180.0,7
753927,"Winnemucca, NV",msa,NV,2015,184546.0,12
753927,"Winnemucca, NV",msa,NV,2016,196846.0,12
753927,"Winnemucca, NV",msa,NV,2017,200591.0,12
753927,"Winnemucca, NV",msa,NV,2018,213613.0,12
753927,"Winnemucca, NV",msa,NV,2019,223989.0,12
753927,"Winnemucca, NV",msa,NV,2020,245652.0,12
753927,"Winnemucca, NV",msa,NV,2021,293339.0,12
753927,"Winnemucca, NV",msa,NV,2022,303002.0,12
753927,"Winnemucca, NV",msa,NV,2023,322272.0,12
753927,"Winnemucca, NV",msa,NV,2024,337611.0,12
753927,"Winnemucca, NV",msa,NV,2025,350799.0,12
753927,"Winnemucca, NV",msa,NV,2026,356970.0,7
395234,"Winona, MN",msa,MN,2011,141923.0,12
395234,"Winona, MN",msa,MN,2012,147785.0,12
395234,"Winona, MN",msa,MN,2013,148192.0,12
395234,"Winona, MN",msa,MN,2014,152211.0,12
395234,"Winona, MN",msa,MN,2015,160626.0,12
395234,"Winona, MN",msa,MN,2016,167101.0,12
395234,"Winona, MN",msa,MN,2017,173890.0,12
395234,"Winona, MN",msa,MN,2018,178696.0,12
395234,"Winona, MN",msa,MN,2019,186865.0,12
395234,"Winona, MN",msa,MN,2020,201260.0,12
395234,"Winona, MN",msa,MN,2021,222560.0,12
395234,"Winona, MN",msa,MN,2022,239766.0,12
395234,"Winona, MN",msa,MN,2023,253866.0,12
395234,"Winona, MN",msa,MN,2024,268851.0,12
395234,"Winona, MN",msa,MN,2025,280755.0,12
395234,"Winona, MN",msa,MN,2026,285583.0,7
395235,"Winston, NC",msa,NC,2000,123509.0,12
395235,"Winston, NC",msa,NC,2001,128443.0,12
395235,"Winston, NC",msa,NC,2002,130325.0,12
395235,"Winston, NC",msa,NC,2003,133237.0,12
395235,"Winston, NC",msa,NC,2004,137669.0,12
395235,"Winston, NC",msa,NC,2005,142956.0,12
395235,"Winston, NC",msa,NC,2006,148981.0,12
395235,"Winston, NC",msa,NC,2007,151950.0,12
395235,"Winston, NC",msa,NC,2008,150971.0,12
395235,"Winston, NC",msa,NC,2009,145573.0,12
395235,"Winston, NC",msa,NC,2010,142106.0,12
395235,"Winston, NC",msa,NC,2011,136025.0,12
395235,"Winston, NC",msa,NC,2012,135112.0,12
395235,"Winston, NC",msa,NC,2013,135269.0,12
395235,"Winston, NC",msa,NC,2014,138535.0,12
395235,"Winston, NC",msa,NC,2015,143273.0,12
395235,"Winston, NC",msa,NC,2016,148199.0,12
395235,"Winston, NC",msa,NC,2017,155867.0,12
395235,"Winston, NC",msa,NC,2018,165423.0,12
395235,"Winston, NC",msa,NC,2019,177370.0,12
395235,"Winston, NC",msa,NC,2020,198239.0,12
395235,"Winston, NC",msa,NC,2021,224335.0,12
395235,"Winston, NC",msa,NC,2022,255520.0,12
395235,"Winston, NC",msa,NC,2023,267045.0,12
395235,"Winston, NC",msa,NC,2024,276019.0,12
395235,"Winston, NC",msa,NC,2025,280911.0,12
395235,"Winston, NC",msa,NC,2026,282311.0,7
753928,"Wisconsin Rapids, WI",msa,WI,2009,119942.0,12
753928,"Wisconsin Rapids, WI",msa,WI,2010,118863.0,12
753928,"Wisconsin Rapids, WI",msa,WI,2011,115755.0,12
753928,"Wisconsin Rapids, WI",msa,WI,2012,115812.0,12
753928,"Wisconsin Rapids, WI",msa,WI,2013,116819.0,12
753928,"Wisconsin Rapids, WI",msa,WI,2014,115433.0,12
753928,"Wisconsin Rapids, WI",msa,WI,2015,119229.0,12
753928,"Wisconsin Rapids, WI",msa,WI,2016,120886.0,12
753928,"Wisconsin Rapids, WI",msa,WI,2017,129922.0,12
753928,"Wisconsin Rapids, WI",msa,WI,2018,139239.0,12
753928,"Wisconsin Rapids, WI",msa,WI,2019,150188.0,12
753928,"Wisconsin Rapids, WI",msa,WI,2020,159225.0,12
753928,"Wisconsin Rapids, WI",msa,WI,2021,171700.0,12
753928,"Wisconsin Rapids, WI",msa,WI,2022,184252.0,12
753928,"Wisconsin Rapids, WI",msa,WI,2023,198862.0,12
753928,"Wisconsin Rapids, WI",msa,WI,2024,214158.0,12
753928,"Wisconsin Rapids, WI",msa,WI,2025,230666.0,12
753928,"Wisconsin Rapids, WI",msa,WI,2026,236903.0,7
395236,"Woodward, OK",msa,OK,2000,67266.0,12
395236,"Woodward, OK",msa,OK,2001,70374.0,12
395236,"Woodward, OK",msa,OK,2002,73167.0,12
395236,"Woodward, OK",msa,OK,2003,76429.0,12
395236,"Woodward, OK",msa,OK,2004,80580.0,12
395236,"Woodward, OK",msa,OK,2005,84979.0,12
395236,"Woodward, OK",msa,OK,2006,89900.0,12
395236,"Woodward, OK",msa,OK,2007,94128.0,12
395236,"Woodward, OK",msa,OK,2008,89296.0,12
395236,"Woodward, OK",msa,OK,2009,92401.0,12
395236,"Woodward, OK",msa,OK,2010,88410.0,12
395236,"Woodward, OK",msa,OK,2011,88113.0,12
395236,"Woodward, OK",msa,OK,2012,96490.0,12
395236,"Woodward, OK",msa,OK,2013,104530.0,12
395236,"Woodward, OK",msa,OK,2014,109457.0,12
395236,"Woodward, OK",msa,OK,2015,112917.0,12
395236,"Woodward, OK",msa,OK,2016,107608.0,12
395236,"Woodward, OK",msa,OK,2017,103719.0,12
395236,"Woodward, OK",msa,OK,2018,108393.0,12
395236,"Woodward, OK",msa,OK,2019,110998.0,12
395236,"Woodward, OK",msa,OK,2020,114644.0,12
395236,"Woodward, OK",msa,OK,2021,117999.0,12
395236,"Woodward, OK",msa,OK,2022,124206.0,12
395236,"Woodward, OK",msa,OK,2023,125417.0,12
395236,"Woodward, OK",msa,OK,2024,125653.0,12
395236,"Woodward, OK",msa,OK,2025,127665.0,12
395236,"Woodward, OK",msa,OK,2026,129145.0,7
395238,"Worcester, MA",msa,MA,2000,180918.0,12
395238,"Worcester, MA",msa,MA,2001,208234.0,12
395238,"Worcester, MA",msa,MA,2002,236819.0,12
395238,"Worcester, MA",msa,MA,2003,268182.0,12
395238,"Worcester, MA",msa,MA,2004,293665.0,12
395238,"Worcester, MA",msa,MA,2005,314526.0,12
395238,"Worcester, MA",msa,MA,2006,304975.0,12
395238,"Worcester, MA",msa,MA,2007,287992.0,12
395238,"Worcester, MA",msa,MA,2008,259019.0,12
395238,"Worcester, MA",msa,MA,2009,245738.0,12
395238,"Worcester, MA",msa,MA,2010,239216.0,12
395238,"Worcester, MA",msa,MA,2011,224484.0,12
395238,"Worcester, MA",msa,MA,2012,212028.0,12
395238,"Worcester, MA",msa,MA,2013,223989.0,12
395238,"Worcester, MA",msa,MA,2014,231338.0,12
395238,"Worcester, MA",msa,MA,2015,242021.0,12
395238,"Worcester, MA",msa,MA,2016,256615.0,12
395238,"Worcester, MA",msa,MA,2017,275014.0,12
395238,"Worcester, MA",msa,MA,2018,289376.0,12
395238,"Worcester, MA",msa,MA,2019,301161.0,12
395238,"Worcester, MA",msa,MA,2020,336718.0,12
395238,"Worcester, MA",msa,MA,2021,374507.0,12
395238,"Worcester, MA",msa,MA,2022,410122.0,12
395238,"Worcester, MA",msa,MA,2023,447065.0,12
395238,"Worcester, MA",msa,MA,2024,473771.0,12
395238,"Worcester, MA",msa,MA,2025,482321.0,12
395238,"Worcester, MA",msa,MA,2026,485789.0,7
395239,"Worthington, MN",msa,MN,2013,122387.0,12
395239,"Worthington, MN",msa,MN,2014,127440.0,12
395239,"Worthington, MN",msa,MN,2015,132559.0,12
395239,"Worthington, MN",msa,MN,2016,142308.0,12
395239,"Worthington, MN",msa,MN,2017,148215.0,12
395239,"Worthington, MN",msa,MN,2018,149934.0,12
395239,"Worthington, MN",msa,MN,2019,160086.0,12
395239,"Worthington, MN",msa,MN,2020,172456.0,12
395239,"Worthington, MN",msa,MN,2021,199312.0,12
395239,"Worthington, MN",msa,MN,2022,213698.0,12
395239,"Worthington, MN",msa,MN,2023,214006.0,12
395239,"Worthington, MN",msa,MN,2024,224147.0,12
395239,"Worthington, MN",msa,MN,2025,237733.0,12
395239,"Worthington, MN",msa,MN,2026,246974.0,7
395240,"Yakima, WA",msa,WA,2000,121532.0,12
395240,"Yakima, WA",msa,WA,2001,120705.0,12
395240,"Yakima, WA",msa,WA,2002,124467.0,12
395240,"Yakima, WA",msa,WA,2003,128361.0,12
395240,"Yakima, WA",msa,WA,2004,135891.0,12
395240,"Yakima, WA",msa,WA,2005,140310.0,12
395240,"Yakima, WA",msa,WA,2006,154603.0,12
395240,"Yakima, WA",msa,WA,2007,162443.0,12
395240,"Yakima, WA",msa,WA,2008,162598.0,12
395240,"Yakima, WA",msa,WA,2009,157999.0,12
395240,"Yakima, WA",msa,WA,2010,161427.0,12
395240,"Yakima, WA",msa,WA,2011,148248.0,12
395240,"Yakima, WA",msa,WA,2012,155313.0,12
395240,"Yakima, WA",msa,WA,2013,157399.0,12
395240,"Yakima, WA",msa,WA,2014,159186.0,12
395240,"Yakima, WA",msa,WA,2015,170709.0,12
395240,"Yakima, WA",msa,WA,2016,183123.0,12
395240,"Yakima, WA",msa,WA,2017,201106.0,12
395240,"Yakima, WA",msa,WA,2018,217515.0,12
395240,"Yakima, WA",msa,WA,2019,246837.0,12
395240,"Yakima, WA",msa,WA,2020,280931.0,12
395240,"Yakima, WA",msa,WA,2021,316044.0,12
395240,"Yakima, WA",msa,WA,2022,332921.0,12
395240,"Yakima, WA",msa,WA,2023,340759.0,12
395240,"Yakima, WA",msa,WA,2024,350832.0,12
395240,"Yakima, WA",msa,WA,2025,357662.0,12
395240,"Yakima, WA",msa,WA,2026,358231.0,7
395241,"Yankton, SD",msa,SD,2009,149019.0,12
395241,"Yankton, SD",msa,SD,2010,151386.0,12
395241,"Yankton, SD",msa,SD,2011,148702.0,12
395241,"Yankton, SD",msa,SD,2012,157602.0,12
395241,"Yankton, SD",msa,SD,2013,164784.0,12
395241,"Yankton, SD",msa,SD,2014,175646.0,12
395241,"Yankton, SD",msa,SD,2015,187929.0,12
395241,"Yankton, SD",msa,SD,2016,190443.0,12
395241,"Yankton, SD",msa,SD,2017,195916.0,12
395241,"Yankton, SD",msa,SD,2018,203953.0,12
395241,"Yankton, SD",msa,SD,2019,207253.0,12
395241,"Yankton, SD",msa,SD,2020,220254.0,12
395241,"Yankton, SD",msa,SD,2021,247376.0,12
395241,"Yankton, SD",msa,SD,2022,268563.0,12
395241,"Yankton, SD",msa,SD,2023,258492.0,12
395241,"Yankton, SD",msa,SD,2024,270960.0,12
395241,"Yankton, SD",msa,SD,2025,280037.0,12
395241,"Yankton, SD",msa,SD,2026,281287.0,7
395244,"York, PA",msa,PA,2000,122423.0,12
395244,"York, PA",msa,PA,2001,126147.0,12
395244,"York, PA",msa,PA,2002,131273.0,12
395244,"York, PA",msa,PA,2003,141073.0,12
395244,"York, PA",msa,PA,2004,155228.0,12
395244,"York, PA",msa,PA,2005,177726.0,12
395244,"York, PA",msa,PA,2006,196668.0,12
395244,"York, PA",msa,PA,2007,201194.0,12
395244,"York, PA",msa,PA,2008,187193.0,12
395244,"York, PA",msa,PA,2009,179641.0,12
395244,"York, PA",msa,PA,2010,171442.0,12
395244,"York, PA",msa,PA,2011,161418.0,12
395244,"York, PA",msa,PA,2012,160352.0,12
395244,"York, PA",msa,PA,2013,160904.0,12
395244,"York, PA",msa,PA,2014,163006.0,12
395244,"York, PA",msa,PA,2015,168584.0,12
395244,"York, PA",msa,PA,2016,174669.0,12
395244,"York, PA",msa,PA,2017,182105.0,12
395244,"York, PA",msa,PA,2018,187353.0,12
395244,"York, PA",msa,PA,2019,198383.0,12
395244,"York, PA",msa,PA,2020,216604.0,12
395244,"York, PA",msa,PA,2021,237246.0,12
395244,"York, PA",msa,PA,2022,264507.0,12
395244,"York, PA",msa,PA,2023,280748.0,12
395244,"York, PA",msa,PA,2024,293979.0,12
395244,"York, PA",msa,PA,2025,307218.0,12
395244,"York, PA",msa,PA,2026,312066.0,7
395245,"Youngstown, OH",msa,OH,2000,83215.0,12
395245,"Youngstown, OH",msa,OH,2001,86658.0,12
395245,"Youngstown, OH",msa,OH,2002,89056.0,12
395245,"Youngstown, OH",msa,OH,2003,91569.0,12
395245,"Youngstown, OH",msa,OH,2004,94784.0,12
395245,"Youngstown, OH",msa,OH,2005,97536.0,12
395245,"Youngstown, OH",msa,OH,2006,98057.0,12
395245,"Youngstown, OH",msa,OH,2007,96314.0,12
395245,"Youngstown, OH",msa,OH,2008,93473.0,12
395245,"Youngstown, OH",msa,OH,2009,87094.0,12
395245,"Youngstown, OH",msa,OH,2010,83060.0,12
395245,"Youngstown, OH",msa,OH,2011,79786.0,12
395245,"Youngstown, OH",msa,OH,2012,79261.0,12
395245,"Youngstown, OH",msa,OH,2013,81932.0,12
395245,"Youngstown, OH",msa,OH,2014,82885.0,12
395245,"Youngstown, OH",msa,OH,2015,87596.0,12
395245,"Youngstown, OH",msa,OH,2016,89760.0,12
395245,"Youngstown, OH",msa,OH,2017,93981.0,12
395245,"Youngstown, OH",msa,OH,2018,97822.0,12
395245,"Youngstown, OH",msa,OH,2019,103783.0,12
395245,"Youngstown, OH",msa,OH,2020,116597.0,12
395245,"Youngstown, OH",msa,OH,2021,131380.0,12
395245,"Youngstown, OH",msa,OH,2022,142631.0,12
395245,"Youngstown, OH",msa,OH,2023,150460.0,12
395245,"Youngstown, OH",msa,OH,2024,161296.0,12
395245,"Youngstown, OH",msa,OH,2025,170576.0,12
395245,"Youngstown, OH",msa,OH,2026,175260.0,7
395246,"Yuba City, CA",msa,CA,2004,188557.0,12
395246,"Yuba City, CA",msa,CA,2005,236661.0,12
395246,"Yuba City, CA",msa,CA,2006,235712.0,12
395246,"Yuba City, CA",msa,CA,2007,200298.0,12
395246,"Yuba City, CA",msa,CA,2008,159785.0,12
395246,"Yuba City, CA",msa,CA,2009,149452.0,12
395246,"Yuba City, CA",msa,CA,2010,145520.0,12
395246,"Yuba City, CA",msa,CA,2011,139278.0,12
395246,"Yuba City, CA",msa,CA,2012,148462.0,12
395246,"Yuba City, CA",msa,CA,2013,185846.0,12
395246,"Yuba City, CA",msa,CA,2014,207919.0,12
395246,"Yuba City, CA",msa,CA,2015,224723.0,12
395246,"Yuba City, CA",msa,CA,2016,247420.0,12
395246,"Yuba City, CA",msa,CA,2017,276161.0,12
395246,"Yuba City, CA",msa,CA,2018,294703.0,12
395246,"Yuba City, CA",msa,CA,2019,315530.0,12
395246,"Yuba City, CA",msa,CA,2020,351548.0,12
395246,"Yuba City, CA",msa,CA,2021,413989.0,12
395246,"Yuba City, CA",msa,CA,2022,431653.0,12
395246,"Yuba City, CA",msa,CA,2023,431290.0,12
395246,"Yuba City, CA",msa,CA,2024,442461.0,12
395246,"Yuba City, CA",msa,CA,2025,434803.0,12
395246,"Yuba City, CA",msa,CA,2026,433083.0,7
395247,"Yuma, AZ",msa,AZ,2002,120348.0,12
395247,"Yuma, AZ",msa,AZ,2003,126951.0,12
395247,"Yuma, AZ",msa,AZ,2004,146478.0,12
395247,"Yuma, AZ",msa,AZ,2005,200192.0,12
395247,"Yuma, AZ",msa,AZ,2006,221694.0,12
395247,"Yuma, AZ",msa,AZ,2007,211054.0,12
395247,"Yuma, AZ",msa,AZ,2008,178402.0,12
395247,"Yuma, AZ",msa,AZ,2009,152138.0,12
395247,"Yuma, AZ",msa,AZ,2010,142835.0,12
395247,"Yuma, AZ",msa,AZ,2011,120337.0,12
395247,"Yuma, AZ",msa,AZ,2012,116041.0,12
395247,"Yuma, AZ",msa,AZ,2013,122267.0,12
395247,"Yuma, AZ",msa,AZ,2014,128152.0,12
395247,"Yuma, AZ",msa,AZ,2015,133940.0,12
395247,"Yuma, AZ",msa,AZ,2016,139324.0,12
395247,"Yuma, AZ",msa,AZ,2017,146429.0,12
395247,"Yuma, AZ",msa,AZ,2018,156072.0,12
395247,"Yuma, AZ",msa,AZ,2019,166167.0,12
395247,"Yuma, AZ",msa,AZ,2020,187675.0,12
395247,"Yuma, AZ",msa,AZ,2021,228963.0,12
395247,"Yuma, AZ",msa,AZ,2022,262205.0,12
395247,"Yuma, AZ",msa,AZ,2023,268183.0,12
395247,"Yuma, AZ",msa,AZ,2024,275656.0,12
395247,"Yuma, AZ",msa,AZ,2025,279571.0,12
395247,"Yuma, AZ",msa,AZ,2026,279844.0,7
395248,"Zanesville, OH",msa,OH,2000,80767.0,12
395248,"Zanesville, OH",msa,OH,2001,83892.0,12
395248,"Zanesville, OH",msa,OH,2002,86741.0,12
395248,"Zanesville, OH",msa,OH,2003,89960.0,12
395248,"Zanesville, OH",msa,OH,2004,93962.0,12
395248,"Zanesville, OH",msa,OH,2005,98078.0,12
395248,"Zanesville, OH",msa,OH,2006,101773.0,12
395248,"Zanesville, OH",msa,OH,2007,105134.0,12
395248,"Zanesville, OH",msa,OH,2008,101640.0,12
395248,"Zanesville, OH",msa,OH,2009,97893.0,12
395248,"Zanesville, OH",msa,OH,2010,96790.0,12
395248,"Zanesville, OH",msa,OH,2011,95088.0,12
395248,"Zanesville, OH",msa,OH,2012,94939.0,12
395248,"Zanesville, OH",msa,OH,2013,99062.0,12
395248,"Zanesville, OH",msa,OH,2014,98781.0,12
395248,"Zanesville, OH",msa,OH,2015,105526.0,12
395248,"Zanesville, OH",msa,OH,2016,111055.0,12
395248,"Zanesville, OH",msa,OH,2017,117342.0,12
395248,"Zanesville, OH",msa,OH,2018,124436.0,12
395248,"Zanesville, OH",msa,OH,2019,133556.0,12
395248,"Zanesville, OH",msa,OH,2020,149484.0,12
395248,"Zanesville, OH",msa,OH,2021,164872.0,12
395248,"Zanesville, OH",msa,OH,2022,181707.0,12
395248,"Zanesville, OH",msa,OH,2023,195292.0,12
395248,"Zanesville, OH",msa,OH,2024,209373.0,12
395248,"Zanesville, OH",msa,OH,2025,210715.0,12
395248,"Zanesville, OH",msa,OH,2026,213504.0,7
753929,"Zapata, TX",msa,TX,2009,111775.0,12
753929,"Zapata, TX",msa,TX,2010,110658.0,12
753929,"Zapata, TX",msa,TX,2011,114933.0,12
753929,"Zapata, TX",msa,TX,2012,119486.0,12
753929,"Zapata, TX",msa,TX,2013,120951.0,12
753929,"Zapata, TX",msa,TX,2014,128774.0,12
753929,"Zapata, TX",msa,TX,2015,132608.0,12
753929,"Zapata, TX",msa,TX,2016,134192.0,12
753929,"Zapata, TX",msa,TX,2017,141239.0,12
753929,"Zapata, TX",msa,TX,2018,138647.0,12
753929,"Zapata, TX",msa,TX,2019,147954.0,12
753929,"Zapata, TX",msa,TX,2020,162445.0,12
753929,"Zapata, TX",msa,TX,2021,172631.0,12
753929,"Zapata, TX",msa,TX,2022,160858.0,12
753929,"Zapata, TX",msa,TX,2023,141903.0,12
753929,"Zapata, TX",msa,TX,2024,140747.0,12
753929,"Zapata, TX",msa,TX,2025,128162.0,12
753929,"Zapata, TX",msa,TX,2026,124768.0,7
